X,Y,Z
-31.804263,-114.695586,25.176538
-30.808108,-114.562207,25.176052
-29.785686,-114.404004,25.174851
-28.760161,-114.254863,25.173840
-27.672253,-114.120381,25.173289
-26.558674,-113.939277,25.171831
-25.541555,-113.837158,25.171750
-24.395430,-113.637031,25.169922
-23.275776,-113.493223,25.169197
-22.061364,-113.318828,25.168123
-21.006672,-113.203672,25.168394
-19.788506,-113.036592,25.168020
-18.774434,-112.864648,25.167024
-17.644514,-112.726748,25.167034
-16.392321,-112.565420,25.166868
-15.160507,-112.381240,25.166433
-14.104580,-112.218604,25.165950
-12.954537,-112.039219,25.165388
-11.907213,-111.934629,25.166082
-10.838118,-111.761543,25.165430
-9.791063,-111.631709,25.165598
-8.729576,-111.483301,25.165427
-7.714753,-111.337676,25.165193
-6.523635,-111.146240,25.164514
-5.299969,-110.961328,25.164521
-4.153775,-110.800898,25.164814
-3.131634,-110.652939,25.164978
-2.008876,-110.494209,25.165242
-0.923428,-110.358848,25.165857
0.131521,-110.225791,25.166404
1.358882,-110.020020,25.166055
2.567669,-109.866826,25.166680
3.682174,-109.725566,25.167251
4.695274,-109.573066,25.167314
5.714926,-109.436279,25.167683
6.896833,-109.223867,25.167058
8.052799,-109.064404,25.167402
9.096498,-108.920391,25.167324
10.248112,-108.766016,25.167327
11.502159,-108.601221,25.167405
12.701348,-108.421523,25.167017
13.764211,-108.261719,25.166665
14.796418,-108.106396,25.166335
15.904789,-107.942695,25.166035
16.997111,-107.798916,25.166077
18.264221,-107.638789,25.166267
19.276394,-107.487363,25.165969
20.275847,-107.357822,25.166042
21.333562,-107.171563,25.165159
22.378730,-107.043105,25.165393
23.472021,-106.871885,25.164905
24.483164,-106.744785,25.165063
25.586023,-106.607305,25.165269
26.764675,-106.398633,25.164216
27.867583,-106.280674,25.164797
28.931292,-106.099355,25.163989
30.061475,-105.942520,25.163850
31.210784,-105.794512,25.163945
32.376809,-105.627324,25.163696
33.514504,-105.467871,25.163533
34.533564,-105.330342,25.163484
35.593677,-105.148477,25.162654
36.765813,-105.015791,25.163118
37.862683,-104.861260,25.162944
38.947969,-104.707891,25.162759
40.075381,-104.554053,25.162681
41.284458,-104.385332,25.162512
42.500786,-104.193262,25.161892
43.856611,-104.010508,25.162917
44.927402,-103.856602,25.164009
45.947451,-103.718213,25.165251
47.028652,-103.571963,25.166567
48.102817,-103.404248,25.167390
49.277734,-103.248740,25.168889
50.357505,-103.089814,25.169927
51.642134,-102.913789,25.171448
52.713511,-102.763857,25.172639
53.829390,-102.587070,25.173433
54.852930,-102.445498,25.174612
55.887529,-102.325498,25.176309
56.966660,-102.130791,25.176565
58.035474,-101.999023,25.178140
59.212451,-101.852197,25.179392
60.420020,-101.666035,25.179055
61.529717,-101.480674,25.178442
62.647578,-101.333506,25.178691
63.672031,-101.221318,25.179414
64.808750,-101.047920,25.179146
65.837612,-100.875645,25.178567
66.965000,-100.734883,25.178970
68.016250,-100.570771,25.178638
69.108486,-100.443623,25.179236
70.141704,-100.269834,25.178650
71.143770,-100.169170,25.179543
72.178521,-99.994512,25.178938
73.280151,-99.860479,25.179417
74.408047,-99.670898,25.178403
75.597520,-99.523994,25.178462
76.709648,-99.336260,25.177434
77.810854,-99.200244,25.177490
78.866006,-99.069912,25.177539
79.979863,-98.881943,25.176516
81.147510,-98.737715,25.176555
82.173945,-98.610928,25.176611
83.317773,-98.419258,25.175581
84.541309,-98.268115,25.175642
85.623721,-98.084033,25.174607
86.745195,-97.945508,25.174666
87.912207,-97.801357,25.174780
89.155332,-97.597412,25.173970
90.376357,-97.446592,25.174158
91.402324,-97.269482,25.173315
92.411230,-97.144854,25.173452
93.511816,-97.008906,25.173613
94.543252,-96.831113,25.172786
95.600889,-96.681035,25.172551
96.752188,-96.521504,25.172371
97.835488,-96.390527,25.172588
98.939990,-96.227402,25.172229
100.096045,-96.069316,25.172090
101.286924,-95.902402,25.171992
102.339678,-95.733428,25.171487
103.369727,-95.608594,25.171858
104.406348,-95.446113,25.171458
105.468408,-95.276797,25.170972
106.542061,-95.155576,25.171555
107.860381,-94.986592,25.171831
108.879990,-94.804473,25.170959
110.067686,-94.667090,25.171531
111.179756,-94.488447,25.171001
112.233115,-94.361396,25.172090
113.231836,-94.218877,25.172722
114.272002,-94.081719,25.173616
115.451270,-93.888936,25.173843
116.640898,-93.698750,25.174167
117.652217,-93.558437,25.174888
118.726543,-93.433848,25.176174
119.783018,-93.272627,25.176616
120.817832,-93.127402,25.177332
121.876504,-92.962119,25.177837
123.041416,-92.809141,25.179011
124.040850,-92.671016,25.179890
125.230576,-92.496787,25.180718
126.569531,-92.300273,25.181650
127.681211,-92.162100,25.182942
128.710361,-92.006406,25.183542
129.758184,-91.883506,25.184917
130.851660,-91.722168,25.185669
131.956533,-91.555879,25.189839
133.040059,-91.375078,25.194148
134.309629,-91.217568,25.200320
135.428525,-91.033203,25.204819
136.693574,-90.880508,25.211057
137.743359,-90.703438,25.215200
138.845381,-90.568838,25.220598
140.069189,-90.416484,25.226523
141.105000,-90.236660,25.230515
142.303633,-90.086709,25.236301
143.359150,-89.935020,25.241008
144.361074,-89.809648,25.247107
145.466953,-89.612715,25.252651
146.551104,-89.468867,25.259099
147.608984,-89.321357,25.265256
148.685996,-89.168779,25.271460
149.734619,-89.050127,25.278123
150.817930,-88.878350,25.283989
151.937715,-88.733223,25.290723
153.115371,-88.574443,25.297678
154.181807,-88.381416,25.302964
155.182285,-88.251514,25.308982
156.252949,-88.113154,25.315430
157.261094,-87.983018,25.321487
158.533652,-87.768408,25.328125
159.629873,-87.626982,25.334478
160.638125,-87.496904,25.339514
161.662656,-87.353301,25.344399
162.670957,-87.219600,25.349348
163.684297,-87.033262,25.353264
164.868789,-86.873760,25.359038
165.902695,-86.734277,25.364067
167.088633,-86.574219,25.369836
168.160430,-86.429580,25.375061
169.154609,-86.295293,25.379902
170.288145,-86.142080,25.385413
171.501074,-85.927666,25.390269
172.669414,-85.769727,25.395945
173.690840,-85.631641,25.400913
174.765352,-85.486377,25.406150
175.797754,-85.346816,25.411279
176.815937,-85.178145,25.416841
177.964863,-85.020195,25.423767
179.147500,-84.856924,25.430891
180.233340,-84.706865,25.437422
181.528008,-84.527881,25.445205
182.666367,-84.390146,25.452449
183.700254,-84.196748,25.457646
184.825703,-84.039160,25.464377
185.949414,-83.880713,25.471074
187.061504,-83.723638,25.477727
188.345098,-83.542227,25.485410
189.440215,-83.387407,25.490911
190.551074,-83.230356,25.496006
191.695137,-83.099429,25.501814
192.747227,-82.931064,25.506274
193.936484,-82.780093,25.512051
195.060176,-82.613291,25.517068
196.201191,-82.438745,25.522058
197.215684,-82.293535,25.526667
198.322656,-82.147075,25.532046
199.347188,-82.009082,25.538630
200.443750,-81.860073,25.545649
201.433379,-81.703379,25.551584
202.635801,-81.532261,25.559136
203.707031,-81.414141,25.566516
204.773770,-81.256704,25.573118
205.961758,-81.083276,25.580103
207.002402,-80.929136,25.585959
208.131563,-80.767446,25.592407
209.283359,-80.634409,25.599583
210.322930,-80.483110,25.605491
211.533848,-80.317705,25.611423
212.568047,-80.158057,25.615457
213.820078,-79.985762,25.620725
215.114473,-79.807275,25.626165
216.202324,-79.648511,25.630654
217.359863,-79.482412,25.636367
218.666074,-79.301167,25.642952
219.852383,-79.131934,25.648833
221.004531,-78.946567,25.654761
222.202227,-78.776821,25.663418
223.356680,-78.643955,25.672290
224.685781,-78.461470,25.681401
225.745605,-78.297441,25.687261
226.889961,-78.093359,25.693323
227.933223,-77.949580,25.699771
229.136074,-77.715933,25.708340
230.204023,-77.479580,25.716814
231.204648,-77.240854,25.719504
232.226055,-76.970967,25.724197
233.413945,-76.634868,25.730310
234.668164,-76.254253,25.733870
235.959297,-75.733379,25.743938
237.064297,-75.185215,25.748843
238.094277,-74.715435,25.754714
239.114453,-74.104131,25.757517
240.067695,-73.534238,25.764805
240.950508,-72.955767,25.768789
241.754316,-72.357412,25.770862
242.659844,-71.639736,25.779619
243.564727,-70.859844,25.786619
244.395957,-70.117300,25.793215
245.210488,-69.347002,25.802866
245.952383,-68.590776,25.811389
246.745000,-67.668828,25.818569
247.415273,-66.840342,25.824312
248.024590,-65.995557,25.832378
248.671836,-65.088501,25.841860
249.270332,-64.119824,25.848462
249.870176,-63.123794,25.854177
250.485547,-61.938809,25.861138
250.968145,-60.955469,25.870779
251.414707,-59.822339,25.881780
251.865449,-58.702549,25.893062
252.230156,-57.566782,25.903154
252.533672,-56.607002,25.911433
252.793965,-55.504072,25.917734
253.015801,-54.291211,25.923525
253.233301,-53.141382,25.932876
253.362871,-52.129204,25.940247
253.465859,-51.064785,25.950156
253.526348,-49.968262,25.960640
253.525859,-48.741152,25.968623
253.500684,-47.437759,25.981763
253.406816,-46.199287,25.992896
253.255820,-45.148325,26.000471
253.112891,-43.995737,26.009651
252.870684,-42.880620,26.016272
252.635605,-41.691062,26.022451
252.391875,-40.658354,26.026443
252.164258,-39.555625,26.031013
251.903203,-38.536331,26.034546
251.643730,-37.427180,26.038865
251.386230,-36.296555,26.044065
251.121621,-35.220920,26.050271
250.899863,-34.066777,26.058259
250.622988,-32.904519,26.063523
250.411641,-31.923787,26.069136
250.161777,-30.850066,26.075190
249.897578,-29.820342,26.079846
249.662539,-28.727468,26.085178
249.336543,-27.465649,26.090105
249.066387,-26.305422,26.095120
248.771895,-24.944426,26.101357
248.534824,-23.969172,26.105254
248.245059,-22.780189,26.109980
248.008203,-21.798303,26.114355
247.788184,-20.701714,26.120872
247.492637,-19.652542,26.125400
247.259883,-18.604271,26.131147
246.974629,-17.355491,26.137842
246.743281,-16.346569,26.143984
246.509316,-15.332114,26.150222
246.208984,-14.226030,26.156157
245.993574,-13.223854,26.162632
245.681172,-11.991456,26.169658
245.429707,-10.917732,26.176226
245.136523,-9.628171,26.184333
244.881621,-8.540350,26.191011
244.635195,-7.443259,26.197959
244.347715,-6.259816,26.204819
244.087148,-5.221835,26.210322
243.815039,-3.977230,26.217776
243.542109,-2.839790,26.224082
243.280430,-1.769259,26.229895
243.025703,-0.595526,26.236885
242.764316,0.571758,26.243257
242.459473,1.746869,26.248662
242.253066,2.757510,26.254648
242.027539,3.759667,26.260068
241.779414,4.768013,26.265032
241.534727,5.865326,26.271069
241.269160,6.923660,26.276226
241.016094,7.919481,26.281006
240.739824,9.103779,26.287307
240.486133,10.200817,26.293208
240.227930,11.317277,26.299219
239.997559,12.305315,26.304541
239.756777,13.431519,26.311326
239.514004,14.560519,26.318096
239.213242,15.641683,26.322891
238.945488,16.815052,26.329551
238.708477,17.965200,26.336692
238.456934,18.995464,26.342131
238.162930,20.140586,26.348179
237.926504,21.344006,26.357283
237.629453,22.574368,26.365208
237.335879,23.787302,26.373015
237.092480,24.792927,26.379470
236.856016,25.803525,26.386182
236.605605,26.988335,26.394692
236.282070,28.256450,26.401868
236.062734,29.314187,26.408789
235.799707,30.281094,26.413574
235.553945,31.397520,26.420544
235.311914,32.495781,26.427388
235.091328,33.496299,26.433621
234.806328,34.556614,26.439741
234.527988,35.818757,26.450605
234.220430,37.213242,26.462600
233.894512,38.458862,26.472104
233.670781,39.473369,26.480835
233.450000,40.474351,26.489495
233.159512,41.559365,26.500244
232.871348,42.865869,26.514614
232.616855,44.019731,26.527295
232.282559,45.303262,26.540237
231.967285,46.732734,26.556406
231.664824,48.104058,26.575034
231.412402,49.158149,26.588911
231.126230,50.223506,26.602229
230.855820,51.459038,26.619065
230.614023,52.568896,26.634226
230.347773,53.557295,26.649150
230.112031,54.589448,26.665913
229.882109,55.618389,26.682734
229.620469,56.666914,26.699277
229.385781,57.805718,26.718335
229.121133,58.953149,26.737476
228.836855,60.085049,26.757749
228.582148,61.094990,26.775825
228.301992,62.203813,26.795649
228.037500,63.453467,26.819060
227.737617,64.763071,26.843262
227.447539,65.954966,26.868342
227.160762,67.088193,26.891982
226.920859,68.212031,26.916284
226.701016,69.193560,26.937305
226.382090,70.498022,26.964854
226.115410,71.604868,26.989685
225.818203,72.811367,27.016631
225.567871,74.035078,27.044927
225.337187,75.021670,27.067200
225.060313,76.148413,27.094375
224.849238,77.154326,27.120359
224.630820,78.173198,27.146584
224.337539,79.380977,27.177014
224.005332,80.692109,27.209797
223.725352,82.042432,27.245396
223.418945,83.390996,27.281672
223.146387,84.456787,27.309761
222.890254,85.540000,27.338713
222.640293,86.605449,27.367224
222.400039,87.650400,27.395332
222.144570,88.902920,27.433511
221.866934,89.991514,27.465696
221.610996,91.121055,27.499666
221.313437,92.407246,27.538252
221.045410,93.526357,27.572175
220.842285,94.511855,27.603228
220.609062,95.521816,27.634641
220.348809,96.635635,27.669243
220.046836,97.855264,27.706863
219.781758,98.891758,27.738621
219.539141,100.149521,27.781550
219.243223,101.289580,27.819417
218.963086,102.490332,27.859817
218.726914,103.536592,27.895144
218.527910,104.530830,27.930183
218.230859,105.727646,27.972251
217.971836,106.908252,28.014275
217.775371,107.901191,28.049944
217.499023,108.942168,28.086467
217.288320,110.018604,28.127791
217.030527,111.103047,28.168740
216.793262,112.148232,28.208384
216.520078,113.349434,28.253923
216.174844,114.634492,28.302717
215.982109,115.636445,28.343315
215.725313,116.706797,28.385874
215.472754,117.716172,28.425869
215.220703,118.936514,28.474988
214.951836,120.133809,28.523240
214.673496,121.196553,28.565791
214.410723,122.299629,28.610278
214.160566,123.498555,28.658672
213.933965,124.524453,28.699900
213.700879,125.501846,28.740051
213.405371,126.668867,28.788235
213.155371,127.747813,28.833088
212.859609,129.015664,28.886008
212.669492,130.067559,28.930715
212.417910,131.067256,28.973164
212.169414,132.196807,29.022388
211.903125,133.249551,29.069800
211.609766,134.384912,29.121340
211.371367,135.362617,29.165872
211.125918,136.388359,29.212651
210.775078,137.584648,29.268691
210.454453,138.803828,29.328164
210.058730,140.021934,29.386982
209.761270,141.002832,29.436418
209.413242,141.981729,29.489824
209.013691,142.901514,29.540442
208.626172,143.847314,29.592175
208.194453,144.824326,29.644417
207.726777,145.888115,29.700361
207.179902,147.017314,29.759336
206.722129,147.964531,29.810618
206.269629,148.907822,29.861892
205.783105,149.816230,29.910854
205.218516,150.904687,29.969229
204.562598,151.950498,30.026570
203.916621,153.025322,30.082876
203.386035,153.879727,30.127878
202.737793,154.783291,30.177512
202.077402,155.700859,30.231018
201.277871,156.706230,30.289795
200.642246,157.515664,30.334434
199.983691,158.310439,30.376658
199.141836,159.227539,30.428640
198.298203,160.214385,30.486785
197.447168,161.046152,30.540178
196.736465,161.823770,30.592085
195.931406,162.562070,30.641851
195.078535,163.368750,30.693677
194.319453,164.059551,30.739983
193.415430,164.901621,30.797473
192.581270,165.545156,30.844648
191.652676,166.314746,30.899578
190.593848,167.104355,30.959927
189.460039,167.922559,31.023762
188.560488,168.559355,31.074507
187.735352,169.134297,31.121189
186.694414,169.772305,31.176106
185.773359,170.350078,31.225520
184.635156,171.025195,31.288997
183.619160,171.593164,31.344849
182.425664,172.237441,31.406035
181.152500,172.890664,31.470481
180.190684,173.302324,31.516733
179.022910,173.798730,31.572776
178.015098,174.233828,31.621526
177.034531,174.612559,31.668386
175.939922,174.981211,31.722224
174.906797,175.374863,31.774790
173.853574,175.747168,31.825605
172.618887,176.144434,31.883198
171.400137,176.538398,31.939683
170.450273,176.850664,31.983982
169.211523,177.270332,32.041953
168.242285,177.536113,32.085063
167.250234,177.872461,32.130610
166.283359,178.181660,32.174199
165.222637,178.487871,32.220879
163.974648,178.885859,32.276885
162.855488,179.269102,32.327869
161.547715,179.670977,32.385532
160.187383,180.100566,32.442639
158.955664,180.488242,32.494316
157.895264,180.821992,32.538811
156.797061,181.160566,32.584810
155.815313,181.506309,32.626296
154.640791,181.833047,32.673809
153.279326,182.305469,32.729907
152.274609,182.611504,32.770845
151.256582,182.943750,32.812556
150.168975,183.266895,32.855686
148.992842,183.670137,32.900762
147.794316,184.049102,32.946382
146.712998,184.372656,32.987405
145.391279,184.820352,33.037935
144.411543,185.113516,33.075366
143.466934,185.448301,33.111755
142.350820,185.769648,33.154302
141.324268,186.135195,33.193848
140.064414,186.534199,33.242122
138.708867,186.967695,33.293972
137.494004,187.338145,33.337756
136.502979,187.671270,33.375801
135.415762,187.983965,33.415405
134.318174,188.345039,33.451877
133.312227,188.672832,33.485425
132.343184,188.987930,33.517761
131.208730,189.356523,33.555310
130.049854,189.709473,33.594448
128.925391,190.083730,33.631333
127.935020,190.402500,33.664197
126.919756,190.724023,33.696328
125.955205,191.022617,33.726528
124.661816,191.437930,33.766418
123.561855,191.755781,33.801780
122.381123,192.171543,33.833928
121.147412,192.524824,33.870430
120.184639,192.841602,33.897339
119.167998,193.175703,33.925706
118.070586,193.528301,33.953765
116.917197,193.875957,33.984214
115.759785,194.272051,34.011826
114.532666,194.622168,34.046765
113.256152,195.045273,34.082878
112.243848,195.348926,34.113174
111.261689,195.695273,34.140205
110.149805,196.053750,34.171096
109.131455,196.367070,34.199719
108.062178,196.719785,34.228667
107.074590,197.053340,34.254714
106.101934,197.383398,34.279771
105.136855,197.692168,34.305129
104.144463,198.094141,34.329734
102.342598,198.605332,34.377900
101.362744,198.976738,34.403291
100.419580,199.315566,34.427632
99.392881,199.705176,34.453003
98.405527,200.065117,34.477517
97.421123,200.421270,34.500801
96.310645,200.834238,34.527371
95.350332,201.208262,34.550247
94.282334,201.640176,34.575820
93.204834,202.030586,34.602812
92.157881,202.497148,34.627656
91.198857,202.861875,34.650859
90.162100,203.309648,34.675212
89.176221,203.738066,34.697881
88.246904,204.159668,34.718215
87.304404,204.615098,34.738450
86.382871,205.038809,34.758320
85.387256,205.532344,34.778909
84.260244,206.083789,34.802312
83.364053,206.533496,34.821140
82.419062,207.004707,34.841226
81.400986,207.493184,34.863164
80.433037,208.045859,34.881448
79.546816,208.524629,34.899148
78.471484,209.087305,34.921870
77.467378,209.718867,34.939771
76.582866,210.235957,34.956165
75.617520,210.816699,34.973760
74.696108,211.431699,34.990913
73.787593,211.986953,35.008870
72.843818,212.609434,35.026897
71.952866,213.212910,35.043674
71.105317,213.808535,35.059158
70.261196,214.403027,35.074558
69.246689,215.086309,35.093499
68.387476,215.672520,35.109402
67.493091,216.279199,35.125825
66.605571,216.972402,35.140923
65.766611,217.524063,35.156550
64.764038,218.284961,35.173884
63.932705,218.901133,35.188384
63.088169,219.546113,35.202886
62.219570,220.244414,35.217351
61.237197,221.005215,35.234624
60.370488,221.737363,35.249565
59.560732,222.418672,35.263555
58.764873,223.045156,35.277847
57.912056,223.792383,35.292119
57.026074,224.551836,35.307014
56.285420,225.264082,35.318547
55.428286,226.009141,35.332837
54.638066,226.716621,35.345764
53.860918,227.424199,35.358037
53.116094,228.150703,35.368997
52.365801,228.927246,35.379524
51.634370,229.622949,35.390515
50.758267,230.476523,35.403438
50.017227,231.209063,35.414163
49.263213,232.024219,35.424236
48.510825,232.771816,35.435081
47.770449,233.576270,35.444924
47.061631,234.375527,35.453540
46.370415,235.140605,35.461726
45.613149,235.963867,35.470811
44.958691,236.761172,35.477073
44.216675,237.588027,35.485161
43.595449,238.380898,35.490715
42.846079,239.279375,35.498184
42.184844,240.068184,35.504841
41.513691,240.906660,35.513042
40.813628,241.767246,35.521987
40.114111,242.628711,35.530930
39.438110,243.509961,35.539185
38.803726,244.349395,35.546809
38.098752,245.227676,35.555859
37.480112,246.083789,35.563062
36.889246,246.908340,35.569871
36.257991,247.778926,35.577251
35.634355,248.673320,35.583867
35.023337,249.593008,35.589771
34.205718,250.809375,35.597817
33.623845,251.646484,35.602375
33.026982,252.562969,35.606052
32.500100,253.456699,35.608406
31.862642,254.442754,35.613132
31.227205,255.507832,35.617681
30.628013,256.513691,35.621960
30.096663,257.440371,35.625774
29.611299,258.346074,35.628743
28.990803,259.395039,35.633567
28.522847,260.287051,35.635654
28.052017,261.186250,35.637666
27.552798,262.134004,35.639851
27.005193,263.164082,35.642512
26.511860,264.200566,35.643865
25.951287,265.252734,35.646699
25.418052,266.421543,35.648308
24.920327,267.375918,35.651094
24.488298,268.323398,35.652437
24.014185,269.395879,35.653691
23.441970,270.580801,35.656235
22.978457,271.704824,35.656819
22.407678,272.965605,35.658713
21.852095,274.281855,35.659646
21.457170,275.352227,35.659036
21.062847,276.297754,35.659661
20.676980,277.222891,35.660542
20.278735,278.337500,35.660015
19.926328,279.351172,35.658970
19.598906,280.303730,35.657744
19.264915,281.250234,35.656785
18.952849,282.214414,35.655349
18.640469,283.172324,35.653987
18.298230,284.184785,35.652966
17.993206,285.167813,35.651555
17.679203,286.224219,35.649727
17.373541,287.323848,35.646541
17.134952,288.300625,35.642434
16.865096,289.276484,35.639067
16.559991,290.301211,35.636711
16.279097,291.408359,35.633611
16.000574,292.649492,35.629294
15.735078,293.797637,35.625581
15.512649,294.848789,35.621697
15.218241,295.975820,35.618901
14.998389,297.213125,35.612415
14.733867,298.423613,35.607129
14.523085,299.428379,35.602527
14.320415,300.450977,35.596919
14.140269,301.538945,35.590107
13.920840,302.657715,35.583938
13.766450,303.765527,35.576726
13.573341,305.123652,35.567998
13.393265,306.280020,35.560847
13.254377,307.623906,35.550667
13.106556,308.919707,35.541184
12.965236,309.954863,35.534934
12.912629,311.014609,35.526780
12.777214,312.122949,35.520181
12.701245,313.191484,35.512227
12.645592,314.202148,35.504043
12.584850,315.367734,35.494546
12.512805,316.615469,35.483770
12.449222,317.701387,35.474187
12.407723,318.788633,35.464177
12.408950,319.871211,35.453872
12.370513,321.008848,35.444026
12.368364,322.163242,35.432969
12.360876,323.200645,35.423123
12.355266,324.272891,35.412354
12.350107,325.518789,35.399460
12.375933,326.924844,35.384712
12.434601,328.425117,35.368496
12.482778,329.790781,35.354365
12.531104,331.042617,35.341316
12.581499,332.208516,35.328984
12.636213,333.379609,35.316482
12.743541,334.745977,35.300857
12.800413,335.912070,35.288535
12.919680,337.240938,35.273120
13.074698,338.724922,35.255662
13.200403,339.788281,35.242737
13.351509,340.927031,35.228311
13.471575,341.987344,35.215432
13.709574,343.396602,35.196189
13.840779,344.443945,35.183162
14.047825,345.559961,35.167859
14.288828,346.779180,35.150996
14.494252,347.796406,35.137512
14.699263,348.913281,35.123008
14.990154,350.253984,35.103325
15.306882,351.719531,35.082314
15.547483,352.867734,35.066479
15.822677,353.985156,35.049521
16.101163,355.136328,35.030784
16.381445,356.134805,35.013428
16.678669,357.384492,34.993652
16.967339,358.377930,34.976812
17.231102,359.360938,34.960750
17.493477,360.374648,34.944385
17.816936,361.442070,34.924751
18.180381,362.639883,34.902705
18.530527,363.797344,34.881436
18.909299,365.069727,34.857529
19.219492,366.075781,34.837964
19.567056,367.026523,34.817859
19.870103,368.013516,34.798706
20.224636,369.167852,34.776260
20.596521,370.375703,34.752705
20.995603,371.562891,34.728435
21.350752,372.733828,34.705654
21.801592,374.016758,34.676492
22.155020,375.130156,34.651956
22.477141,376.128008,34.629780
22.801282,377.203438,34.606606
23.096841,378.160586,34.583918
23.443962,379.292305,34.556497
23.788840,380.290898,34.531052
24.141257,381.516250,34.502117
24.574126,382.839453,34.469128
24.932930,384.006367,34.437466
25.226387,384.967305,34.411443
25.522288,386.020820,34.383667
25.860645,387.110625,34.353975
26.177456,388.067617,34.327258
26.538015,389.241602,34.293042
26.871758,390.335547,34.260620
27.271868,391.587852,34.223105
27.625461,392.725000,34.189258
27.927473,393.678477,34.160752
28.227227,394.693281,34.130996
28.579846,395.857813,34.096702
28.917344,396.967305,34.063994
29.338940,398.357773,34.023032
29.691775,399.611680,33.986646
30.036851,400.620977,33.957107
30.312888,401.588984,33.930027
30.626272,402.553398,33.902288
30.970583,403.732656,33.869146
31.292612,404.767383,33.834370
31.672104,405.958672,33.794219
31.990603,407.003125,33.759265
32.312451,408.139492,33.720359
32.690127,409.407656,33.674182
33.095034,410.694023,33.627053
33.401804,411.704180,33.590825
33.686047,412.812227,33.552510
34.028779,413.956523,33.512173
34.399507,415.242148,33.464167
34.718054,416.319023,33.424607
35.041116,417.565469,33.382556
35.387544,418.836563,33.336475
35.730352,420.236289,33.284553
36.111079,421.738672,33.227395
36.384377,422.741250,33.189570
36.651472,423.786758,33.151658
37.006377,425.164648,33.101672
37.273691,426.272852,33.058914
37.533660,427.415898,33.014878
37.758359,428.503711,32.972607
38.020300,429.543789,32.931897
38.253135,430.529180,32.893367
38.534214,431.655039,32.852876
38.765581,432.777422,32.812922
38.988428,433.885625,32.773372
39.259751,435.009297,32.733230
39.477515,436.041875,32.693721
39.739287,437.173086,32.648931
39.995830,438.407656,32.599841
40.199111,439.515117,32.555588
40.431768,440.605898,32.512568
40.610464,441.699766,32.469841
40.810063,442.749844,32.428960
41.022935,443.757148,32.390620
41.228130,445.008320,32.342507
41.436899,446.040859,32.303208
41.615625,447.139766,32.260781
41.845488,448.380234,32.213955
42.016865,449.417422,32.175212
42.239805,450.594570,32.132297
42.404707,451.705586,32.092419
42.654360,452.980352,32.049866
42.797808,454.032578,32.009324
42.954829,455.202734,31.965266
43.173618,456.469023,31.921204
43.379243,457.879414,31.872209
43.516338,458.931289,31.835713
43.683721,459.950703,31.800884
43.814937,461.252891,31.756035
43.979414,462.278164,31.721936
44.145264,463.502383,31.680886
44.288008,464.500195,31.647683
44.405342,465.646016,31.608823
44.550449,466.963633,31.563716
44.732510,468.237656,31.520417
44.892329,469.663203,31.473865
45.013501,470.906797,31.432751
45.160078,471.968906,31.398101
45.273042,473.153047,31.357756
45.354707,474.195234,31.321123
45.463760,475.455820,31.279805
45.602139,476.569961,31.245642
45.668223,477.817852,31.205820
45.802725,479.137656,31.163945
45.902285,480.459922,31.119116
46.003311,481.672695,31.077849
46.102798,482.883984,31.035967
46.176763,483.944531,30.999375
46.272183,485.161445,30.961357
46.328311,486.413047,30.922852
46.411450,487.470313,30.891279
46.450205,488.596758,30.854519
46.524629,489.839297,30.813420
46.568853,491.165195,30.768264
46.603179,492.584688,30.720005
46.683066,493.999102,30.673608
46.736353,495.327695,30.629395
46.776851,496.338984,30.598416
46.816870,497.380508,30.566716
46.840913,498.507070,30.532432
46.852793,499.542500,30.501492
46.891733,500.658203,30.468735
46.899771,501.938086,30.429644
46.956958,503.235508,30.385190
46.964614,504.734102,30.332356
46.972397,506.335977,30.280273
46.958516,507.528867,30.245532
46.963608,508.610313,30.213110
46.970229,510.016523,30.171169
46.925752,511.188867,30.136138
46.931304,512.367930,30.100234
46.888267,513.562266,30.061670
46.895049,514.574844,30.032712
46.852964,515.693555,29.999871
46.811313,516.841289,29.969639
46.815464,518.141562,29.935444
46.734551,519.438516,29.895259
46.687646,520.556406,29.861743
46.669819,521.632656,29.831016
46.621748,522.655859,29.801487
46.575928,523.694375,29.772305
46.527891,524.766797,29.742981
46.474419,525.979570,29.711592
46.423149,527.147734,29.681709
46.347773,528.169961,29.655591
46.302095,529.207969,29.630037
46.255640,530.210898,29.605012
46.149370,531.414688,29.573545
46.100894,532.451328,29.547891
46.003379,533.465859,29.522930
45.904058,534.518828,29.497063
45.846196,535.755352,29.468582
45.688340,536.989219,29.438262
45.572881,538.386797,29.405525
45.468979,539.537422,29.377932
45.368643,540.611836,29.351904
45.210562,541.850625,29.320867
45.110083,542.928008,29.295413
44.981274,544.102383,29.268381
44.876797,545.122266,29.245098
44.784390,546.153906,29.221885
44.621445,547.325938,29.194895
44.515894,548.423477,29.171733
44.380820,549.500313,29.148201
44.283535,550.565156,29.125857
44.136157,551.577500,29.103381
43.996011,552.862344,29.077764
43.851270,553.927383,29.055781
43.739409,554.989883,29.034700
43.627134,556.062969,29.013416
43.460186,557.215000,28.989392
43.350537,558.242773,28.968997
43.216714,559.244727,28.948406
43.076060,560.400352,28.925000
42.953350,561.398633,28.904717
42.817607,562.447969,28.883201
42.691333,563.689492,28.858381
42.568276,564.750742,28.836628
42.435742,566.018398,28.811069
42.234365,567.291602,28.783848
42.133940,568.456328,28.762305
41.992773,569.683086,28.738621
41.820923,570.753008,28.716597
41.689209,571.834609,28.698970
41.569502,572.923555,28.688113
41.468794,574.026523,28.677700
41.276821,575.302383,28.663645
41.151299,576.398203,28.648804
41.010439,577.667891,28.631113
40.882773,578.785859,28.615435
40.741523,579.783672,28.601079
40.623398,580.915508,28.586611
40.467769,582.181250,28.569851
40.353042,583.307227,28.555601
40.166411,584.629609,28.537754
40.025684,585.986523,28.520671
39.907334,587.126445,28.506377
39.739932,588.254531,28.491025
39.641895,589.279258,28.478555
39.484404,590.416523,28.463672
39.337070,591.545195,28.449124
39.230991,592.685938,28.436902
39.052769,593.961523,28.423406
38.949482,595.053672,28.413113
38.797476,596.131758,28.401353
38.699282,597.186172,28.390488
38.557808,598.187773,28.378992
38.449077,599.308906,28.367742
38.298850,600.366680,28.357561
38.201365,601.408516,28.348806
38.021846,602.672500,28.337185
37.914641,603.782852,28.330737
37.744092,604.983672,28.322407
37.602144,606.338633,28.313984
37.428118,607.563945,28.304309
37.336733,608.562969,28.297598
37.181663,609.654766,28.289304
37.081182,610.717813,28.282959
36.905547,611.954375,28.274822
36.793384,613.099687,28.268970
36.615625,614.432969,28.261208
36.493459,615.621172,28.255415
36.379480,616.639844,28.250508
36.257024,617.665664,28.245415
36.101824,618.677930,28.239690
36.007734,619.716836,28.234172
35.854644,620.731094,28.227134
35.761294,621.735000,28.221482
35.627532,622.730234,28.214556
35.491799,623.793125,28.207668
35.386375,624.805625,28.203000
35.272810,625.864336,28.198093
35.126243,626.986406,28.194148
35.006892,628.059648,28.191824
34.902979,629.086953,28.189829
34.757205,630.150117,28.186873
34.620107,631.199805,28.184148
34.516335,632.406563,28.182568
34.353364,633.487266,28.179446
34.277510,634.492031,28.178347
34.100791,635.644570,28.174868
34.019431,636.690625,28.173660
33.879722,637.781836,28.171055
33.768564,638.804180,28.170183
33.616289,639.886328,28.168428
33.502542,640.953398,28.167544
33.351870,641.959023,28.165718
33.250972,642.969375,28.165039
33.148000,644.000508,28.164341
32.993914,645.040313,28.162693
32.892434,646.056406,28.162236
32.731143,647.168437,28.160640
32.609648,648.262734,28.159868
32.500632,649.309062,28.159304
32.393149,650.322969,28.158704
32.221147,651.470977,28.157817
32.125608,652.620313,28.159177
31.976660,653.726016,28.159204
31.857637,654.792344,28.159785
31.713884,655.883906,28.159890
31.545442,657.097188,28.159807
31.433057,658.121484,28.159636
31.312793,659.149297,28.159207
31.204290,660.265703,28.159260
31.078320,661.322813,28.158787
30.939036,662.396328,28.158022
30.802354,663.449766,28.157280
30.671831,664.455781,28.157090
30.588416,665.487266,28.158137
30.457261,666.498047,28.158013
30.325659,667.512344,28.157903
30.173806,668.682656,28.157756
30.035789,669.731172,28.157527
29.941167,670.808594,28.158218
29.812400,671.890156,28.158098
29.683279,673.059609,28.158245
29.509456,674.244219,28.157251
29.387187,675.282891,28.157178
29.277383,676.287578,28.157417
29.172930,677.327031,28.158125
29.008445,678.500469,28.157710
28.890723,679.714531,28.158645
28.725581,680.786641,28.157876
28.624258,681.859297,28.158772
28.510239,682.906563,28.158147
28.341057,683.979063,28.156025
28.222517,685.217500,28.155420
28.075876,686.245703,28.153752
27.942463,687.408594,28.152656
27.792971,688.694609,28.151384
27.631387,690.074297,28.149985
27.479446,691.369375,28.148679
27.319087,692.474219,28.146812
27.204883,693.614609,28.146101
27.082429,694.651641,28.145161
26.953870,695.683672,28.144053
26.803025,696.894453,28.142749
26.643826,698.172422,28.141494
26.494517,699.370937,28.140671
26.393804,700.426484,28.141077
26.256104,701.464609,28.141970
26.138923,702.495156,28.143369
26.005413,703.648047,28.145093
25.837505,704.718047,28.145632
25.729734,705.716172,28.147341
25.616514,706.773047,28.150383
25.457393,708.010859,28.153450
25.292488,709.508750,28.157847
25.177034,710.543828,28.160681
25.060959,711.579219,28.163235
24.903284,712.985625,28.166711
24.732993,714.055859,28.168276
24.594478,715.289609,28.170984
24.458362,716.493594,28.173262
24.337300,717.561328,28.175264
24.210996,718.673906,28.177434
24.044797,719.747578,28.179978
23.925906,720.804062,28.183440
23.783804,721.844766,28.186416
23.663188,723.045234,28.191152
23.496682,724.192031,28.195422
23.365229,725.435156,28.201855
23.180801,726.690000,28.207258
23.067422,727.804844,28.213127
22.927393,728.875313,28.218086
22.768999,729.890703,28.222073
22.678872,730.949453,28.227751
22.509407,732.040313,28.233123
22.399158,733.053828,28.240178
22.290161,734.056719,28.246904
22.120088,735.161016,28.252681
21.996702,736.298828,28.259709
21.874849,737.422578,28.268081
21.686060,738.699844,28.276580
21.568999,739.779453,28.283755
21.391353,740.953984,28.291880
21.250376,742.254219,28.301567
21.108743,743.560391,28.310549
20.981904,744.730234,28.319543
20.807036,745.879141,28.327002
20.699109,746.874531,28.333704
20.567559,748.087734,28.342781
20.408374,749.383516,28.355073
20.294104,750.454922,28.365276
20.176050,751.566641,28.375452
20.025183,752.803281,28.386729
19.909194,753.895313,28.397566
19.777573,754.973047,28.408694
19.619277,756.040469,28.419812
19.487231,757.359063,28.434507
19.324548,758.484688,28.445532
19.157634,759.655078,28.457092
19.012910,760.802891,28.469004
18.792510,762.000859,28.480598
18.644114,763.066328,28.492913
18.449241,764.140938,28.505459
18.292302,765.175859,28.517515
18.123110,766.261484,28.529541
17.932390,767.301719,28.541892
17.744327,768.572188,28.558364
17.506049,769.828359,28.573652
17.343933,770.951250,28.589731
17.149530,771.969531,28.603755
17.004863,772.986797,28.619617
16.798939,774.057188,28.635269
16.600853,775.086563,28.651248
16.452875,776.119922,28.669597
16.232704,777.263906,28.689370
16.079447,778.324766,28.708618
15.901438,779.337500,28.725789
15.739845,780.376562,28.744124
15.528195,781.538750,28.763516
15.291193,782.765156,28.779790
15.141697,783.811953,28.796213
14.967413,784.866328,28.811328
14.781854,785.952969,28.831331
14.597423,787.031094,28.852639
14.413890,788.103438,28.869443
14.199696,789.354766,28.887319
14.018203,790.415000,28.898064
13.817136,791.589453,28.910640
13.586121,792.757969,28.922876
13.425568,793.811172,28.937566
13.257587,794.907891,28.953904
13.083206,795.924922,28.969504
12.891233,797.010000,28.984971
12.675674,798.211641,28.999729
12.467545,799.367266,29.013445
12.226833,800.701719,29.032202
12.024543,801.822422,29.050132
11.793263,802.822109,29.061221
11.553938,803.866406,29.071472
11.321447,804.872734,29.081082
11.044264,805.844766,29.087756
10.688303,806.971641,29.092678
10.315082,807.912656,29.096160
9.971917,808.968594,29.100969
9.509629,810.121328,29.101606
9.069963,811.148906,29.103022
8.540930,812.184766,29.099038
8.092352,813.120781,29.095737
7.540733,814.101250,29.084690
7.010480,815.100391,29.081980
6.444471,815.965000,29.074629
5.819882,816.920703,29.070012
5.084658,818.061563,29.068123
4.425501,818.968359,29.056484
3.676454,819.900703,29.043279
3.047298,820.732734,29.033113
2.324292,821.546953,29.019248
1.612128,822.330703,29.004658
0.910001,823.097656,28.991904
0.194367,823.818906,28.976033
-0.707473,824.670859,28.953792
-1.540002,825.450078,28.935952
-2.534711,826.256250,28.912842
-3.431314,826.998438,28.890015
-4.253818,827.605000,28.868943
-5.188324,828.304844,28.848235
-6.158049,828.938125,28.825007
-7.122743,829.524688,28.801323
-8.026291,830.078047,28.784668
-8.906865,830.561719,28.768245
-9.928090,831.023047,28.749351
-11.060023,831.498594,28.741172
-12.067606,831.881875,28.728186
-13.104122,832.186484,28.712991
-14.105735,832.423281,28.697478
-15.148656,832.586250,28.686936
-16.147635,832.749531,28.675759
-17.180101,832.830859,28.667434
-18.220618,832.863281,28.660684
-19.254563,832.822891,28.655505
-20.362604,832.692188,28.642271
-21.398187,832.566484,28.634944
-22.501685,832.377422,28.625542
-23.553662,832.126250,28.616682
-24.607173,831.837578,28.608657
-25.857322,831.367188,28.597712
-26.848049,830.922344,28.588638
-27.889065,830.396953,28.584163
-28.937432,829.818906,28.574529
-29.928123,829.181094,28.568330
-30.754377,828.591875,28.562676
-31.685493,827.856641,28.551841
-32.464546,827.195859,28.543462
-33.230215,826.531406,28.535879
-34.006570,825.781641,28.524001
-34.854531,824.945078,28.513328
-35.632397,824.119766,28.501274
-36.460776,823.178437,28.484998
-37.153638,822.370391,28.470110
-37.815854,821.565000,28.456487
-38.555608,820.623672,28.438774
-39.195386,819.788516,28.423577
-39.869993,818.923516,28.407839
-40.460752,818.049297,28.388831
-41.037524,817.159141,28.369939
-41.609609,816.272812,28.351062
-42.217620,815.280156,28.329109
-42.792998,814.229453,28.306382
-43.437747,813.081406,28.280837
-43.979160,812.076016,28.258176
-44.440693,811.181094,28.239280
-44.874077,810.189922,28.216577
-45.331172,809.140703,28.191672
-45.715581,808.183750,28.167214
-46.117935,807.200781,28.141677
-46.477510,806.163984,28.111760
-46.837251,805.228047,28.085767
-47.191865,804.135938,28.055215
-47.564185,802.991406,28.023354
-47.968145,801.760078,27.988530
-48.292612,800.781563,27.959773
-48.615859,799.710938,27.927397
-49.011704,798.603516,27.894485
-49.382207,797.430781,27.860715
-49.786831,796.327891,27.830166
-50.139575,795.280234,27.800618
-50.431997,794.271719,27.771577
-50.779580,793.210234,27.742271
-51.228267,791.999297,27.709985
-51.589858,790.884297,27.679678
-51.997261,789.648281,27.646658
-52.308140,788.671953,27.620557
-52.670649,787.700625,27.596445
-53.000410,786.619531,27.568591
-53.365425,785.643516,27.545337
-53.781729,784.387578,27.514678
-54.085308,783.433125,27.491716
-54.409907,782.424766,27.467654
-54.715684,781.469609,27.445576
-55.074077,780.375469,27.420776
-55.568301,779.027500,27.391089
-55.959478,777.810469,27.363123
-56.273521,776.804688,27.340549
-56.627070,775.830078,27.319719
-56.997422,774.704219,27.294790
-57.404023,773.437266,27.266472
-57.728706,772.356328,27.243357
-58.097539,771.150000,27.218369
-58.423291,770.157266,27.198206
-58.750972,769.121875,27.176921
-59.088154,768.047656,27.155327
-59.356440,767.080547,27.135415
-59.723833,765.867500,27.111687
-60.008125,764.738203,27.088523
-60.404614,763.345547,27.060745
-60.670933,762.357109,27.041074
-60.944976,761.241797,27.018999
-61.243022,760.160078,26.999016
-61.504102,759.181875,26.981562
-61.793955,758.020313,26.958711
-62.068145,756.846641,26.935059
-62.408994,755.621016,26.911899
-62.634595,754.623438,26.892859
-62.870859,753.587813,26.872190
-63.158047,752.369219,26.847441
-63.504316,751.124922,26.824548
-63.764409,750.003828,26.802869
-64.090747,748.676328,26.777507
-64.364243,747.466406,26.753977
-64.682407,746.246641,26.732085
-65.002891,744.894375,26.708411
-65.303105,743.685313,26.690632
-65.628218,742.325391,26.670640
-65.851973,741.302969,26.655376
-66.201812,739.986172,26.638264
-66.424741,739.003125,26.624958
-66.684048,737.844141,26.609294
-66.980469,736.662031,26.594492
-67.294683,735.369141,26.579023
-67.565449,734.194609,26.564763
-67.864326,733.140703,26.553779
-68.086499,732.040469,26.540537
-68.363389,731.026875,26.529758
-68.627598,729.913750,26.519341
-68.919448,728.680078,26.507817
-69.174077,727.551563,26.497043
-69.447178,726.558359,26.488704
-69.700615,725.521875,26.479343
-69.970112,724.352188,26.469124
-70.214268,723.294219,26.461228
-70.450073,722.272656,26.453601
-70.767119,721.121562,26.446567
-71.011997,720.060781,26.439470
-71.286055,718.960391,26.432561
-71.534736,717.874297,26.426372
-71.867622,716.639297,26.421316
-72.097412,715.630625,26.416184
-72.346885,714.660703,26.412798
-72.623975,713.569531,26.409758
-72.869214,712.471641,26.405901
-73.209370,711.178047,26.403145
-73.512573,709.960625,26.401416
-73.812866,708.770469,26.399817
-74.047852,707.759453,26.397820
-74.350117,706.777266,26.397341
-74.588149,705.765156,26.395066
-74.877271,704.651875,26.393188
-75.166060,703.562891,26.391497
-75.565625,702.241172,26.391199
-75.956953,700.749219,26.391155
-76.291992,699.667422,26.393628
-76.655098,698.477734,26.397341
-76.979932,697.434062,26.401025
-77.353896,696.202813,26.405532
-77.711401,695.034297,26.409773
-78.097334,693.831094,26.412988
-78.469814,692.792969,26.416855
-78.837300,691.571953,26.419810
-79.277241,690.234531,26.424878
-79.608696,689.251172,26.428850
-80.036831,688.002187,26.434680
-80.389287,686.874219,26.441353
-80.740791,685.834609,26.448276
-81.100728,684.803516,26.455466
-81.491689,683.648203,26.463469
-81.868330,682.544766,26.479097
-82.305786,681.266875,26.497227
-82.705161,680.101250,26.513782
-83.031621,678.994219,26.528010
-83.370850,678.004688,26.541853
-83.773457,676.831328,26.557505
-84.186582,675.721563,26.573215
-84.543809,674.684531,26.587131
-84.902344,673.493594,26.601675
-85.280039,672.400703,26.616384
-85.623262,671.408437,26.630291
-86.002891,670.312891,26.645789
-86.374619,669.240312,26.660962
-86.733975,668.203438,26.675615
-87.145205,667.016875,26.692395
-87.526895,665.762812,26.708633
-87.878193,664.716016,26.726326
-88.225254,663.730156,26.743604
-88.633857,662.562109,26.763982
-89.041582,661.391406,26.784377
-89.352080,660.367891,26.800845
-89.747646,659.235937,26.820771
-90.216270,657.859297,26.844783
-90.627090,656.729375,26.863809
-90.963779,655.691641,26.881045
-91.325859,654.541172,26.900076
-91.725156,653.466094,26.918240
-92.043584,652.478438,26.934629
-92.419971,651.310742,26.953872
-92.898320,649.989531,26.976094
-93.230615,648.958477,26.993997
-93.694785,647.681250,27.017056
-94.005361,646.701641,27.033994
-94.344463,645.738203,27.050908
-94.714863,644.655430,27.068591
-95.057256,643.547031,27.085732
-95.459561,642.486953,27.104065
-95.779863,641.450156,27.119590
-96.090986,640.492148,27.132764
-96.427227,639.535234,27.146580
-96.832578,638.352070,27.163408
-97.264502,637.109531,27.181528
-97.612686,636.028047,27.196504
-97.970840,635.062813,27.210364
-98.299023,634.026992,27.224700
-98.741895,632.823984,27.242227
-99.062725,631.807695,27.256479
-99.442461,630.685625,27.272483
-99.833398,629.529883,27.288967
-100.190742,628.516250,27.303584
-100.543887,627.503828,27.318135
-100.903477,626.439062,27.333027
-101.297617,625.270703,27.349468
-101.671611,624.161875,27.365061
-102.090059,622.921094,27.382344
-102.482568,621.757227,27.398354
-102.813037,620.777305,27.411843
-103.142090,619.825156,27.425183
-103.479414,618.793711,27.436072
-103.813525,617.772070,27.446721
-104.144834,616.759063,27.457285
-104.663369,615.260352,27.473643
-105.027734,614.287734,27.484841
-105.363564,613.281172,27.495349
-105.698271,612.194727,27.505955
-106.083906,611.054297,27.517712
-106.462764,609.935078,27.527793
-106.904375,608.746406,27.539495
-107.281094,607.548750,27.549558
-107.674922,606.451875,27.559993
-108.040117,605.347695,27.569734
-108.417363,604.280625,27.579749
-108.758076,603.206875,27.588843
-109.085459,602.241680,27.597544
-109.465166,601.140820,27.606619
-109.829307,600.028398,27.613516
-110.193750,599.070938,27.620730
-110.523936,598.048320,27.626956
-110.901426,596.878945,27.634082
-111.376543,595.569922,27.643369
-111.785918,594.301797,27.651089
-112.139189,593.207422,27.657749
-112.539346,592.130586,27.665630
-112.901963,591.007305,27.672117
-113.342510,589.805313,27.676892
-113.709619,588.668164,27.680125
-114.092324,587.494219,27.683552
-114.447061,586.531563,27.687432
-114.772783,585.553359,27.690461
-115.105400,584.581563,27.693718
-115.443125,583.598828,27.697029
-115.770264,582.494609,27.699392
-116.201455,581.242266,27.703679
-116.681768,579.847734,27.707937
-117.034277,578.824297,27.709509
-117.421592,577.699961,27.711252
-117.873506,576.388086,27.713279
-118.199746,575.441016,27.714739
-118.529922,574.482500,27.716228
-118.894766,573.423477,27.717854
-119.251523,572.234414,27.718401
-119.629717,571.136641,27.720100
-120.095127,569.785742,27.722197
-120.624941,568.316172,27.725034
-120.975449,567.261992,27.725063
-121.265176,566.286172,27.723579
-121.683037,565.096289,27.723347
-122.033926,564.097148,27.723154
-122.397930,563.089805,27.723215
-122.787285,561.897500,27.722258
-123.218311,560.597734,27.721392
-123.601348,559.427930,27.720479
-124.057656,558.062148,27.719641
-124.440957,557.035195,27.720000
-124.771641,556.006328,27.719050
-125.111133,554.953828,27.718215
-125.562803,553.600859,27.717505
-125.928623,552.620859,27.718123
-126.293496,551.500469,27.717800
-126.617139,550.490508,27.717419
-127.029482,549.324062,27.717739
-127.440186,548.070078,27.717444
-127.774180,547.112656,27.717610
-128.153760,546.005391,27.717686
-128.533809,544.884805,27.717659
-128.958984,543.622422,27.717593
-129.376064,542.379805,27.717488
-129.741631,541.351758,27.717817
-130.216348,539.998672,27.718108
-130.565684,538.886758,27.717529
-130.958477,537.682539,27.717034
-131.339521,536.589375,27.717205
-131.774248,535.354258,27.717439
-132.125713,534.359844,27.717651
-132.460068,533.265820,27.716565
-132.848613,532.169688,27.716831
-133.307676,530.875703,27.717146
-133.680645,529.674961,27.716101
-134.003291,528.707227,27.715820
-134.394824,527.636758,27.716379
-134.736650,526.628516,27.716228
-135.087900,525.630508,27.716421
-135.444902,524.508555,27.715645
-135.850918,523.283594,27.715232
-136.244795,522.212852,27.715859
-136.622363,521.004180,27.714851
-137.111055,519.643203,27.715337
-137.588467,518.193516,27.714778
-137.932275,517.130937,27.714209
-138.388457,515.867148,27.714705
-138.715088,514.836992,27.713843
-139.095898,513.813398,27.714395
-139.444277,512.699687,27.713342
-139.827852,511.579922,27.713125
-140.240400,510.375273,27.712869
-140.736553,508.873281,27.712119
-141.095430,507.830938,27.711951
-141.436143,506.779414,27.711262
-141.874141,505.576914,27.711663
-142.293262,504.376563,27.711619
-142.714814,503.009766,27.710190
-143.151592,501.840859,27.710854
-143.479766,500.752969,27.709534
-143.931680,499.428008,27.709216
-144.278027,498.457578,27.709370
-144.667812,497.376406,27.709634
-145.078779,496.080312,27.708552
-145.433740,495.132656,27.709114
-145.809512,494.014922,27.708713
-146.204219,492.846719,27.708350
-146.581797,491.618398,27.707051
-146.981699,490.427617,27.706785
-147.353604,489.374492,27.707295
-147.820010,488.053828,27.707939
-148.172822,486.905078,27.707217
-148.556514,485.768711,27.707344
-149.005596,484.544844,27.708340
-149.386201,483.348047,27.707900
-149.831953,482.050195,27.708225
-150.237109,480.943984,27.709111
-150.553086,479.935898,27.708635
-150.885283,478.966758,27.708855
-151.237744,477.993828,27.709548
-151.649355,476.709766,27.709153
-152.057939,475.580547,27.709934
-152.500811,474.209531,27.709602
-152.933057,472.867773,27.709248
-153.291963,471.875742,27.709934
-153.669551,470.832031,27.710649
-154.030771,469.686602,27.710166
-154.389678,468.692305,27.710833
-154.733350,467.689258,27.711055
-155.114727,466.552344,27.711125
-155.555957,465.223242,27.711096
-155.875137,464.257344,27.711016
-156.213105,463.232461,27.710935
-156.572412,462.141563,27.710815
-157.057520,460.828555,27.711990
-157.395479,459.802578,27.711533
-157.729258,458.789062,27.710962
-158.064531,457.769375,27.710361
-158.433164,456.647461,27.709700
-158.845762,455.551797,27.710356
-159.278330,454.235039,27.709578
-159.607725,453.232305,27.708989
-159.942422,452.213437,27.708381
-160.345732,451.145898,27.709055
-160.769824,449.891992,27.708628
-161.144297,448.692617,27.707427
-161.535596,447.620313,27.707759
-161.936074,446.346602,27.706572
-162.370088,445.192305,27.707239
-162.704004,444.072461,27.705732
-163.052461,443.106484,27.705935
-163.425264,442.084375,27.706250
-163.831133,440.831992,27.705369
-164.298564,439.415078,27.704583
-164.701035,438.321133,27.705005
-165.104883,437.079141,27.704170
-165.533262,435.770938,27.703423
-165.962998,434.603828,27.703821
-166.275889,433.609336,27.703103
-166.650176,432.448125,27.702800
-167.012793,431.414023,27.702690
-167.415996,430.307344,27.703118
-167.723145,429.278437,27.703286
-168.125840,428.214961,27.703879
-168.447812,427.228437,27.704167
-168.789531,426.254883,27.704568
-169.193984,425.090820,27.705034
-169.488008,424.091445,27.705168
-169.901875,422.899063,27.705627
-170.343965,421.625234,27.706143
-170.806738,420.291758,27.706670
-171.210742,419.127617,27.707126
-171.543184,418.169688,27.707512
-171.856699,417.113750,27.707664
-172.244570,415.996094,27.708105
-172.625391,414.898672,27.708545
-173.090547,413.558320,27.709077
-173.440625,412.549531,27.709478
-173.826504,411.437578,27.709919
-174.153926,410.341523,27.709382
-174.580137,409.113359,27.709714
-174.985352,407.945664,27.709829
-175.336738,406.933164,27.709944
-175.715332,405.723633,27.709102
-176.156328,404.531836,27.709866
-176.533301,403.456797,27.710071
-176.953164,402.097539,27.708997
-177.300664,401.100391,27.709124
-177.662246,400.035039,27.709053
-178.053789,398.851758,27.708730
-178.517109,397.589336,27.709456
-178.902461,396.416562,27.709067
-179.234004,395.433008,27.708936
-179.611191,394.288906,27.708577
-179.952383,393.271406,27.708384
-180.337871,392.214102,27.708943
-180.724219,391.044062,27.707981
-181.109805,389.936523,27.707561
-181.456211,388.870547,27.706543
-181.877422,387.638672,27.705859
-182.233867,386.623711,27.705542
-182.543438,385.587930,27.703875
-182.941055,384.490234,27.703838
-183.249316,383.508438,27.702617
-183.702559,382.280820,27.702786
-184.055254,381.182148,27.701611
-184.496602,379.844063,27.700483
-184.888652,378.783672,27.700632
-185.295312,377.539688,27.699517
-185.720059,376.246797,27.697969
-186.122129,375.159336,27.697566
-186.503613,374.039648,27.696389
-186.844004,373.024102,27.695171
-187.256680,371.709609,27.692925
-187.702383,370.526406,27.692715
-188.096719,369.272344,27.690583
-188.481621,368.193438,27.689863
-188.781523,367.200703,27.687881
-189.144062,366.173633,27.687888
-189.568730,364.969375,27.689976
-189.935547,363.928984,27.691118
-190.299004,362.747734,27.692349
-190.682988,361.658594,27.693545
-191.031133,360.661133,27.694636
-191.383984,359.611445,27.695771
-191.734902,358.567539,27.696892
-192.058340,357.605391,27.697920
-192.426582,356.509922,27.699099
-192.875488,355.174531,27.700029
-193.215234,354.163867,27.700464
-193.545332,353.181875,27.700879
-193.983066,351.975586,27.701436
-194.346855,350.893359,27.701904
-194.679492,349.848633,27.702339
-195.036094,348.806367,27.702791
-195.438164,347.633281,27.703306
-195.822578,346.512109,27.703794
-196.246543,345.275742,27.704333
-196.703477,343.943359,27.704910
-197.090273,342.815430,27.705398
-197.422129,341.847813,27.705745
-197.778457,340.808828,27.705691
-198.151094,339.722305,27.705449
-198.462715,338.694570,27.704885
-198.853184,337.565820,27.704648
-199.303613,336.271016,27.704414
-199.639258,335.249531,27.704048
-199.999746,334.219883,27.703870
-200.378945,333.139609,27.703696
-200.818398,331.829023,27.703323
-201.165176,330.841094,27.703147
-201.465566,329.835156,27.702566
-201.857754,328.729688,27.702422
-202.225781,327.603359,27.703228
-202.630801,326.460156,27.702976
-203.050234,325.182109,27.705640
-203.493867,323.921816,27.704189
-203.873223,322.843652,27.702971
-204.211621,321.881895,27.701877
-204.561270,320.831270,27.702498
-204.891367,319.746250,27.705911
-205.290742,318.615469,27.704490
-205.651172,317.595098,27.703213
-206.023828,316.390020,27.706458
-206.498828,315.045293,27.704766
-206.971387,313.707461,27.703086
-207.296699,312.636387,27.706504
-207.687031,311.531406,27.705107
-208.100176,310.361816,27.703638
-208.433828,309.417266,27.702437
-208.782969,308.278750,27.700554
-209.219375,307.043340,27.700386
-209.608691,305.882773,27.699705
-209.946953,304.866914,27.699043
-210.252598,303.907773,27.698057
-210.628496,302.843008,27.697922
-211.025918,301.699102,27.697588
-211.440176,300.486914,27.697075
-211.765156,299.535176,27.696667
-212.100020,298.476367,27.695522
-212.461797,297.519316,27.695996
-212.816211,296.447656,27.695234
-213.257363,295.189687,27.694985
-213.548711,294.232383,27.693672
-213.903652,293.248223,27.693716
-214.222305,292.209629,27.692571
-214.596309,291.171172,27.692876
-214.934102,290.125547,27.692202
-215.393945,288.823047,27.692349
-215.768438,287.765566,27.692498
-216.100586,286.671348,27.691228
-216.432383,285.714375,27.691196
-216.839473,284.563926,27.691333
-217.178633,283.568086,27.691140
-217.569941,282.403828,27.690769
-217.991113,281.122227,27.690107
-218.394824,279.916895,27.689700
-218.747227,278.864629,27.689331
-219.100859,277.873691,27.689546
-219.451016,276.823027,27.689407
-219.798203,275.736836,27.689607
-220.160586,274.759844,27.691062
-220.530195,273.679160,27.691858
-220.963359,272.420781,27.692886
-221.266738,271.388887,27.692400
-221.640352,270.308223,27.693323
-222.011465,269.235645,27.694236
-222.411055,268.081387,27.695215
-222.844805,266.828848,27.696306
-223.313262,265.476348,27.697463
-223.816992,264.022246,27.698713
-224.294609,262.490879,27.698726
-224.863594,260.848594,27.699973
-225.456660,259.136934,27.700425
-225.997422,257.576191,27.700845
-226.492422,256.147578,27.701216
-226.905664,254.802148,27.700298
-227.283867,253.710605,27.700596
-227.676211,252.578242,27.700886
-228.096797,251.423887,27.701702
-228.547188,250.026602,27.701260
-229.014082,248.667773,27.701526
-229.526855,247.169082,27.701758
-230.037461,245.576719,27.701216
-230.514727,244.174609,27.701101
-230.957090,242.874961,27.700918
-231.368594,241.726602,27.701230
-231.692637,240.774668,27.701096
-232.151230,239.421172,27.700835
-232.487813,238.419727,27.700593
-232.851465,237.333809,27.700276
-233.206016,236.272793,27.699968
-233.632969,235.151328,27.700869
-234.044863,233.915938,27.700483
-234.497715,232.556934,27.700051
-234.950977,231.220547,27.698022
-235.358613,230.068418,27.695210
-235.725293,228.973984,27.692056
-236.157500,227.615957,27.687610
-236.551211,226.434063,27.684150
-236.890664,225.460996,27.681658
-237.293984,224.349844,27.679189
-237.692285,223.171191,27.676113
-238.113477,221.842617,27.679233
-238.497676,220.710352,27.682441
-238.844531,219.675625,27.685286
-239.198574,218.625898,27.688206
-239.551250,217.585918,27.691147
-239.892832,216.575371,27.693943
-240.335098,215.358535,27.697588
-240.760254,214.138281,27.697090
-241.185215,212.863965,27.696108
-241.538672,211.810664,27.695354
-241.859434,210.789375,27.694087
-242.226836,209.751855,27.693811
-242.632539,208.553477,27.693042
-243.035762,207.355410,27.692205
-243.466016,206.085078,27.691577
-243.884102,204.916836,27.691445
-244.177031,203.921484,27.690266
-244.549766,202.881914,27.690161
-244.882598,201.904922,27.689766
-245.251094,200.776816,27.689058
-245.601992,199.805293,27.688997
-245.948398,198.790078,27.688604
-246.341523,197.652559,27.688235
-246.662656,196.658340,27.687588
-247.100410,195.453828,27.687544
-247.412422,194.477344,27.687737
-247.732129,193.472578,27.688203
-248.139844,192.355684,27.689053
-248.535039,191.113164,27.689636
-248.958223,189.947578,27.690500
-249.362695,188.675859,27.691113
-249.719219,187.719844,27.691880
-250.055117,186.663770,27.692368
-250.538262,185.309609,27.693337
-250.854941,184.313926,27.693486
-251.198066,183.273457,27.693540
-251.628398,182.036777,27.693257
-252.030820,180.898340,27.693040
-252.497656,179.590605,27.692903
-252.949180,178.141426,27.691228
-253.342266,177.010801,27.690854
-253.762773,175.816074,27.690586
-254.152813,174.674277,27.690063
-254.499707,173.554551,27.688711
-254.865645,172.507871,27.688406
-255.211094,171.519824,27.687971
-255.593789,170.425215,27.687297
-256.026094,169.144883,27.686147
-256.390371,168.010898,27.684697
-256.859082,166.688242,27.684016
-257.214688,165.650234,27.683218
-257.560684,164.578691,27.681882
-257.922852,163.512617,27.680903
-258.345449,162.289844,27.678579
-258.757832,161.099883,27.676350
-259.108086,160.067178,27.674238
-259.492656,158.903184,27.671621
-259.926797,157.561318,27.668406
-260.298008,156.580078,27.667283
-260.644414,155.569883,27.668062
-261.020254,154.332822,27.668018
-261.426641,153.215098,27.669543
-261.791055,152.167754,27.670593
-262.113594,151.210400,27.671299
-262.430273,150.253145,27.671863
-262.786504,149.145020,27.672539
-263.160625,148.166914,27.676179
-263.496543,147.057754,27.678203
-263.874043,146.042031,27.681729
-264.191328,145.051553,27.683953
-264.578906,144.006172,27.687549
-264.897656,143.011680,27.689788
-265.259863,141.940303,27.692507
-265.629219,140.804795,27.693345
-266.008262,139.799375,27.695300
-266.341348,138.843838,27.696514
-266.661602,137.860596,27.697263
-267.007422,136.866143,27.698511
-267.361992,135.698037,27.698755
-267.756719,134.566055,27.699910
-268.132187,133.529443,27.700935
-268.544395,132.318799,27.701499
-268.886211,131.308896,27.701907
-269.313184,130.102520,27.702856
-269.688496,128.981377,27.703220
-270.055820,127.919336,27.703286
-270.422539,126.737754,27.701667
-270.823828,125.605400,27.701289
-271.147207,124.589062,27.700088
-271.515586,123.592256,27.700107
-271.868945,122.532822,27.699231
-272.194375,121.567949,27.699116
-272.532363,120.624385,27.699575
-272.868887,119.614990,27.699436
-273.228437,118.534395,27.699265
-273.566719,117.570479,27.699565
-273.912793,116.483848,27.698882
-274.274121,115.478037,27.699153
-274.600605,114.497080,27.698752
-274.938438,113.433047,27.697932
-275.304160,112.292695,27.697144
-275.686836,111.193701,27.697024
-276.026250,110.225088,27.696938
-276.434609,109.072295,27.696951
-276.724043,108.094795,27.695562
-277.083535,107.026436,27.694939
-277.407695,106.075391,27.694250
-277.822285,104.867227,27.693433
-278.195273,103.824395,27.693105
-278.540625,102.758174,27.691343
-278.854023,101.736367,27.687703
-279.205977,100.740449,27.685261
-279.595449,99.636201,27.682537
-279.922773,98.527344,27.678386
-280.299883,97.427568,27.675684
-280.637578,96.465664,27.673467
-280.939824,95.472021,27.670173
-281.261309,94.457158,27.667104
-281.632695,93.331836,27.660259
-281.974980,92.310264,27.653110
-282.333750,91.291367,27.646331
-282.663184,90.192207,27.637866
-283.008594,89.168291,27.631919
-283.371816,87.999951,27.625823
-283.770977,86.822617,27.620356
-284.104199,85.759854,27.614875
-284.441934,84.556123,27.610012
-284.831738,83.320137,27.608818
-285.146309,82.324814,27.607883
-285.443828,81.364492,27.606838
-285.773359,80.296084,27.605774
-286.118965,79.331855,27.606597
-286.468437,78.083555,27.605681
-286.785410,77.122012,27.605937
-287.075059,76.113071,27.605356
-287.430059,75.035635,27.603140
-287.726172,73.954121,27.597666
-288.066699,72.820269,27.592468
-288.370469,71.805049,27.587815
-288.745625,70.549326,27.581196
-289.132949,69.251904,27.571482
-289.478203,68.095210,27.562808
-289.808789,66.987695,27.554514
-290.127949,65.986509,27.547290
-290.464883,64.764238,27.536411
-290.853203,63.477734,27.525579
-291.173594,62.340742,27.515581
-291.548867,61.070815,27.505256
-291.822559,60.085054,27.498081
-292.107891,59.054033,27.490579
-292.465508,57.761084,27.481157
-292.757910,56.703774,27.473599
-293.061172,55.607407,27.467463
-293.367813,54.599883,27.462385
-293.667793,53.485571,27.455977
-293.963184,52.374063,27.449458
-294.230215,51.397783,27.442925
-294.545859,50.384097,27.436919
-294.779180,49.378286,27.429343
-295.149648,48.108838,27.420972
-295.431523,46.987036,27.408269
-295.692266,45.976021,27.396946
-295.978652,44.956128,27.385938
-296.287637,43.776953,27.372302
-296.654648,42.540752,27.357329
-296.939746,41.396831,27.342549
-297.259473,40.167671,27.326902
-297.549492,39.009902,27.312607
-297.828145,37.971233,27.300098
-298.114180,36.947332,27.287957
-298.362070,35.882783,27.274763
-298.631094,34.914883,27.264014
-298.909414,33.844253,27.251753
-299.175801,32.667451,27.237473
-299.487988,31.529155,27.224971
-299.788652,30.341611,27.211450
-300.069648,29.347529,27.200710
-300.304570,28.345718,27.188735
-300.602285,27.190029,27.175281
-300.951738,25.932754,27.161184
-301.210586,24.772053,27.146648
-301.499258,23.711536,27.133992
-301.760117,22.689368,27.121426
-302.061836,21.595313,27.108450
-302.338555,20.512939,27.095024
-302.613320,19.414004,27.080156
-302.961621,18.097632,27.062720
-303.226797,16.947739,27.046760
-303.521953,15.955929,27.034202
-303.794395,14.867365,27.019485
-304.058398,13.739087,27.001702
-304.349316,12.692847,26.985854
-304.630391,11.680455,26.970510
-304.897344,10.531366,26.952175
-305.233047,9.215480,26.931724
-305.576406,8.036101,26.913599
-305.846230,6.933484,26.895530
-306.115059,5.871486,26.878286
-306.388984,4.787227,26.860657
-306.724922,3.677289,26.843472
-306.996406,2.639296,26.825500
-307.300000,1.547328,26.806877
-307.546406,0.541722,26.789216
-307.848379,-0.556630,26.770420
-308.155742,-1.605675,26.751855
-308.480156,-2.845665,26.729197
-308.769082,-3.918371,26.709722
-309.029961,-4.887829,26.692034
-309.341328,-5.937480,26.672495
-309.731250,-7.204831,26.649141
-310.043223,-8.328425,26.627910
-310.429492,-9.641556,26.603809
-310.693516,-10.609882,26.585908
-311.063887,-11.849597,26.563506
-311.425527,-13.057323,26.541631
-311.721426,-14.227814,26.519221
-312.094102,-15.363661,26.498711
-312.387168,-16.435146,26.478521
-312.729590,-17.541985,26.458755
-313.110762,-18.765271,26.437939
-313.487051,-20.099033,26.414705
-313.876758,-21.429746,26.391704
-314.219121,-22.421088,26.376492
-314.511406,-23.419087,26.360713
-314.798145,-24.434355,26.344502
-315.175332,-25.637744,26.325850
-315.553789,-26.826387,26.307578
-315.875449,-27.941772,26.290015
-316.172813,-28.932878,26.274580
-316.545723,-30.045776,26.257805
-316.856543,-31.128845,26.240728
-317.205879,-32.183953,26.225288
-317.560410,-33.266025,26.209387
-317.896035,-34.295688,26.194229
-318.234395,-35.418396,26.177317
-318.552070,-36.400996,26.163291
-318.873008,-37.443101,26.148647
-319.257129,-38.538875,26.133938
-319.583594,-39.702275,26.117114
-319.892949,-40.658389,26.103821
-320.243457,-41.643955,26.092305
-320.560352,-42.608855,26.080664
-320.926582,-43.715273,26.067349
-321.242168,-44.728359,26.054824
-321.592305,-45.778462,26.042312
-321.945840,-46.886499,26.029192
-322.281074,-47.932559,26.016843
-322.661875,-49.013267,26.004658
-323.013223,-50.177412,25.990549
-323.357949,-51.147559,25.980085
-323.646895,-52.107461,25.969695
-323.969863,-53.064849,25.959883
-324.311211,-54.035298,25.950159
-324.650137,-55.073979,25.939326
-325.009023,-56.158613,25.928101
-325.347539,-57.166875,25.918184
-325.692578,-58.244927,25.908389
-326.059766,-59.341216,25.898684
-326.423926,-60.325674,25.890520
-326.799414,-61.506294,25.879758
-327.109902,-62.482964,25.870852
-327.492715,-63.499111,25.862534
-327.795937,-64.502603,25.854202
-328.161875,-65.551753,25.847000
-328.488652,-66.525117,25.840098
-328.856191,-67.654805,25.831907
-329.269902,-68.876987,25.823315
-329.647422,-69.954355,25.815945
-330.019004,-71.008213,25.808779
-330.365391,-72.040005,25.801790
-330.681484,-73.080469,25.794890
-331.053320,-74.150693,25.788579
-331.366016,-75.106777,25.782607
-331.739766,-76.083975,25.777393
-332.044023,-77.091299,25.770691
-332.396797,-78.117612,25.764573
-332.798789,-79.336035,25.756995
-333.160000,-80.294736,25.752551
-333.467188,-81.296665,25.747832
-333.843086,-82.396699,25.743337
-334.162578,-83.365747,25.739167
-334.576602,-84.587012,25.734116
-334.967852,-85.610957,25.730657
-335.309922,-86.646387,25.726228
-335.628398,-87.656240,25.721621
-336.018398,-88.791885,25.718730
-336.345625,-89.801250,25.717207
-336.797188,-91.035381,25.716311
-337.135312,-92.072139,25.714780
-337.545195,-93.270723,25.713374
-337.956758,-94.547588,25.711406
-338.303164,-95.527148,25.710459
-338.622891,-96.524609,25.708879
-339.010703,-97.563027,25.709902
-339.351211,-98.650117,25.709683
-339.759492,-99.830049,25.710203
-340.127930,-100.953809,25.710288
-340.544531,-102.071797,25.711360
-340.877500,-103.121240,25.711218
-341.226562,-104.186846,25.711316
-341.564258,-105.138838,25.711843
-341.949727,-106.250381,25.712175
-342.238750,-107.214424,25.711570
-342.585742,-108.197793,25.711973
-342.942539,-109.238008,25.712197
-343.264219,-110.185293,25.712341
-343.651211,-111.309463,25.712615
-343.958320,-112.273643,25.712383
-344.366055,-113.463437,25.712524
-344.694414,-114.421650,25.712190
-345.046641,-115.468682,25.711707
-345.412852,-116.532041,25.711382
-345.790000,-117.661211,25.710808
-346.136055,-118.704160,25.710222
-346.571406,-120.019951,25.709470
-347.009531,-121.186172,25.709810
-347.397227,-122.359160,25.709414
-347.754570,-123.440723,25.709578
-348.126602,-124.470264,25.710391
-348.470195,-125.564414,25.710198
-348.835938,-126.597324,25.710864
-349.215156,-127.733447,25.711111
-349.646602,-129.026602,25.711406
-350.105352,-130.402178,25.711626
-350.478125,-131.519873,25.711655
-350.838672,-132.600967,25.711667
-351.223203,-133.635059,25.712495
-351.583828,-134.771104,25.712148
-351.889961,-135.739844,25.711833
-352.282188,-136.815752,25.712375
-352.604883,-137.838105,25.711855
-352.960859,-138.772695,25.712593
-353.308750,-139.888721,25.711936
-353.645195,-140.898896,25.711777
-354.034297,-142.004639,25.711848
-354.424727,-143.244619,25.710654
-354.801758,-144.352363,25.710146
-355.160664,-145.352344,25.710051
-355.534648,-146.451787,25.709529
-355.895977,-147.590898,25.708496
-356.308672,-148.720078,25.708533
-356.661055,-149.723496,25.708286
-356.997305,-150.752354,25.707905
-357.340937,-151.769258,25.707747
-357.697031,-152.807549,25.707678
-357.990586,-153.767402,25.706924
-358.323438,-154.799521,25.706453
-358.682930,-155.819307,25.706584
-359.008633,-156.777129,25.706462
-359.353984,-157.794922,25.706326
-359.703984,-158.790879,25.706438
-360.004609,-159.771582,25.705813
-360.408320,-160.925537,25.706128
-360.831719,-162.120713,25.706533
-361.161094,-163.172891,25.706069
-361.522773,-164.160820,25.706633
-361.847031,-165.185615,25.706238
-362.173359,-166.199082,25.705974
-362.563242,-167.243730,25.706711
-362.991836,-168.569746,25.706445
-363.364531,-169.747656,25.706885
-363.841992,-171.064258,25.708457
-364.161875,-172.019004,25.709131
-364.498945,-173.016328,25.709890
-364.825000,-173.979395,25.710630
-365.212383,-175.123555,25.711506
-365.574102,-176.220703,25.712173
-365.940664,-177.334551,25.712605
-366.275117,-178.327031,25.712854
-366.601094,-179.368125,25.712727
-366.982578,-180.550059,25.712754
-367.413906,-181.860684,25.712927
-367.772852,-182.828770,25.713684
-368.213828,-184.161387,25.713638
-368.546445,-185.201953,25.713403
-368.849063,-186.161621,25.713132
-369.240586,-187.215840,25.713796
-369.563242,-188.226602,25.713557
-369.871875,-189.199434,25.712983
-370.227773,-190.298926,25.712341
-370.581016,-191.335449,25.712065
-370.944023,-192.454062,25.711431
-371.318242,-193.496094,25.711479
-371.680898,-194.619277,25.710803
-371.984766,-195.600938,25.709995
-372.425625,-196.870977,25.709795
-372.795117,-197.940488,25.709656
-373.112188,-199.013320,25.708572
-373.457500,-200.023066,25.708374
-373.861133,-201.205117,25.708130
-374.275273,-202.418477,25.707866
-374.624258,-203.595781,25.706707
-375.032773,-204.792812,25.706428
-375.396328,-205.823496,25.706541
-375.723750,-206.924766,25.705798
-376.098750,-208.100645,25.705503
-376.535742,-209.288633,25.706367
-376.852656,-210.292266,25.706060
-377.165313,-211.259297,25.705901
-377.486719,-212.214434,25.705999
-377.852617,-213.302402,25.706101
-378.145508,-214.313359,25.705295
-378.552734,-215.510840,25.705046
-378.947305,-216.672832,25.704734
-379.249570,-217.692617,25.703623
-379.604922,-218.766934,25.703159
-379.973242,-219.886309,25.702646
-380.365859,-221.116270,25.701851
-380.750391,-222.151074,25.702195
-381.064961,-223.146230,25.701501
-381.392383,-224.101484,25.701384
-381.717969,-225.132012,25.700750
-382.009375,-226.090117,25.699932
-382.360234,-227.124316,25.699749
-382.766211,-228.386992,25.699106
-383.110430,-229.424199,25.698774
-383.458555,-230.466309,25.698479
-383.769023,-231.477480,25.697676
-384.091133,-232.478145,25.697620
-384.492266,-233.693125,25.698105
-384.882812,-234.898809,25.698447
-385.202617,-235.912969,25.698552
-385.533555,-236.964551,25.698655
-385.891563,-237.983262,25.699492
-386.229570,-239.027813,25.699763
-386.598984,-240.175254,25.700100
-386.934219,-241.283809,25.700566
-387.238203,-242.304941,25.700889
-387.571094,-243.261309,25.702161
-387.852969,-244.224844,25.702366
-388.218008,-245.260645,25.703823
-388.563281,-246.312285,25.704800
-388.874414,-247.317539,25.705349
-389.251641,-248.516992,25.708491
-389.635625,-249.739160,25.712258
-389.971680,-250.777344,25.715659
-390.272461,-251.744785,25.718572
-390.582930,-252.731016,25.721619
-390.880352,-253.825859,25.724041
-391.286953,-255.071699,25.728950
-391.641016,-256.175234,25.733179
-392.013008,-257.327363,25.737639
-392.306211,-258.328477,25.740896
-392.666055,-259.392773,25.750081
-392.966055,-260.461621,25.758313
-393.321992,-261.501953,25.767734
-393.693398,-262.779824,25.778860
-394.027695,-263.864688,25.789968
-394.381172,-264.981562,25.801636
-394.672852,-266.039336,25.812190
-394.994844,-267.077090,25.824204
-395.269961,-268.093301,25.835017
-395.595820,-269.147227,25.849905
-395.872187,-270.193203,25.864016
-396.173672,-271.239102,25.877642
-396.464219,-272.209023,25.890840
-396.712109,-273.225469,25.903669
-397.011602,-274.342344,25.918853
-397.246875,-275.335352,25.933350
-397.382852,-276.401973,25.947505
-397.209453,-277.496836,25.965728
-396.712109,-278.485957,25.981128
-395.912891,-279.314844,26.001777
-394.962852,-279.835352,26.018516
-393.910352,-280.015566,26.038762
-392.815156,-279.939160,26.058062
-391.802305,-279.793984,26.072466
-390.795117,-279.665430,26.090596
-389.797109,-279.545391,26.110330
-388.786563,-279.399531,26.132146
-387.786758,-279.291055,26.155042
-386.679062,-279.148652,26.182732
-385.443359,-278.981504,26.213604
-384.431953,-278.872969,26.238948
-383.423047,-278.764141,26.264316
-382.367031,-278.600430,26.290806
-381.123750,-278.485059,26.322087
-379.873516,-278.324219,26.352520
-378.725156,-278.181758,26.380024
-377.560469,-278.046660,26.407871
-376.474531,-277.913945,26.433062
-375.298477,-277.793008,26.459363
-374.065977,-277.642637,26.486958
-372.957305,-277.525586,26.511926
-371.765039,-277.359434,26.538525
-370.534063,-277.213145,26.566396
-369.384023,-277.065000,26.592310
-368.114492,-276.913887,26.621331
-367.040742,-276.778359,26.644766
-366.007734,-276.660898,26.667351
-364.966133,-276.529277,26.690073
-363.955391,-276.455332,26.712424
-362.915977,-276.287656,26.735371
-361.860977,-276.208906,26.759690
-360.857891,-276.077266,26.782178
-359.481680,-275.914746,26.813452
-358.215234,-275.740781,26.842012
-356.794336,-275.592695,26.874858
-355.764727,-275.447793,26.898511
-354.363633,-275.300898,26.931189
-353.265391,-275.177031,26.957915
-352.103750,-275.014063,26.985237
-350.766875,-274.859082,27.015764
-349.561172,-274.693613,27.040930
-348.312344,-274.593203,27.062075
-347.284297,-274.431191,27.073738
-346.228320,-274.356973,27.082144
-345.210898,-274.187070,27.088647
-344.171016,-273.979766,27.096848
-343.227070,-273.685703,27.105022
-342.317695,-273.257266,27.105518
-341.457773,-272.751133,27.106016
-340.627578,-272.069063,27.102554
-340.044922,-271.520234,27.098601
-339.291367,-270.706445,27.091233
-338.903828,-270.078047,27.083069
-338.435313,-269.180859,27.071938
-337.936562,-268.036465,27.058352
-337.586055,-267.043086,27.044072
-336.893203,-265.079492,27.015840
-334.918984,-259.157207,26.933101
-334.245234,-257.174434,26.914543
-330.492227,-246.133418,26.877334
-328.416797,-240.017402,26.870671
-326.341504,-233.901328,26.842954
-323.147500,-224.492012,26.781455
-320.370918,-216.367461,26.729243
-318.449629,-210.682402,26.690427
-317.614082,-208.208750,26.680554
-316.528691,-204.997324,26.665940
-315.289219,-201.340703,26.640762
-314.049824,-197.684063,26.611621
-312.306113,-192.562656,26.562039
-310.562734,-187.441465,26.500291
-309.508926,-184.350508,26.469460
-308.879199,-182.506211,26.443840
-308.292930,-180.789746,26.423340
-307.694961,-179.039707,26.401135
-306.965098,-176.902617,26.382065
-306.449512,-175.398457,26.362334
-305.621133,-172.885254,26.360894
-304.840781,-170.396543,26.361802
-304.146504,-168.369590,26.364741
-303.664746,-167.234648,26.369692
-303.195391,-166.098672,26.376899
-302.557363,-164.896240,26.382632
-301.936133,-163.866885,26.388018
-301.304375,-162.870117,26.395872
-300.711465,-161.963799,26.405002
-299.988203,-160.975664,26.414661
-299.270586,-160.033408,26.425669
-298.615586,-159.254229,26.434973
-297.917520,-158.441787,26.444868
-297.081035,-157.611572,26.455676
-296.168262,-156.784014,26.467681
-295.182773,-155.935859,26.478337
-294.365039,-155.303457,26.486069
-293.516758,-154.719238,26.493098
-292.611367,-154.130088,26.499810
-291.668984,-153.557822,26.506155
-290.730918,-153.086035,26.512117
-289.674844,-152.538750,26.521853
-288.699297,-152.122793,26.529465
-287.758594,-151.760947,26.536709
-286.711387,-151.360752,26.545339
-285.549414,-151.024131,26.553345
-284.561562,-150.739502,26.561064
-283.521016,-150.467070,26.569070
-282.439414,-150.271309,26.575352
-281.300469,-150.070137,26.582112
-280.252402,-149.868291,26.589368
-279.140508,-149.737275,26.596436
-278.134355,-149.598350,26.603938
-277.020195,-149.402041,26.613630
-275.975078,-149.265596,26.622229
-274.922715,-149.107461,26.631907
-273.726035,-148.947744,26.643833
-272.641289,-148.795762,26.655183
-271.500293,-148.633398,26.666648
-270.477227,-148.462617,26.677864
-269.472266,-148.348809,26.688413
-268.358145,-148.171240,26.700476
-267.272168,-148.045195,26.709861
-266.287695,-147.863945,26.720388
-265.028906,-147.711934,26.725427
-263.982031,-147.543633,26.730544
-262.864551,-147.367129,26.734922
-261.658008,-147.203936,26.738057
-260.618301,-147.073350,26.740459
-259.498555,-146.880791,26.744509
-258.458301,-146.735771,26.747378
-257.428066,-146.610068,26.747849
-256.427070,-146.451865,26.749426
-255.106250,-146.263672,26.750935
-253.940859,-146.123506,26.751550
-252.908027,-145.946045,26.752612
-251.912109,-145.802207,26.751616
-250.914922,-145.673193,26.750142
-249.770566,-145.527471,26.748413
-248.698906,-145.372119,26.747317
-247.492813,-145.201631,26.746841
-246.097520,-145.029854,26.746194
-245.058437,-144.883438,26.746272
-243.822227,-144.682197,26.747124
-242.785117,-144.547334,26.745811
-241.659727,-144.378086,26.742102
-240.509961,-144.245459,26.737432
-239.518301,-144.079473,26.734634
-238.314160,-143.933125,26.729907
-237.120078,-143.770117,26.724438
-236.102578,-143.594883,26.719443
-235.051484,-143.482275,26.712644
-233.889395,-143.307998,26.706311
-232.768008,-143.138203,26.700251
-231.313887,-142.932998,26.690122
-230.022969,-142.756279,26.678003
-229.003613,-142.628135,26.668140
-227.915547,-142.450596,26.658660
-226.748984,-142.328008,26.646746
-225.439531,-142.123779,26.633237
-224.333789,-141.959404,26.617712
-223.287266,-141.822881,26.602549
-222.208105,-141.691182,26.586687
-221.212383,-141.512695,26.573459
-220.047559,-141.354697,26.556672
-218.983262,-141.214727,26.538330
-217.696328,-141.034844,26.514861
-216.206797,-140.818633,26.488564
-214.997109,-140.652588,26.465549
-213.857871,-140.479385,26.443850
-212.814980,-140.353428,26.420007
-211.697344,-140.177920,26.394771
-210.603535,-140.058311,26.369192
-209.573164,-139.878770,26.346245
-208.559004,-139.773076,26.322444
-207.537695,-139.627402,26.299084
-206.473594,-139.473906,26.272595
-205.261758,-139.311143,26.242415
-204.005293,-139.094258,26.211248
-202.887109,-138.942314,26.183394
-201.618828,-138.790986,26.151746
-200.337148,-138.601338,26.118958
-199.293848,-138.436211,26.092163
-198.246680,-138.320176,26.065588
-197.161406,-138.159736,26.037798
-195.943477,-137.979648,26.006597
-194.692617,-137.794707,25.974790
-193.560879,-137.627373,25.946345
-192.294395,-137.440127,25.914583
-190.873047,-137.280518,25.879644
-189.869980,-137.132207,25.854502
-188.604414,-136.945088,25.822908
-187.398418,-136.766777,25.793323
-186.228359,-136.593789,25.764688
-185.027285,-136.416201,25.735305
-183.736484,-136.275898,25.704644
-182.629043,-136.112158,25.677539
-181.395098,-135.941406,25.649119
-180.377969,-135.802803,25.627339
-179.330762,-135.609395,25.603582
-178.185801,-135.460342,25.579238
-177.066328,-135.315742,25.555481
-175.893672,-135.164268,25.530583
-174.788027,-134.971025,25.505847
-173.705996,-134.831260,25.487861
-172.696836,-134.700898,25.471167
-171.662422,-134.556152,25.453733
-170.550703,-134.357529,25.433804
-169.456543,-134.210039,25.415537
-168.459629,-134.075303,25.398879
-167.449180,-133.938682,25.382729
-166.391660,-133.804375,25.372314
-165.383760,-133.625508,25.361104
-164.294170,-133.514961,25.350930
-163.096055,-133.337822,25.338428
-162.004785,-133.176475,25.327058
-160.904307,-133.013750,25.315581
-159.911143,-132.866914,25.305532
-158.909756,-132.718848,25.295830
-157.835068,-132.559951,25.285452
-156.507930,-132.363740,25.272629
-155.382822,-132.247930,25.262991
-154.279170,-132.084746,25.252332
-153.245156,-131.931875,25.242344
-152.131641,-131.767227,25.234839
-151.139551,-131.620547,25.228630
-150.125879,-131.470674,25.222297
-149.128994,-131.323281,25.216064
-148.073252,-131.167197,25.209463
-147.057598,-131.017021,25.203145
-146.045391,-130.917910,25.198010
-144.913477,-130.750547,25.194980
-143.788584,-130.584229,25.192813
-142.799346,-130.437969,25.190898
-141.671738,-130.271250,25.188718
-140.679658,-130.124570,25.186804
-139.645996,-129.983613,25.185071
-138.594072,-129.851865,25.183562
-137.588867,-129.706855,25.182734
-136.431885,-129.539004,25.181829
-135.427334,-129.393535,25.181060
-134.296738,-129.245869,25.180510
-133.076416,-129.065205,25.179478
-131.926904,-128.895176,25.178521
-130.698379,-128.724678,25.177759
-129.691455,-128.575771,25.177446
-128.653799,-128.427480,25.177212
-127.513428,-128.263467,25.176943
-126.369316,-128.112764,25.176953
-125.356729,-127.931621,25.176025
-124.219795,-127.766943,25.175735
-122.865430,-127.596074,25.175886
-121.871240,-127.470645,25.175974
-120.868955,-127.332627,25.175813
-119.769521,-127.176660,25.175547
-118.554795,-126.962158,25.174482
-117.517031,-126.821553,25.174353
-116.344717,-126.657070,25.174102
-115.096689,-126.478418,25.173765
-113.762549,-126.292842,25.173511
-112.565977,-126.145762,25.173347
-111.268486,-125.937559,25.172039
-110.080322,-125.793643,25.171724
-108.792041,-125.576162,25.170225
-107.435781,-125.409404,25.169807
-106.298711,-125.238584,25.168877
-105.195771,-125.102676,25.168540
-104.131328,-124.919863,25.167310
-103.098320,-124.806240,25.168411
-101.995410,-124.610752,25.168179
-100.808867,-124.456240,25.169006
-99.802803,-124.338789,25.169963
-98.777314,-124.197871,25.170542
-97.682842,-124.018672,25.170593
-96.500410,-123.848184,25.171106
-95.497822,-123.704678,25.171548
-94.448730,-123.555322,25.171606
-93.172900,-123.373691,25.171357
-92.122412,-123.224131,25.171157
-91.056807,-123.091123,25.171326
-89.875352,-122.887813,25.170417
-88.854043,-122.787480,25.171108
-87.605908,-122.602451,25.170735
-86.546514,-122.445205,25.170417
-85.484287,-122.287529,25.169688
-84.408857,-122.109482,25.168254
-83.212368,-121.985938,25.168164
-81.957100,-121.772012,25.166357
-80.669243,-121.613037,25.165742
-79.432617,-121.430850,25.164546
-78.429092,-121.263350,25.163196
-77.309370,-121.137451,25.162888
-76.251943,-120.958584,25.161829
-75.119536,-120.798369,25.161472
-73.853286,-120.657578,25.161821
-72.714580,-120.495176,25.161433
-71.618110,-120.334990,25.161006
-70.430586,-120.158613,25.160471
-69.373501,-120.001553,25.160000
-68.340977,-119.867314,25.159910
-67.308232,-119.722529,25.159956
-66.148916,-119.519531,25.159480
-64.890986,-119.383193,25.160645
-63.815239,-119.223359,25.160769
-62.645488,-119.049541,25.160903
-61.631816,-118.879492,25.160637
-60.510029,-118.754277,25.161582
-59.492275,-118.592783,25.161511
-58.380542,-118.424404,25.162021
-57.287861,-118.274687,25.163420
-56.048584,-118.133027,25.165532
-54.826475,-117.944209,25.166685
-53.788867,-117.814990,25.168259
-52.736284,-117.630225,25.168809
-51.692949,-117.489697,25.170188
-50.632847,-117.366953,25.171987
-49.460186,-117.207168,25.173376
-48.412261,-117.042471,25.174014
-47.354282,-116.903467,25.175203
-46.298799,-116.755811,25.176221
-45.309189,-116.581689,25.176431
-44.175708,-116.417295,25.177390
-43.160037,-116.311621,25.179106
-42.039888,-116.140918,25.179856
-41.012134,-115.984551,25.179214
-39.967124,-115.858613,25.179204
-38.970237,-115.710586,25.178655
-37.900813,-115.551787,25.178052
-36.844348,-115.394912,25.177473
-35.791228,-115.238535,25.176978
-34.792578,-115.140791,25.177607
-33.690742,-114.977178,25.177236
-32.699902,-114.830049,25.176890
