Sref,Xref,Yref,Aref,Kref,Lmax,Lmin
0,-30.0524239,-122.4318861,0.1421602,-0.0000096,7.1501219,-7.149672
2.9990126,-27.083662,-122.00698,0.1421315,-0.0000143,7.1411544,-7.147413
5.9980202,-24.1148808,-121.5822452,0.1420747,-0.0000187,7.1364696,-7.1440305
8.997023,-21.1460807,-121.1576778,0.1420192,-0.0000183,7.1359189,-7.140687
11.9960212,-18.177262,-120.7332738,0.1419651,-0.0000178,7.1370826,-7.1379217
14.9950151,-15.2084249,-120.3090291,0.1419123,-0.0000174,7.138916,-7.1371397
17.994005,-12.2395699,-119.8849397,0.1418608,-0.0000169,7.1409595,-7.1380221
20.9929911,-9.2706972,-119.4610016,0.1418107,-0.0000165,7.1431276,-7.1386303
23.9919737,-6.3018071,-119.0372108,0.141762,-0.000016,7.1452493,-7.1406721
26.9909531,-3.3329,-118.6135633,0.1417146,-0.0000156,7.1473534,-7.1441363
29.9899295,-0.3639762,-118.190055,0.1416685,-0.0000151,7.1494325,-7.14874
32.9889031,2.604964,-117.7666819,0.1416237,-0.0000147,7.1516165,-7.1540491
35.9878743,5.5739203,-117.3434401,0.1415803,-0.0000142,7.1540989,-7.1598502
38.9868433,8.5428924,-116.9203254,0.1415383,-0.0000138,7.1568287,-7.1660376
41.9858103,11.5118799,-116.4973339,0.1414976,-0.0000134,7.1599013,-7.1725091
44.9847756,14.4808825,-116.0744616,0.1414582,-0.0000129,7.1633742,-7.1790016
47.9837394,17.4499,-115.6517043,0.1414202,-0.0000125,7.1672035,-7.185414
50.9827021,20.4189319,-115.2290582,0.1413835,-0.000012,7.1712675,-7.19166
53.9816638,23.387978,-114.8065192,0.1413481,-0.0000116,7.1754912,-7.1976635
56.9806249,26.3570379,-114.3840833,0.1413141,-0.0000111,7.1786913,-7.2034594
59.9795855,29.3261114,-113.9617464,0.1412814,-0.0000107,7.180576,-7.2091567
62.978546,32.2951981,-113.5395046,0.1412501,-0.0000102,7.1825642,-7.2148989
65.9775065,35.2642977,-113.1173537,0.1412201,-0.0000098,7.1846722,-7.220635
68.9764674,38.2334098,-112.6952899,0.1411915,-0.0000093,7.1868356,-7.226199
71.9754288,41.2025343,-112.2733091,0.1411642,-0.0000089,7.1890255,-7.2277142
74.9743911,44.1716706,-111.8514072,0.1411382,-0.0000084,7.1912333,-7.2285992
77.9733545,47.1408186,-111.4295803,0.1411136,-0.000008,7.193489,-7.2290768
80.9723193,50.1099779,-111.0078243,0.1410903,-0.0000075,7.1957842,-7.2290726
83.9712856,53.0791482,-110.5861352,0.1410684,-0.0000071,7.1980947,-7.2283871
86.9702538,56.0483292,-110.164509,0.1410478,-0.0000066,7.2004535,-7.2269771
89.969224,59.0175205,-109.7429417,0.1410286,-0.0000062,7.2028677,-7.224612
92.9681966,61.9867218,-109.3214292,0.1410107,-0.0000057,7.205327,-7.2213749
95.9671718,64.9559328,-108.8999676,0.1409941,-0.0000053,7.2077517,-7.2172258
98.9661499,67.9251533,-108.4785528,0.1409789,-0.0000049,7.2100981,-7.2124406
101.9651311,70.8943828,-108.0571808,0.140965,-0.0000044,7.2122813,-7.2071479
104.9641156,73.8636211,-107.6358475,0.1409524,-0.000004,7.2139932,-7.2017662
107.9631037,76.8328678,-107.214549,0.1409412,-0.0000035,7.2149612,-7.1958084
110.9620956,79.8021226,-106.7932813,0.1409314,-0.0000031,7.215975,-7.1867669
113.9610917,82.7713853,-106.3720403,0.1409229,-0.0000026,7.2170256,-7.177419
116.960092,85.7406554,-105.9508219,0.1409157,-0.0000022,7.2181103,-7.1690586
119.959097,88.7099327,-105.5296223,0.1409099,-0.0000017,7.2186038,-7.1626671
122.9581069,91.6792168,-105.1084374,0.1409054,-0.0000013,7.2186056,-7.1577039
125.9571218,94.6485075,-104.687263,0.1409022,-0.0000008,7.2183965,-7.1506644
128.9561421,97.6178044,-104.2660953,0.1409004,-0.0000004,7.2180285,-7.1448421
131.9551679,100.5871071,-103.8449303,0.1408999,0.0000001,7.217534,-7.1420302
134.9541996,103.5564155,-103.4237638,0.1409008,0.0000005,7.216969,-7.1418191
137.9532374,106.5257291,-103.0025919,0.140903,0.000001,7.2163647,-7.1442105
140.9522815,109.4950476,-102.5814105,0.1409066,0.0000014,7.2157501,-7.1489115
143.9513323,112.4643708,-102.1602157,0.1409115,0.0000019,7.2151334,-7.1557683
146.9503898,115.4336982,-101.7390034,0.1409177,0.0000023,7.2145063,-7.1639133
149.9494545,118.4030297,-101.3177696,0.1409253,0.0000028,7.2138221,-7.170704
152.9485264,121.3723648,-100.8965103,0.1409342,0.0000032,7.2130001,-7.1788909
155.947606,124.3417032,-100.4752214,0.1409445,0.0000036,7.2120149,-7.1884631
158.9466934,127.3110447,-100.053899,0.1409561,0.0000041,7.2108203,-7.1991582
161.9457889,130.2803889,-99.632539,0.1409691,0.0000045,7.2093078,-7.2104524
164.9448927,133.2497355,-99.2111375,0.1409833,0.000005,7.2078092,-7.2216391
167.9440051,136.2190841,-98.7896903,0.140999,0.0000054,7.2060643,-7.232744
170.9431264,139.1884345,-98.3681934,0.1410159,0.0000059,7.2039418,-7.2436056
173.9422567,142.1577864,-97.946643,0.1410343,0.0000063,7.2016439,-7.2539692
176.9413964,145.1271393,-97.5250348,0.1410539,0.0000068,7.199325,-7.2633826
179.9405457,148.0964931,-97.103365,0.1410749,0.0000072,7.1968404,-7.2719983
182.9397048,151.0658473,-96.6816295,0.1410973,0.0000077,7.1941585,-7.2794557
185.9388739,154.0352017,-96.2598242,0.1411209,0.0000075,7.1913168,-7.2857812
188.938051,157.0045559,-95.8379456,0.1411421,0.0000051,7.1883751,-7.2904297
191.937228,159.9739081,-95.416012,0.1411517,0.0000002,7.1853514,-7.2934118
194.9363928,162.943254,-94.9940765,0.1411435,-0.0000058,7.1822181,-7.2941234
197.9355334,165.9125891,-94.5721948,0.1411171,-0.0000118,7.1791709,-7.29225
200.9346374,168.8819091,-94.1504229,0.1410725,-0.0000179,7.1763358,-7.2867778
203.9336925,171.8512095,-93.7288166,0.1410096,-0.000024,7.1737922,-7.2770587
206.9326866,174.8204858,-93.3074319,0.1409285,-0.0000301,7.1715996,-7.2614903
209.9316074,177.7897336,-92.8863246,0.1408291,-0.0000362,7.1697122,-7.2362317
212.9304427,180.7589485,-92.4655506,0.1407115,-0.0000423,7.167971,-7.1982143
215.9291803,183.728126,-92.0451657,0.1405756,-0.0000484,7.1662346,-7.1514335
218.927808,186.6972617,-91.625226,0.1404215,-0.0000544,7.1642214,-7.1083194
221.9263138,189.6663511,-91.2057872,0.1402491,-0.0000605,7.162014,-7.0751854
224.9246855,192.6353899,-90.7869053,0.1400584,-0.0000666,7.1596573,-7.0498941
227.9229109,195.6043734,-90.3686361,0.1398495,-0.0000727,7.1578431,-7.0373838
230.9209782,198.5732974,-89.9510355,0.1396223,-0.0000757,7.1585787,-7.029828
233.9188826,201.5421573,-89.5341594,0.1393957,-0.0000355,7.1608334,-7.0311051
236.9167136,204.5109477,-89.1179498,0.1394092,0.0001053,7.1598857,-7.0338103
239.914704,207.4796509,-88.7010138,0.1400268,0.000331,7.1610097,-7.0429511
242.9131481,210.4482414,-88.2810926,0.1413939,0.0005812,7.1592529,-7.0570429
245.9123504,213.4166933,-87.8559127,0.1435122,0.0008314,7.1499854,-7.0738998
248.9126295,216.384981,-87.4232005,0.1463803,0.0010808,7.1332551,-7.0956984
251.9143238,219.3530788,-86.9806824,0.1499967,0.0013292,7.1049064,-7.1255943
254.9177956,222.320961,-86.5260851,0.1543589,0.0016728,7.0645912,-7.162571
257.9230857,225.2886017,-86.057135,0.1600444,0.0033402,7.0138497,-7.1980198
260.9260789,228.2547272,-85.5682269,0.1744503,0.0081307,6.9735656,-7.2381043
263.9184812,231.2034298,-85.0146949,0.2089956,0.0157149,6.9689588,-7.3081774
266.8970299,234.1093012,-84.3265146,0.268697,0.0241939,6.9933612,-7.2414753
269.8712354,236.9467725,-83.4332318,0.3531022,0.0307071,7.0636499,-7.0745876
272.8571786,239.6907217,-82.269493,0.4511033,0.0323852,7.091958,-7.065233
275.860432,242.3212712,-80.829736,0.5466366,0.0304623,7.1545618,-7.1330371
278.8747516,244.8219466,-79.1472095,0.6345598,0.0281158,7.131175,-7.1671789
281.889874,247.1763318,-77.2558196,0.7166428,0.0266908,7.0559482,-7.2156051
284.8990946,249.3688426,-75.1862011,0.7958638,0.0262048,7.0542381,-7.3005328
287.9015818,251.387242,-72.9558346,0.8745396,0.026216,7.0445448,-7.3097075
290.8977814,253.220134,-70.5788948,0.9534417,0.0264225,7.0697141,-7.2906726
293.8883447,254.8561229,-68.0695564,1.0330236,0.0267743,7.0656363,-7.1824532
296.8744615,256.2838126,-65.4419941,1.1137238,0.0272586,7.1080652,-7.0733626
299.8581953,257.4918072,-62.7103828,1.1959442,0.0278513,7.0896948,-7.1774218
302.842815,258.4687109,-59.888897,1.2800264,0.028403,7.0689655,-7.2191271
305.8326562,259.2031277,-56.9917115,1.3655675,0.0283283,7.0357024,-7.1688501
308.8302327,259.6873175,-54.034702,1.4495561,0.0272713,7.0186166,-7.2165788
311.8333107,259.928202,-51.0405663,1.5293169,0.0258398,6.9700261,-7.2015716
314.8360831,259.9363782,-48.0337122,1.6050646,0.0244381,6.9529618,-7.1920161
317.8327393,259.7224428,-45.0385475,1.6763509,0.0219535,6.97113,-7.153494
320.8255313,259.304931,-42.0737568,1.7366678,0.0171138,7.0230992,-7.1069924
323.8205864,258.7341518,-39.1351164,1.7787263,0.0107462,7.1164831,-7.0654978
326.8190198,258.0683633,-36.2126715,1.8010597,0.0047879,7.1689451,-7.0580571
329.818726,257.3654634,-33.296529,1.8074629,0.001037,7.1698946,-7.0815624
332.8184304,256.6617208,-30.3804931,1.8072838,-0.000132,7.1569462,-7.0965499
335.8180415,255.9598658,-27.4641021,1.8066709,-0.0001955,7.1376701,-7.1027998
338.8175659,255.2597422,-24.5473875,1.806111,-0.0001778,7.1124069,-7.0999667
341.8170104,254.5611936,-21.6303809,1.8056042,-0.0001601,7.0849343,-7.0937267
344.8163813,253.8640639,-18.7131137,1.8051505,-0.0001424,7.0592366,-7.0758159
347.8156848,253.1681966,-15.7956176,1.8047499,-0.0001247,7.0246173,-7.0521386
350.8149268,252.4734357,-12.877924,1.8044024,-0.000107,6.9925172,-7.0240949
353.8141131,251.7796247,-9.9600646,1.804108,-0.0000893,6.9599531,-6.9993042
356.8132493,251.0866074,-7.042071,1.8038668,-0.0000716,6.9342915,-6.976238
359.812341,250.3942276,-4.1239746,1.8036786,-0.0000539,6.9176924,-6.9593941
362.8113936,249.7023289,-1.205807,1.8035436,-0.0000362,6.9079064,-6.9455641
365.8104125,249.0107552,1.7124002,1.8034617,-0.0000185,6.9049807,-6.936093
368.8094031,248.3193501,4.6306155,1.8034329,-0.0000007,6.901937,-6.9260886
371.8083706,247.6279574,7.5488073,1.8034573,0.0000167,6.9016173,-6.913675
374.8073203,246.9364207,10.466944,1.8035332,0.0000306,6.9038568,-6.9053535
377.8062564,246.2445931,13.3849962,1.8036407,0.0000361,6.9044917,-6.8986635
380.805181,245.5524352,16.3029575,1.8037497,0.0000346,6.9056789,-6.8933271
383.804096,244.859977,19.2208368,1.803848,0.000031,6.9024033,-6.8872988
386.8030029,244.1672499,22.1386431,1.8039354,0.0000274,6.8990107,-6.8860188
389.8019033,243.4742852,25.0563855,1.804012,0.0000237,6.8956556,-6.885343
392.8007988,242.781114,27.9740729,1.8040778,0.0000201,6.8924925,-6.8806747
395.7996909,242.0877678,30.8917146,1.8041327,0.0000165,6.8922731,-6.8808671
398.7985814,241.3942778,33.8093195,1.8041768,0.0000129,6.8874057,-6.8812213
401.7974716,240.7006753,36.7268966,1.80421,0.0000093,6.8854132,-6.8750902
404.7963633,240.0069916,39.6444551,1.8042323,0.0000056,6.8810641,-6.871588
407.7952579,239.3132579,42.562004,1.8042438,0.000002,6.8791113,-6.8639318
410.7941572,238.6195056,45.4795523,1.8042445,-0.0000016,6.8728361,-6.8553785
413.7930625,237.925766,48.3971091,1.8042343,-0.0000052,6.8669847,-6.8514484
416.7919755,237.2320702,51.3146835,1.8042133,-0.0000088,6.8624103,-6.8449473
419.7908978,236.5384497,54.2322845,1.8041814,-0.0000124,6.8519196,-6.8390901
422.789831,235.8449357,57.1499211,1.8041387,-0.0000161,6.8442909,-6.8309405
425.7887766,235.1515595,60.0676025,1.8040851,-0.0000197,6.8295171,-6.8240445
428.7877362,234.4583524,62.9853376,1.8040207,-0.0000233,6.8164198,-6.821569
431.7867114,233.7653457,65.9031355,1.8039454,-0.0000269,6.8199527,-6.8154296
434.7857038,233.0725706,68.8210053,1.8038593,-0.0000305,6.8491136,-6.8128503
437.7847151,232.3800584,71.7389561,1.8037624,-0.0000341,6.8763965,-6.8123591
440.7837468,231.6878405,74.6569968,1.8036545,-0.0000378,6.8618367,-6.8099703
443.7828005,230.9959481,77.5751365,1.8035359,-0.0000414,6.8152111,-6.8118716
446.781878,230.3044125,80.4933844,1.8034064,-0.000045,6.7752732,-6.8160294
449.7809808,229.613265,83.4117494,1.803266,-0.0000486,6.7485307,-6.8198319
452.7801106,228.9225369,86.3302406,1.8031149,-0.0000522,6.7366364,-6.8231064
455.7792691,228.2322594,89.248867,1.8029528,-0.0000558,6.7346024,-6.8246648
458.778458,227.5424639,92.1676378,1.8027799,-0.0000594,6.7391767,-6.8163568
461.7776791,226.8531816,95.0865619,1.8025962,-0.0000631,6.7458694,-6.8039181
464.776934,226.1644439,98.0056484,1.8024017,-0.0000667,6.7548805,-6.7872568
467.7762245,225.476282,100.9249064,1.8021963,-0.0000696,6.7615107,-6.7644869
470.7755588,224.7887268,103.8443451,1.801984,-0.0000703,6.7626457,-6.7384848
473.77496,224.1017843,106.76398,1.8017745,-0.0000684,6.7541389,-6.7124364
476.7744617,223.4154222,109.683837,1.801574,-0.0000652,6.7419048,-6.6897832
479.7740981,222.7296044,112.6039427,1.8013832,-0.000062,6.7318844,-6.6713754
482.7739035,222.0442952,115.5243237,1.8012019,-0.0000588,6.7290881,-6.6572746
485.7739121,221.3594587,118.4450068,1.8010303,-0.0000556,6.7258798,-6.6480105
488.774158,220.6750591,121.3660185,1.8008684,-0.000049,6.7233603,-6.6454794
491.7746685,219.9910605,124.2873855,1.8007361,0.0001674,6.7189755,-6.646627
494.7750433,219.3073129,127.2090934,1.8018729,0.00111,6.708584,-6.6461944
497.7738623,218.6167352,130.1286375,1.8073995,0.0029204,6.6945793,-6.6426386
500.7693185,217.9014557,133.039636,1.8193995,0.0051183,6.6558594,-6.6541562
503.7602659,217.1426692,135.9353716,1.8380786,0.0073672,6.5556179,-6.7001673
506.7466787,216.3215704,138.8091271,1.8634833,0.0096369,6.4453826,-6.7887458
509.7300584,215.419354,141.6541852,1.8956402,0.0119094,6.4181926,-6.8102554
512.7138402,214.4172145,144.4638285,1.9345211,0.0141167,6.4229821,-6.7462423
515.7034924,213.2963469,147.23134,1.9798239,0.01583,6.495813,-6.6375003
518.7030669,212.0391419,149.9498883,2.0291343,0.0165444,6.6209068,-6.5152592
521.7118505,210.6419739,152.6113114,2.0791266,0.0165347,6.6434601,-6.5301061
524.7267273,209.1102758,155.2065848,2.1287265,0.0164143,6.6385963,-6.5328563
527.744464,207.4496331,157.7266696,2.1781947,0.0164017,6.6569264,-6.5750319
530.7618519,205.6656314,160.1625269,2.2278117,0.0164991,6.7121519,-6.6203003
533.7758096,203.763856,162.5051177,2.2778556,0.0167055,6.6934968,-6.6486478
536.7834862,201.7498925,164.7454031,2.3286023,0.0170063,6.623853,-6.6593456
539.7825452,199.6293264,166.8743441,2.3802409,0.0172197,6.5968849,-6.6390898
542.7731425,197.4078303,168.8835084,2.4319316,0.0170296,6.5859622,-6.605848
545.7583307,195.0920954,170.7715512,2.4820865,0.0164261,6.5480273,-6.6381167
548.7414901,192.6894722,172.5417172,2.5299829,0.0156701,6.5264685,-6.73708
551.7250245,190.2073225,174.1973287,2.5755749,0.0148947,6.5000375,-6.7224194
554.7103994,187.6530079,175.7417077,2.6188692,0.014121,6.4552439,-6.8099582
557.6982058,185.0338903,177.1781764,2.6599061,0.0133638,6.4252937,-6.8888402
560.6882278,182.3573313,178.5100569,2.6987521,0.0125876,6.4602692,-6.8029008
563.6799359,179.6306926,179.7406713,2.7352063,0.0115536,6.53774,-6.7075921
566.6740293,176.8612328,180.875257,2.7678907,0.0100458,6.6345747,-6.5784525
569.6719864,174.0557966,181.9267447,2.7953622,0.0082454,6.7296932,-6.492526
572.6743646,171.2211247,182.9099967,2.8173378,0.0064075,6.7869921,-6.4725448
575.6806435,168.3639576,183.8398753,2.8338512,0.004589,6.7907382,-6.4641573
578.6894955,165.491036,184.7312425,2.8449425,0.0027892,6.754721,-6.4805058
581.6990526,162.6091006,185.5989606,2.8506441,0.0010014,6.707993,-6.5163938
584.7071699,159.724892,186.4578918,2.8509712,-0.0006932,6.6518616,-6.58087
587.711936,156.8451508,187.3228984,2.8464684,-0.0018438,6.5890137,-6.6596817
590.7128233,153.9751757,188.2058165,2.8398872,-0.0020774,6.5317485,-6.7267174
593.7105679,151.1144696,189.1063199,2.8340025,-0.0017529,6.4913743,-6.7568752
596.7060914,148.2610792,190.0210273,2.8293805,-0.0013314,6.4645418,-6.7507156
599.7002627,145.4130513,190.9465572,2.8260282,-0.000907,6.467662,-6.7202104
602.6939124,142.5684328,191.8795282,2.82395,-0.0004811,6.5130142,-6.6802983
605.6878474,139.7252706,192.8165587,2.8231483,-0.0000548,6.5805245,-6.6307984
608.6828616,136.8816114,193.7542674,2.8236215,0.0003508,6.6272988,-6.5831352
611.6795405,134.0355123,194.6892817,2.8252491,0.0006856,6.6593887,-6.542474
614.6779452,131.1856485,195.6187632,2.82773,0.0009366,6.6744543,-6.5088941
617.677796,128.3316582,196.5407061,2.8308658,0.0011518,6.6717572,-6.4864511
620.6788028,125.4732631,197.4531767,2.8346407,0.0013644,6.6573439,-6.4811474
623.6806973,122.6101848,198.3542411,2.8390552,0.0015772,6.6365781,-6.4853038
626.6832366,119.7421449,199.2419656,2.8441099,0.0017902,6.6101516,-6.492041
629.6862072,116.868865,200.1144163,2.8498056,0.001998,6.5800688,-6.5048543
632.6894243,113.9900668,200.9696596,2.8561103,0.0018593,6.5413298,-6.5231607
635.6924481,111.1055356,201.8059502,2.8609745,0.0005208,6.4779465,-6.6036052
638.694049,108.2189491,202.6330323,2.8592371,-0.0022488,6.3781267,-6.7238684
641.6927497,105.3400498,203.4785543,2.8474638,-0.0056427,6.396884,-6.8288063
644.6881266,102.4791058,204.3717164,2.8253804,-0.0086896,6.5099571,-6.8574426
647.6814078,99.646317,205.3414922,2.7954035,-0.0103042,6.6872661,-6.8536516
650.6743277,96.8477106,206.4030499,2.7637012,-0.0101983,6.9484323,-6.8539572
653.6676962,94.08281,207.5500368,2.7343565,-0.0093663,7.2685155,-6.8410048
656.6615898,91.3505747,208.7742347,2.7076206,-0.0086244,7.6158906,-6.8329384
659.6558024,88.6500743,210.0677695,2.6827079,-0.0082111,7.4248762,-6.7932183
662.6503225,85.9816698,211.4267986,2.6584441,-0.0080729,6.9542606,-6.728754
665.6452731,83.3465601,212.850096,2.6343552,-0.0080165,6.6823178,-6.6958985
668.6407462,80.7459585,214.3364796,2.6104221,-0.007965,6.5485532,-6.6897021
671.6368027,78.1810779,215.8847675,2.586633,-0.0079175,6.5072449,-6.6822122
674.6334748,75.6531316,217.4937778,2.5629753,-0.0078741,6.5168743,-6.7157404
677.6307692,73.1633327,219.1623287,2.5394363,-0.0078351,6.5036159,-6.7414107
680.62867,70.7128943,220.8892382,2.5160026,-0.0078006,6.4943224,-6.6867684
683.6271415,68.3030296,222.6733243,2.4926608,-0.0077708,6.5348081,-6.5754411
686.6261308,65.9349516,224.5134052,2.4693969,-0.0077458,6.5878033,-6.4914253
689.6255715,63.6098735,226.4082989,2.4461971,-0.0077256,6.6310405,-6.474206
692.6253856,61.3290084,228.3568236,2.4230471,-0.0077104,6.6017675,-6.4789832
695.625487,59.0935696,230.3577973,2.3999326,-0.0077003,6.5170999,-6.5011591
698.6257841,56.90477,232.4100381,2.3768391,-0.0076952,6.4905481,-6.5560781
701.6261828,54.7638228,234.512364,2.3537522,-0.0076951,6.5256002,-6.578372
704.6265894,52.6719413,236.6635932,2.3306574,-0.0077001,6.5695262,-6.5416687
707.6269131,50.6303384,238.8625437,2.3075403,-0.0077102,6.5963896,-6.5234617
710.6270692,48.6402273,241.1080337,2.2843864,-0.0077253,6.6140611,-6.5284591
713.6269821,46.7028212,243.3988812,2.2611815,-0.0077453,6.607922,-6.5301673
716.6265878,44.8193332,245.7339042,2.2379114,-0.0077701,6.6001815,-6.5182728
719.6258367,42.9909764,248.111921,2.2145622,-0.0077997,6.6014503,-6.5093673
722.6246971,41.218964,250.5317495,2.1911202,-0.007834,6.58775,-6.5031524
725.6231574,39.504509,252.9922078,2.1675719,-0.0078726,6.6006802,-6.4868874
728.6212292,37.8488247,255.4921141,2.1439042,-0.0079156,6.5749226,-6.4768993
731.6189505,36.2531241,258.0302863,2.1201045,-0.0079627,6.5449208,-6.4841391
734.616388,34.7186204,260.6055427,2.0961603,-0.0080136,6.5224844,-6.5047964
737.6136406,33.2465267,263.2167012,2.07206,-0.0080681,6.5012713,-6.5028209
740.6108417,31.8380562,265.86258,2.0477922,-0.0081259,6.5589789,-6.5039503
743.6081624,30.4944219,268.5419971,2.0233464,-0.0081867,6.5795527,-6.5318116
746.6058144,29.2168371,271.2537707,1.9987127,-0.0082484,6.5170387,-6.548833
749.6040415,28.0065148,273.9967187,1.9738918,-0.0082898,6.5545538,-6.4983952
752.6029824,26.8646222,276.7696159,1.9489997,-0.008282,6.5678837,-6.4838862
755.6025537,25.7917887,279.5707275,1.9242118,-0.0082359,6.5518887,-6.5752916
758.60255,24.7882938,282.3979879,1.8995848,-0.0081843,6.5911265,-6.6251893
761.6027314,23.8544113,285.2493259,1.8750994,-0.00814,6.5145619,-6.5820502
764.6028296,22.9904149,288.1226701,1.8507347,-0.0081036,6.5125143,-6.538718
767.6025519,22.1965785,291.0159495,1.8264694,-0.008075,6.5872257,-6.5342869
770.6015856,21.4731757,293.9270926,1.8022818,-0.0080542,6.5818288,-6.5403208
773.5996234,20.8204804,296.8540284,1.7781527,-0.0080354,6.6050462,-6.5260901
776.5966156,20.2387421,299.794724,1.7540958,-0.0080077,6.632785,-6.4901006
779.5929017,19.7279282,302.7475993,1.730153,-0.0079686,6.5839127,-6.4811569
782.5889569,19.2878225,305.7113678,1.7063425,-0.0079254,6.5834227,-6.5293929
785.5852307,18.9182055,308.6847482,1.6826622,-0.0078818,6.6007884,-6.5487082
788.5821454,18.618858,311.6664591,1.6591093,-0.0078382,6.5921714,-6.5350155
791.5800979,18.3895607,314.6552193,1.6356801,-0.0077948,6.5886004,-6.5536175
794.5794609,18.2300941,317.6497474,1.6123708,-0.0077583,6.5865653,-6.5689283
797.5804784,18.1402389,320.6487619,1.5891376,-0.0077629,6.5616738,-6.5658188
800.5828591,18.1200156,323.6507728,1.5657714,-0.0078405,6.5320779,-6.5700654
803.5858342,18.1704121,326.6534476,1.5420467,-0.0079704,6.5354048,-6.5708214
806.588616,18.2926603,329.6542411,1.5178907,-0.00812,6.552613,-6.5412456
809.5905142,18.4879922,332.6506084,1.4932711,-0.008282,6.570484,-6.4974133
812.5909427,18.7576396,335.6400045,1.4681571,-0.0084559,6.5612379,-6.4662757
815.5894285,19.1028345,338.6198844,1.4425187,-0.0086411,6.5432705,-6.4666496
818.5856186,19.5248088,341.5877031,1.4163274,-0.0087873,6.5471454,-6.5066086
821.5794947,20.0247944,344.5409155,1.3898552,-0.0086398,6.5765431,-6.5636447
824.5720224,20.6023372,347.4777039,1.3645979,-0.0079823,6.6543076,-6.5887631
827.5647084,21.250177,350.3991854,1.3420884,-0.0070088,6.7257403,-6.5628045
830.5586502,21.9593363,353.3072176,1.3226514,-0.0059781,6.73642,-6.529381
833.5544101,22.720838,356.2036585,1.306292,-0.0049475,6.7009859,-6.5892757
836.5520993,23.5257045,359.0903655,1.293006,-0.0039204,6.624296,-6.6169319
839.5514635,24.3649586,361.9691965,1.2827844,-0.0028994,6.506287,-6.6162973
842.55197,25.2296229,364.8420092,1.2756101,-0.0019569,6.4359482,-6.6029272
845.5530383,26.1107616,367.7106535,1.2710389,-0.0012732,6.4298082,-6.5919986
848.5543655,27.0019845,370.5764995,1.2679676,-0.000895,6.4484138,-6.5883122
851.5558671,27.9008818,373.4401673,1.2656663,-0.0006482,6.4820238,-6.6010516
854.5574642,28.8053898,376.3022116,1.2640766,-0.0004111,6.5160336,-6.617956
857.5590676,29.7134448,379.1631872,1.2631982,-0.0001742,6.5457305,-6.6290335
860.5605823,30.6229832,382.0236488,1.2630309,0.0000628,6.573454,-6.6238763
863.5619124,31.5319413,384.8841514,1.2635749,0.0002998,6.5974371,-6.5896106
866.5629654,32.4382554,387.7452497,1.2648304,0.0005369,6.6140254,-6.5383882
869.563657,33.339862,390.6074983,1.2667976,0.0007742,6.6338496,-6.4814517
872.5639152,34.2346973,393.4714522,1.2694769,0.0010118,6.6480478,-6.4346122
875.5636856,35.1206977,396.3376662,1.272869,0.0012496,6.6622718,-6.4116457
878.5629352,35.9957995,399.2066949,1.2769742,0.0014877,6.6671139,-6.4241048
881.5616574,36.8579391,402.0790931,1.2817931,0.001726,6.6617494,-6.4835629
884.5598765,37.7050529,404.9554158,1.2873262,0.0019646,6.6442641,-6.5575166
887.5576526,38.535077,407.8362176,1.2935737,0.0022005,6.619191,-6.6165514
890.5550825,39.345948,410.7220533,1.3005194,0.0023991,6.5855364,-6.6458085
893.5522654,40.1356944,413.6134461,1.3079559,0.0025103,6.5640438,-6.664415
896.5492621,40.9034308,416.5105476,1.3155674,0.0025478,6.5571354,-6.6890745
899.5461145,41.6489796,419.4132673,1.3232273,0.0025637,6.5763589,-6.7280341
902.5428671,42.3721752,422.3215103,1.3309337,0.0025793,6.600672,-6.7496451
905.5395675,43.0728519,425.2351821,1.3386866,0.0025949,6.6210496,-6.7271776
908.5362667,43.7508441,428.1541878,1.3464862,0.0026105,6.6293319,-6.6793371
911.533019,44.4059861,431.0784327,1.3543326,0.0026261,6.6265259,-6.6349687
914.5298817,45.0381125,434.0078221,1.3622256,0.0026416,6.6222217,-6.6091601
917.5269158,45.6470575,436.9422614,1.3701655,0.002657,6.6110832,-6.6228324
920.5241856,46.2326556,439.8816557,1.3781521,0.0026724,6.593442,-6.6427805
923.5217585,46.7947411,442.8259104,1.3861855,0.0026878,6.5679195,-6.6332454
926.5197058,47.3331484,445.7749308,1.3942656,0.002703,6.5425222,-6.6138938
929.518102,47.8477118,448.728622,1.4023923,0.0027181,6.5216161,-6.6103756
932.517025,48.3382659,451.6868895,1.4105655,0.0027331,6.5126094,-6.6234872
935.5165564,48.8046448,454.6496385,1.418785,0.0027489,6.5278967,-6.6605406
938.5167603,49.2466831,457.6167743,1.4270561,0.0027699,6.5583449,-6.6737945
941.5175993,49.6641776,460.588165,1.4354058,0.0028002,6.6063883,-6.6700169
944.5189368,50.056773,463.5635291,1.4438625,0.0028365,6.6378455,-6.671404
947.5206235,50.4240759,466.5425468,1.4524333,0.0028746,6.6445799,-6.668412
950.5225188,50.7656925,469.5248984,1.4611202,0.0029133,6.6401923,-6.65624
953.5244917,51.0812293,472.5102643,1.4699249,0.0029528,6.6374945,-6.6302509
956.5264203,51.3702925,475.4983249,1.4788493,0.002993,6.6434256,-6.59194
959.5281926,51.6324887,478.4887604,1.487895,0.0030339,6.6557133,-6.547202
962.5297063,51.8674242,481.4812511,1.4970639,0.0030755,6.6633045,-6.5107436
965.5308694,52.0747053,484.4754775,1.5063577,0.0031177,6.6663365,-6.5035813
968.5316004,52.2539385,487.4711198,1.5157778,0.0031606,6.6671244,-6.5200677
971.5318283,52.4047301,490.4678584,1.5253261,0.003204,6.6667755,-6.5444881
974.5314932,52.5266865,493.4653737,1.535004,0.0032481,6.6685527,-6.5440863
977.5305463,52.6194141,496.4633458,1.5448131,0.0032927,6.6741362,-6.5655398
980.5289503,52.6825192,499.4614552,1.5547547,0.0033376,6.6802127,-6.6018443
983.5266805,52.7156083,502.4593823,1.5648287,0.0033648,6.6820366,-6.6109452
986.5237766,52.7182979,505.4568089,1.5749287,0.0033291,6.6773133,-6.5886095
989.5204048,52.6908381,508.4535232,1.5847835,0.0032175,6.6632272,-6.5571117
992.5167872,52.6344719,511.4494791,1.5942114,0.0030726,6.6397267,-6.5276606
995.5131154,52.5505297,514.4446453,1.6031967,0.0029248,6.6026439,-6.5240927
998.5095452,52.4403416,517.4389903,1.6117385,0.0027766,6.5641381,-6.572846
1001.5061982,52.3052377,520.4324827,1.6198363,0.0026282,6.5133386,-6.6684116
1004.503164,52.1465481,523.4250911,1.6274898,0.0024796,6.448672,-6.7375078
1007.5005015,51.9656031,526.4167842,1.6346991,0.0023311,6.4160254,-6.7120944
1010.4982408,51.7637326,529.4075304,1.6414644,0.0021828,6.4244799,-6.6873929
1013.4963852,51.542267,532.3972984,1.647786,0.0020346,6.4200788,-6.7274068
1016.4949129,51.3025363,535.3860568,1.6536645,0.0018866,6.3877618,-6.7580423
1019.4937784,51.0458706,538.3737742,1.6591004,0.0017389,6.3754602,-6.7542412
1022.4929149,50.7736002,541.3604191,1.6640944,0.0015915,6.407454,-6.7277974
1025.4922357,50.4870551,544.3459601,1.668647,0.0014444,6.4504002,-6.6853807
1028.4916361,50.1875655,547.3303659,1.6727588,0.0012982,6.4852801,-6.6142131
1031.4909994,49.8764616,550.313605,1.6764345,0.0011614,6.5068435,-6.5342268
1034.4902528,49.5550488,553.2956524,1.6797256,0.0010462,6.5244616,-6.4750606
1037.4894014,49.22434,556.2765591,1.6827101,0.0009492,6.5580254,-6.430027
1040.4884785,48.885157,559.2564255,1.6854193,0.0008575,6.6078971,-6.4002421
1043.4875109,48.5383185,562.2353531,1.6878535,0.0007658,6.6599474,-6.3819776
1046.4865196,48.1846429,565.2134433,1.6900128,0.0006742,6.6846257,-6.3833287
1049.4855204,47.8249488,568.1907975,1.6918971,0.0005825,6.6943775,-6.4040131
1052.4845241,47.4600547,571.167517,1.6935063,0.0004907,6.7043411,-6.4341574
1055.4835378,47.0907791,574.1437034,1.6948406,0.000399,6.720336,-6.4662215
1058.4825652,46.7179406,577.1194578,1.6958998,0.0003073,6.7290575,-6.4940442
1061.4816072,46.3423577,580.0948819,1.6966839,0.0002156,6.7206463,-6.5138367
1064.4806632,45.9648489,583.0700769,1.6971931,0.0001239,6.6988425,-6.5283835
1067.4797309,45.5862328,586.0451442,1.6974272,0.0000322,6.6652587,-6.5411111
1070.4788077,45.2073279,589.0201853,1.6973864,-0.0000595,6.6356391,-6.5549569
1073.4778909,44.8289526,591.9953015,1.6970705,-0.0001512,6.6081655,-6.5716542
1076.4769786,44.4519257,594.9705943,1.6964796,-0.0002383,6.580435,-6.5886715
1079.4760706,44.0770656,597.946165,1.6956408,-0.0002981,6.554639,-6.6098826
1082.4751673,43.7050292,600.9220946,1.6946917,-0.0003118,6.5361254,-6.6334689
1085.4742692,43.3358169,603.898381,1.6937706,-0.0002978,6.5298339,-6.656839
1088.4733759,42.9692622,606.875001,1.6929055,-0.0002791,6.5300555,-6.6720914
1091.4724869,42.6051989,609.8519314,1.6920964,-0.0002604,6.5268794,-6.6810491
1094.471601,42.2434604,612.8291489,1.6913433,-0.0002418,6.5174415,-6.6788952
1097.4707168,41.8838804,615.8066305,1.6906463,-0.0002231,6.5115199,-6.6630976
1100.4698326,41.5262924,618.7843529,1.6900052,-0.0002044,6.5056909,-6.6470609
1103.4689462,41.1705301,621.7622928,1.6894202,-0.0001857,6.500467,-6.6320466
1106.4680553,40.816427,624.7404271,1.6888912,-0.0001671,6.4966848,-6.6207316
1109.4671571,40.4638166,627.7187327,1.6884182,-0.0001484,6.4950232,-6.6140012
1112.4662487,40.1125327,630.6971862,1.6880012,-0.0001297,6.4956199,-6.6098661
1115.465327,39.7624087,633.6757646,1.6876402,-0.000111,6.4986207,-6.60781
1118.4643887,39.4132783,636.6544445,1.6873353,-0.0000924,6.50397,-6.6004749
1121.4634303,39.064975,639.6332028,1.6870863,-0.0000738,6.5076136,-6.598717
1124.4624485,38.7173325,642.6120164,1.6868925,-0.0000572,6.5129854,-6.5940166
1127.4614415,38.3701893,645.5908628,1.686743,-0.0000452,6.5216507,-6.5785687
1130.4604107,38.0234431,648.5697302,1.6866213,-0.0000371,6.5319135,-6.5447983
1133.4593584,37.6770304,651.5486137,1.6865208,-0.00003,6.5450213,-6.501927
1136.4582871,37.3308883,654.5275081,1.6864412,-0.000023,6.5534188,-6.4678182
1139.4571991,36.984954,657.5064088,1.6863827,-0.000016,6.5584484,-6.444535
1142.4560968,36.6391645,660.4853107,1.6863451,-0.000009,6.5456907,-6.4334845
1145.4549826,36.2934571,663.4642089,1.6863286,-0.000002,6.5243944,-6.4305098
1148.4538589,35.9477687,666.4430985,1.6863331,0.000005,6.5072115,-6.4322676
1151.452728,35.6020367,669.4219747,1.6863586,0.000012,6.5006208,-6.4385667
1154.4515922,35.256198,672.4008324,1.6864051,0.000019,6.5015244,-6.4493263
1157.4504541,34.9101899,675.3796669,1.6864727,0.000026,6.5125162,-6.4682044
1160.449316,34.5639495,678.3584731,1.6865612,0.000033,6.5331254,-6.4836302
1163.4481803,34.2174138,681.3372462,1.6866708,0.00004,6.5551835,-6.5083091
1166.4470494,33.87052,684.3159812,1.6868014,0.000047,6.5836207,-6.5324241
1169.4459257,33.5232054,687.2946733,1.686953,0.0000541,6.6152453,-6.5605425
1172.4448119,33.1754069,690.2733175,1.6871256,0.0000611,6.6470274,-6.5844473
1175.4437104,32.8270617,693.251909,1.6873192,0.0000681,6.6768457,-6.6069375
1178.4426237,32.4781069,696.2304427,1.6875338,0.0000751,6.7027734,-6.6261896
1181.4415544,32.1284797,699.2089139,1.6877694,0.0000821,6.7210583,-6.6424043
1184.4405053,31.7781173,702.1873175,1.6880261,0.0000891,6.7302573,-6.6605584
1187.4394789,31.4269567,705.1656487,1.6883037,0.0000961,6.7272776,-6.664946
1190.438478,31.074935,708.1439026,1.6886024,0.0001031,6.7148738,-6.6617566
1193.4375055,30.7219895,711.1220742,1.688922,0.0001101,6.6953005,-6.6494215
1196.4365642,30.3680571,714.1001587,1.6892627,0.0001171,6.6727993,-6.6346695
1199.4356569,30.0130752,717.0781511,1.6896244,0.0001241,6.6509294,-6.62643
1202.4347868,29.6569807,720.0560466,1.690007,0.0001311,6.6322365,-6.6190629
1205.4339568,29.2997109,723.0338401,1.6904107,0.0001381,6.6195221,-6.6148365
1208.4331701,28.9412028,726.0115268,1.6908354,0.0001451,6.6121459,-6.6163251
1211.43243,28.5813936,728.9891018,1.691281,0.0001521,6.6095184,-6.6308749
1214.4317397,28.2202204,731.9665602,1.6917477,0.0001591,6.6091477,-6.6523698
1217.4311024,27.8576204,734.9438971,1.6922356,0.0001695,6.609373,-6.6914949
1220.4305149,27.4935288,737.9211071,1.6927643,0.0001913,6.6078847,-6.7312246
1223.4299566,27.1277685,740.8981575,1.6933833,0.0002269,6.6016051,-6.7493601
1226.4293961,26.7599843,743.8749725,1.6941255,0.0002684,6.5907682,-6.7439691
1229.428802,26.3898058,746.8514726,1.6949936,0.0003104,6.5790409,-6.7314464
1232.4281438,26.0168623,749.8275781,1.6959876,0.0003524,6.5717967,-6.7180339
1235.4273923,25.6407832,752.8032094,1.6971076,0.0003944,6.575496,-6.7091506
1238.4265192,25.2611979,755.7782869,1.6983535,0.0004365,6.58941,-6.7086946
1241.4254981,24.8777358,758.7527311,1.6997256,0.0004785,6.6238952,-6.7229581
1244.4243037,24.4900262,761.7264623,1.7012238,0.0005206,6.6774435,-6.7500143
1247.4229126,24.0976987,764.699401,1.7028481,0.0005627,6.7539824,-6.791754
1250.4213034,23.7003824,767.6714674,1.7045987,0.0006049,6.8472519,-6.8448238
1253.4194564,23.2977069,770.6425821,1.7064756,0.0006471,6.9535984,-6.9100189
1256.4173542,22.8893016,773.6126654,1.708479,0.0006893,7.0673784,-6.9806823
1259.4149816,22.4747957,776.5816377,1.7106087,0.0007316,7.1804148,-7.0510984
1262.4123259,22.0538188,779.5494195,1.712865,0.0007777,7.267575,-7.1170553
1265.4093871,21.6260002,782.515931,1.7152706,0.0008764,7.3179234,-7.1771979
1268.4063038,21.1908321,785.4810936,1.7181179,0.0010984,7.3581536,-7.2323559
1271.403437,20.7461699,788.4448378,1.7218536,0.0014246,7.4239945,-7.2846046
1274.4012661,20.2887939,791.4071006,1.7266564,0.0017803,7.5182384,-7.3362551
1277.4003176,19.815465,794.3678188,1.7325263,0.0021347,7.5759623,-7.3952685
1280.4011747,19.3229445,797.3269296,1.7394588,0.0024867,7.5580306,-7.4828245
1283.4044868,18.8079934,800.2843697,1.7474482,0.0028354,7.5390969,-7.6301612
1286.4109797,18.267373,803.2400763,1.7564869,0.0032634,7.5820932,-7.8131413
1289.4210334,17.6978444,806.1939862,1.7670681,0.004851,7.6868001,-7.991558
1292.4299003,17.0933674,809.1446002,1.7857115,0.0092067,7.9514846,-8.2050781
1295.4271895,16.4144751,812.0732792,1.8226159,0.016096,8.3556177,-8.5661769
1298.4065795,15.599719,814.9501134,1.882459,0.0238843,8.8084893,-9.0637016
1301.3738868,14.5872651,817.7449953,1.9650417,0.0297787,9.2868184,-9.3087438
1304.3458289,13.3201649,820.4294638,2.0589337,0.0305407,9.5884766,-9.4470698
1307.3352373,11.7996927,822.994681,2.146454,0.0270708,9.7613751,-9.7008583
1310.3436378,10.0653771,825.4447014,2.2210032,0.0228926,9.8263213,-9.9148984
1313.3645115,8.1574159,827.7838055,2.2845132,0.0203212,9.8518103,-10.1461407
1316.3877057,6.1101593,830.0118628,2.3440729,0.0201617,9.9534766,-10.2401232
1319.4046666,3.9341115,832.1107574,2.4066695,0.0215395,10.0502537,-10.2825842
1322.4096739,1.6336997,834.0577895,2.4742715,0.0234043,10.0883504,-10.2476135
1325.4001144,-0.786649,835.8302594,2.5475328,0.025509,10.140984,-10.1321748
1328.3770664,-3.3225074,837.4054674,2.6269884,0.0277749,10.0397296,-10.0177526
1331.3459044,-5.9694484,838.7607137,2.7129656,0.0300701,9.9204609,-9.9480504
1334.3168663,-8.7230449,839.8732987,2.805472,0.0320452,9.8407069,-9.9619896
1337.3033746,-11.5788697,840.7205227,2.9032186,0.032813,9.7613017,-9.891634
1340.3116124,-14.5271637,841.2836649,3.0015723,0.0321678,9.6929767,-9.9140183
1343.3358937,-17.5364632,841.5602015,3.0972594,0.031247,9.6220325,-9.9115556
1346.3664545,-20.5697831,841.5517294,3.1911675,0.0308904,9.531275,-9.8242411
1349.3929393,-23.5901382,841.2598453,3.285086,0.0312308,9.4593656,-9.7642356
1352.4056598,-26.5605432,840.686146,3.3807989,0.0322633,9.4207872,-9.6745401
1355.3968835,-29.444013,839.8322282,3.4800661,0.0339649,9.4109106,-9.6021223
1358.3622919,-32.2035623,838.6996888,3.5845328,0.0357985,9.4033798,-9.5041935
1361.3068514,-34.8024789,837.2902939,3.6926316,0.0360887,9.3149545,-9.4266619
1364.2475485,-37.2209799,835.616307,3.7968346,0.0337874,9.1959058,-9.460192
1367.2018183,-39.4658393,833.7064597,3.8911057,0.0300962,9.1164113,-9.3377336
1370.1792122,-41.5461533,831.5909232,3.9746749,0.0262933,9.0411416,-9.2680796
1373.1818706,-43.471018,829.2998689,4.047867,0.0227201,8.883202,-9.1306861
1376.2057222,-45.2495295,826.8634679,4.1113918,0.0195035,8.5575726,-8.7878444
1379.2416272,-46.8907839,824.3118917,4.1661151,0.0166743,8.2389056,-8.2295011
1382.2764548,-48.4038773,821.6753115,4.2129132,0.0142807,7.8975361,-7.8304344
1385.2986537,-49.7979387,818.9837434,4.2529719,0.0123667,7.5642803,-7.6938943
1388.3064752,-51.0841184,816.2576504,4.2876778,0.010753,7.2807378,-7.4907202
1391.3046086,-52.2767303,813.5025434,4.3175998,0.0091718,7.0455191,-7.2011377
1394.2970647,-53.3903639,810.7226304,4.3426323,0.0075357,6.9844858,-7.0417891
1397.2867325,-54.439609,807.9221194,4.3626756,0.0058626,6.9910801,-6.9704937
1400.2755946,-55.439055,805.1052184,4.3776739,0.0041706,6.9894721,-6.9401928
1403.2649528,-56.4032916,802.2761353,4.3876013,0.0024942,7.0076186,-6.9128268
1406.2556373,-57.3469085,799.4390781,4.3925855,0.0011293,7.0443994,-6.8870972
1409.2480054,-58.2837147,796.5980385,4.3943573,0.0004956,7.0635368,-6.8506055
1412.2419859,-59.2183207,793.7544599,4.3955516,0.0004788,7.0416819,-6.81887
1415.2373577,-60.1493415,790.9081252,4.3972243,0.0006412,7.0140733,-6.8042217
1418.2339047,-61.0752898,788.0587883,4.3993929,0.0008064,6.9870097,-6.815484
1421.2314204,-61.9946782,785.2062037,4.4020574,0.0009716,6.964528,-6.8556827
1424.2297103,-62.9060191,782.3501254,4.4052177,0.0011368,6.9465626,-6.91635
1427.2285939,-63.8078252,779.4903077,4.4088742,0.001302,6.9125199,-6.9817615
1430.227907,-64.698609,776.6265049,4.4130271,0.0014675,6.8337826,-7.0379784
1433.2275042,-65.576883,773.7584711,4.4176771,0.0016331,6.7288358,-7.082006
1436.2272608,-66.4411599,770.8859605,4.4228247,0.001799,6.6956587,-7.1200606
1439.2270751,-67.2899521,768.0087274,4.4284705,0.0019652,6.7435827,-7.1456707
1442.226871,-68.1217722,765.1265259,4.4346152,0.0021316,6.8188073,-7.1266119
1445.2265996,-68.9351329,762.2391104,4.4412594,0.0022983,6.8859206,-7.0521084
1448.2262422,-69.7285466,759.346235,4.4484036,0.0024651,6.9298622,-6.9978762
1451.2258122,-70.5005259,756.4476539,4.4560483,0.0026087,6.9573854,-6.9843551
1454.225365,-71.2495833,753.5431213,4.4640536,0.0026108,6.982957,-6.9587164
1457.2250031,-71.9750506,750.6325835,4.471711,0.0023761,7.0067647,-6.9207547
1460.2248128,-72.6795775,747.7167646,4.4783086,0.0019987,7.0232646,-6.9074036
1463.2248165,-73.3666536,744.7965855,4.4837027,0.0015975,7.015389,-6.939969
1466.2249783,-74.0397686,741.8729671,4.4878936,0.0011965,6.9811647,-6.9220493
1469.225217,-74.7024122,738.9468305,4.4908819,0.0007957,6.9273209,-6.6297969
1472.2254189,-75.3580741,736.0190967,4.4926681,0.000395,6.8661536,-6.4252437
1475.2254512,-76.0102439,733.0906865,4.4932521,-0.0000056,6.8056586,-6.4203198
1478.2251746,-76.6624113,730.1625209,4.4926341,-0.0004065,6.7400686,-6.5213627
1481.2244565,-77.318066,727.235521,4.4908134,-0.0008076,6.6755889,-6.6134278
1484.223184,-77.9806976,724.3106077,4.4877893,-0.0012092,6.6043212,-6.6728361
1487.2212771,-78.6537959,721.3887019,4.4835609,-0.0016113,6.5404171,-6.7167058
1490.2187015,-79.3408504,718.4707247,4.478127,-0.002014,6.5157693,-6.7410636
1493.2154816,-80.045351,715.557597,4.4714868,-0.0024172,6.5229231,-6.7418536
1496.2117141,-80.7707872,712.6502397,4.4636395,-0.0028128,6.5635972,-6.7202826
1499.2075806,-81.5206487,709.7495738,4.4546313,-0.0031017,6.6392033,-6.673534
1502.2033411,-82.2981575,706.8564495,4.4450556,-0.0031402,6.743397,-6.6181011
1505.1992549,-83.1033716,703.9708792,4.435817,-0.0029668,6.7755673,-6.5667032
1508.1955247,-83.9342828,701.0923283,4.4272797,-0.0027312,6.7356145,-6.5514686
1511.1922987,-84.7888473,698.2202529,4.4194503,-0.0024945,6.7134192,-6.5688671
1514.1896752,-85.6650215,695.3541091,4.412329,-0.0022577,6.7125245,-6.601399
1517.1877076,-86.5607616,692.4933528,4.4059156,-0.0020212,6.6796088,-6.6377671
1520.1864082,-87.4740237,689.6374402,4.4002095,-0.001785,6.6136899,-6.6678426
1523.1857534,-88.4027642,686.7858273,4.3952102,-0.0015491,6.5661606,-6.6835842
1526.1856876,-89.3449393,683.93797,4.3909167,-0.0013136,6.5348228,-6.6841381
1529.1861282,-90.2985053,681.0933245,4.3873283,-0.0010785,6.5014163,-6.6751344
1532.1869697,-91.2614183,678.2513469,4.3844443,-0.0008438,6.4728908,-6.6633523
1535.1880884,-92.2316347,675.411493,4.3822641,-0.0006093,6.4532649,-6.6521384
1538.1893468,-93.2071107,672.5732191,4.3807871,-0.000375,6.4408256,-6.6413303
1541.190598,-94.1858026,669.7359811,4.380013,-0.0001408,6.4376528,-6.6310441
1544.1916903,-95.1656665,666.8992351,4.3799418,0.0000828,6.4524526,-6.6212193
1547.1924862,-96.1446588,664.0624371,4.3805101,0.0002426,6.4892316,-6.6064878
1550.1929256,-97.1211048,661.225139,4.3813978,0.0002953,6.5482544,-6.5945586
1553.1930242,-98.094828,658.3872819,4.3822823,0.0002835,6.6177576,-6.5850846
1556.1928127,-99.0660322,655.5489057,4.3830986,0.0002607,6.6683078,-6.5751839
1559.1923209,-100.0349211,652.7100501,4.3838464,0.0002379,6.6913957,-6.5648392
1562.1915786,-101.0016984,649.870755,4.3845257,0.0002151,6.6951668,-6.5563464
1565.1906149,-101.966568,647.0310601,4.3851366,0.0001923,6.686153,-6.5499489
1568.1894585,-102.9297334,644.1910054,4.385679,0.0001694,6.6754562,-6.5415014
1571.1881379,-103.8913986,641.3506306,4.3861528,0.0001466,6.6761684,-6.5354782
1574.1866813,-104.8517671,638.5099756,4.386558,0.0001237,6.6863824,-6.5280875
1577.1851165,-105.8110427,635.6690802,4.3868947,0.0001008,6.7030818,-6.5280907
1580.1834713,-106.7694292,632.8279841,4.3871628,0.000078,6.7086963,-6.5339061
1583.1817733,-107.7271303,629.9867272,4.3873622,0.0000551,6.7022178,-6.5387322
1586.1800497,-108.6843498,627.1453494,4.387493,0.0000322,6.666072,-6.5472002
1589.1783279,-109.6412913,624.3038905,4.3875552,0.0000093,6.6303706,-6.5577877
1592.1766352,-110.5981586,621.4623902,4.3875489,-0.0000113,6.6106753,-6.5708511
1595.1749933,-111.5551542,618.6208881,4.3874875,-0.000024,6.6040086,-6.5854399
1598.1734099,-112.5124026,615.7794091,4.3874048,-0.0000274,6.603581,-6.5965367
1601.1718835,-113.4699058,612.9379546,4.3873231,-0.0000268,6.6026434,-6.6094597
1604.170412,-114.4276551,610.0965239,4.3872442,-0.0000258,6.6065593,-6.6241147
1607.1689931,-115.3856415,607.2551165,4.3871682,-0.0000249,6.6080897,-6.6384871
1610.1676246,-116.3438564,604.4137317,4.387095,-0.0000239,6.612095,-6.6539079
1613.1663042,-117.302291,601.572369,4.3870247,-0.000023,6.6151027,-6.6698255
1616.1650299,-118.2609364,598.7310278,4.3869571,-0.000022,6.6209162,-6.6819203
1619.1637992,-119.219784,595.8897075,4.3868925,-0.0000211,6.6232882,-6.6978357
1622.16261,-120.1788249,593.0484075,4.3868307,-0.0000201,6.6279192,-6.7045532
1625.1614601,-121.1380503,590.2071271,4.3867717,-0.0000192,6.6291195,-6.7095841
1628.1603472,-122.0974515,587.3658658,4.3867155,-0.0000182,6.6312785,-6.7111863
1631.1592691,-123.0570196,584.5246231,4.3866622,-0.0000173,6.6324223,-6.7053397
1634.1582236,-124.016746,581.6833982,4.3866118,-0.0000164,6.6164656,-6.6954783
1637.1572084,-124.9766218,578.8421906,4.3865641,-0.0000154,6.5627765,-6.6862963
1640.1562212,-125.9366382,576.0009997,4.3865193,-0.0000145,6.5519881,-6.6775607
1643.1552599,-126.8967864,573.1598249,4.3864774,-0.0000135,6.5540869,-6.6617921
1646.1543222,-127.8570578,570.3186656,4.3864383,-0.0000126,6.5558005,-6.648275
1649.1534058,-128.8174434,567.4775212,4.386402,-0.0000116,6.565683,-6.6315715
1652.1525086,-129.7779345,564.6363911,4.3863686,-0.0000107,6.5736208,-6.62087
1655.1516282,-130.7385224,561.7952747,4.386338,-0.0000097,6.5839366,-6.6140959
1658.1507625,-131.6991982,558.9541715,4.3863102,-0.0000088,6.5929922,-6.6093332
1661.1499091,-132.6599532,556.1130807,4.3862853,-0.0000078,6.6069793,-6.6020523
1664.1490659,-133.6207785,553.2720019,4.3862632,-0.0000069,6.6185449,-6.59995
1667.1482305,-134.5816655,550.4309344,4.3862439,-0.0000059,6.6421788,-6.6019527
1670.1474008,-135.5426053,547.5898776,4.3862275,-0.000005,6.6749064,-6.6061404
1673.1465745,-136.5035891,544.7488309,4.386214,-0.0000041,6.7078353,-6.6096266
1676.1457494,-137.4646082,541.9077938,4.3862032,-0.0000031,6.707958,-6.6150813
1679.1449231,-138.4256538,539.0667656,4.3861953,-0.0000022,6.7019217,-6.6220305
1682.1440935,-139.386717,536.2257457,4.3861903,-0.0000012,6.6969826,-6.6299488
1685.1432583,-140.3477892,533.3847336,4.386188,-0.0000003,6.6883108,-6.6370995
1688.1424155,-141.3088615,530.5437286,4.3861884,0.0000004,6.679617,-6.6411458
1691.1415639,-142.2699267,527.7027303,4.3861901,0.0000006,6.673159,-6.6443952
1694.1407037,-143.2309836,524.8617384,4.386192,0.0000006,6.6668492,-6.6472627
1697.139835,-144.1920327,522.0207529,4.3861937,0.0000006,6.6564304,-6.6500087
1700.138958,-145.1530745,519.1797738,4.3861953,0.0000005,6.6470778,-6.6519782
1703.1380729,-146.1141093,516.3388011,4.3861967,0.0000005,6.6390735,-6.6478724
1706.1371799,-147.0751375,513.4978345,4.3861981,0.0000004,6.6315267,-6.6425428
1709.1362792,-148.0361598,510.6568742,4.3861992,0.0000004,6.6241607,-6.6368365
1712.135371,-148.9971764,507.81592,4.3862003,0.0000003,6.6168992,-6.6304338
1715.1344555,-149.9581879,504.9749719,4.3862012,0.0000003,6.6100336,-6.6232466
1718.1335328,-150.9191946,502.1340298,4.386202,0.0000002,6.6042812,-6.615447
1721.1326032,-151.8801971,499.2930937,4.3862026,0.0000002,6.6007104,-6.6073544
1724.1316669,-152.8411957,496.4521634,4.3862031,0.0000001,6.5968512,-6.5994481
1727.1307241,-153.802191,493.6112391,4.3862035,0.0000001,6.5900941,-6.5922414
1730.1297749,-154.7631833,490.7703205,4.3862038,0.0000001,6.5866953,-6.5862288
1733.1288195,-155.724173,487.9294077,4.3862039,0,6.5858704,-6.5817966
1736.1278583,-156.6851607,485.0885005,4.3862039,0,6.5870241,-6.5749809
1739.1268913,-157.6461468,482.247599,4.3862037,-0.0000001,6.5896526,-6.5703714
1742.1259187,-158.6071317,479.406703,4.3862034,-0.0000001,6.5932233,-6.5687053
1745.1249408,-159.5681158,476.5658125,4.386203,-0.0000002,6.5969332,-6.5698992
1748.1239577,-160.5290996,473.7249275,4.3862025,-0.0000002,6.6006311,-6.5735684
1751.1229696,-161.4900836,470.8840479,4.3862018,-0.0000003,6.6041196,-6.57973
1754.1219768,-162.4510682,468.0431736,4.3862009,-0.0000003,6.6073321,-6.587046
1757.1209794,-163.4120537,465.2023045,4.3862,-0.0000003,6.6110486,-6.5920345
1760.1199776,-164.3730408,462.3614408,4.3861989,-0.0000004,6.6153016,-6.5987016
1763.1189717,-165.3340298,459.5205821,4.3861977,-0.0000004,6.6107092,-6.6067568
1766.1179618,-166.2950211,456.6797286,4.3861963,-0.0000005,6.6017878,-6.6157539
1769.116948,-167.2560152,453.8388801,4.3861948,-0.0000005,6.5899891,-6.622237
1772.1159307,-168.2170125,450.9980366,4.3861932,-0.0000006,6.5786373,-6.6281835
1775.11491,-169.1780135,448.1571981,4.3861915,-0.0000006,6.5730014,-6.6354052
1778.1138861,-170.1390187,445.3163644,4.3861896,-0.0000007,6.5755503,-6.6448916
1781.1128592,-171.1000284,442.4755355,4.3861875,-0.0000007,6.5790021,-6.6562952
1784.1118294,-172.0610431,439.6347114,4.3861854,-0.0000007,6.5910834,-6.661719
1787.1107971,-173.0220632,436.793892,4.3861831,-0.0000008,6.6027006,-6.6688089
1790.1097623,-173.9830893,433.9530773,4.3861807,-0.0000008,6.6168412,-6.6761278
1793.1087254,-174.9441217,431.1122671,4.3861781,-0.0000009,6.6343736,-6.6821608
1796.1076864,-175.9051608,428.2714615,4.3861754,-0.0000009,6.6494634,-6.6862253
1799.1066455,-176.8662072,425.4306604,4.3861726,-0.000001,6.6621058,-6.6863316
1802.1056031,-177.8272612,422.5898636,4.3861696,-0.000001,6.6747566,-6.6787453
1805.1045592,-178.7883233,419.7490713,4.3861666,-0.0000011,6.6865501,-6.6699035
1808.103514,-179.749394,416.9082832,4.3861633,-0.0000011,6.6970976,-6.6614086
1811.1024678,-180.7104736,414.0674994,4.38616,-0.0000011,6.7030478,-6.6522821
1814.1014208,-181.6715627,411.2267197,4.3861565,-0.0000012,6.7009288,-6.6404418
1817.1003731,-182.6326617,408.3859442,4.3861529,-0.0000012,6.6943429,-6.6303682
1820.099325,-183.5937709,405.5451728,4.3861491,-0.0000013,6.6798464,-6.6232741
1823.0982766,-184.554891,402.7044054,4.3861452,-0.0000013,6.6544936,-6.6203751
1826.0972281,-185.5160222,399.863642,4.3861412,-0.0000014,6.6248908,-6.6177302
1829.0961798,-186.477165,397.0228824,4.386137,-0.0000014,6.5944714,-6.6248743
1832.0951318,-187.4383199,394.1821267,4.3861327,-0.0000015,6.5832295,-6.63236
1835.0940843,-188.3994874,391.3413748,4.3861283,-0.0000015,6.606246,-6.621714
1838.0930375,-189.3606678,388.5006266,4.3861237,-0.0000015,6.6187004,-6.6285361
1841.0919917,-190.3218616,385.6598821,4.386119,-0.0000016,6.6345859,-6.6356392
1844.0909469,-191.2830693,382.8191412,4.3861142,-0.0000016,6.65336,-6.6401418
1847.0899035,-192.2442913,379.9784038,4.3861093,-0.0000017,6.6666931,-6.6475337
1850.0888616,-193.205528,377.13767,4.3861042,-0.0000017,6.6806085,-6.6511428
1853.0878214,-194.1667798,374.2969396,4.3860989,-0.0000018,6.6916732,-6.6540069
1856.086783,-195.1280473,371.4562126,4.3860936,-0.0000018,6.7047807,-6.6503562
1859.0857468,-196.0893309,368.6154889,4.3860881,-0.0000019,6.7159668,-6.6442967
1862.0847129,-197.0506309,365.7747685,4.3860824,-0.0000019,6.7152879,-6.6260232
1865.0836814,-198.0119479,362.9340513,4.3860767,-0.0000019,6.7009569,-6.6023873
1868.0826526,-198.9732823,360.0933373,4.3860708,-0.000002,6.6832205,-6.5856906
1871.0816267,-199.9346345,357.2526263,4.3860648,-0.000002,6.667225,-6.5747324
1874.0806039,-200.896005,354.4119184,4.3860586,-0.0000021,6.651971,-6.5676585
1877.0795843,-201.8573942,351.5712135,4.3860524,-0.0000021,6.6358837,-6.5672174
1880.0785679,-202.8188021,348.7305115,4.3860462,-0.000002,6.6213182,-6.5660894
1883.0775546,-203.7802282,345.8898123,4.3860403,-0.0000019,6.6042648,-6.5691961
1886.0765443,-204.7416717,343.0491158,4.3860346,-0.0000019,6.589953,-6.5735012
1889.0755368,-205.703132,340.2084218,4.3860292,-0.0000018,6.5744836,-6.5822219
1892.0745322,-206.6646085,337.3677304,4.3860239,-0.0000017,6.5594362,-6.5878047
1895.0735302,-207.6261004,334.5270412,4.3860189,-0.0000016,6.5459265,-6.5971696
1898.0725308,-208.5876071,331.6863544,4.3860141,-0.0000016,6.5326676,-6.6089197
1901.0715339,-209.5491279,328.8456696,4.3860095,-0.0000015,6.5225341,-6.6192531
1904.0705392,-210.5106622,326.0049869,4.3860052,-0.0000014,6.5184394,-6.6290301
1907.0695469,-211.4722092,323.1643061,4.386001,-0.0000013,6.52888,-6.6329595
1910.0685566,-212.4337684,320.3236271,4.3859971,-0.0000013,6.5476773,-6.6285123
1913.0675684,-213.3953391,317.4829498,4.3859934,-0.0000012,6.5563008,-6.6197295
1916.066582,-214.3569205,314.6422741,4.38599,-0.0000011,6.5590208,-6.6113394
1919.0655975,-215.3185121,311.8015998,4.3859867,-0.000001,6.560564,-6.5996962
1922.0646147,-216.2801131,308.9609269,4.3859837,-0.000001,6.5583046,-6.5871215
1925.0636334,-217.2417229,306.1202553,4.3859809,-0.0000009,6.5568678,-6.5714989
1928.0626536,-218.2033409,303.2795848,4.3859783,-0.0000008,6.5554716,-6.5573018
1931.0616752,-219.1649662,300.4389153,4.385976,-0.0000007,6.5540647,-6.5454676
1934.0606981,-220.1265984,297.5982467,4.3859738,-0.0000007,6.5526347,-6.5323569
1937.059722,-221.0882367,294.757579,4.3859719,-0.0000006,6.5514059,-6.520106
1940.0587471,-222.0498805,291.9169119,4.3859702,-0.0000005,6.5506337,-6.5151794
1943.057773,-223.011529,289.0762454,4.3859688,-0.0000005,6.5506195,-6.5160399
1946.0567998,-223.9731817,286.2355794,4.3859675,-0.0000004,6.5518157,-6.5347296
1949.0558273,-224.9348378,283.3949137,4.3859665,-0.0000003,6.5539164,-6.5567152
1952.0548553,-225.8964967,280.5542483,4.3859657,-0.0000002,6.5568826,-6.576771
1955.0538839,-226.8581578,277.7135831,4.3859652,-0.0000002,6.5593491,-6.5948105
1958.0529129,-227.8198203,274.8729178,4.3859648,-0.0000001,6.5609119,-6.6108975
1961.0519421,-228.7814835,272.0322525,4.3859647,0,6.564985,-6.6168359
1964.0509715,-229.7431469,269.191587,4.3859648,0.0000001,6.575679,-6.6164079
1967.0500009,-230.7048098,266.3509212,4.3859651,0.0000001,6.5871481,-6.6106134
1970.0490304,-231.6664714,263.510255,4.3859656,0.0000002,6.5960342,-6.6000161
1973.0480596,-232.6281312,260.6695882,4.3859664,0.0000003,6.6048673,-6.5850296
1976.0470886,-233.5897884,257.8289209,4.3859674,0.0000004,6.6098409,-6.5700011
1979.0461172,-234.5514423,254.9882527,4.3859686,0.0000004,6.603574,-6.5570904
1982.0451453,-235.5130924,252.1475838,4.38597,0.0000005,6.5916851,-6.5498811
1985.0441728,-236.474738,249.3069138,4.3859717,0.0000006,6.5763438,-6.5521372
1988.0431996,-237.4363783,246.4662428,4.3859735,0.0000007,6.555955,-6.5615938
1991.0422256,-238.3980128,243.6255706,4.3859756,0.0000007,6.5347703,-6.5755739
1994.0412506,-239.3596407,240.784897,4.3859779,0.0000008,6.5132736,-6.5914735
1997.0402747,-240.3212614,237.9442221,4.3859805,0.0000009,6.4958316,-6.5985208
2000.0392976,-241.2828742,235.1035456,4.3859833,0.000001,6.4900958,-6.6059576
2003.0383192,-242.2444784,232.2628676,4.3859862,0.000001,6.4970695,-6.6032143
2006.0373395,-243.2060735,229.4221877,4.3859894,0.0000011,6.5087716,-6.5994455
2009.0363583,-244.1676586,226.5815061,4.3859929,0.0000012,6.5240837,-6.5925268
2012.0353755,-245.1292332,223.7408224,4.3859965,0.0000013,6.5317127,-6.582008
2015.0343911,-246.0907966,220.9001367,4.3860004,0.0000013,6.5289665,-6.5697414
2018.0334048,-247.0523481,218.0594488,4.3860045,0.0000014,6.5209024,-6.5574666
2021.0324167,-248.013887,215.2187586,4.3860088,0.0000015,6.5109564,-6.5366935
2024.0314265,-248.9754127,212.3780659,4.3860134,0.0000016,6.5019803,-6.5108889
2027.0304343,-249.9369246,209.5373708,4.3860181,0.0000016,6.4946944,-6.4762974
2030.0294398,-250.8984219,206.696673,4.3860231,0.0000017,6.489496,-6.4292879
2033.0284429,-251.8599039,203.8559725,4.3860283,0.0000018,6.4872686,-6.3951443
2036.0274436,-252.8213701,201.0152692,4.3860338,0.0000018,6.4886268,-6.3801626
2039.0264418,-253.7828197,198.1745629,4.3860394,0.0000019,6.4945814,-6.3764466
2042.0254373,-254.7442521,195.3338535,4.3860453,0.000002,6.5037063,-6.3800219
2045.02443,-255.7056666,192.4931409,4.3860514,0.0000021,6.5152912,-6.386732
2048.0234198,-256.6670625,189.652425,4.3860577,0.0000021,6.529131,-6.4016297
2051.0224067,-257.6284393,186.8117058,4.3860643,0.0000022,6.53915,-6.4151484
2054.0213904,-258.5897961,183.970983,4.3860711,0.0000023,6.5430905,-6.4369453
2057.0203709,-259.5511324,181.1302565,4.386078,0.0000024,6.5442045,-6.4690504
2060.0193482,-260.5124474,178.2895264,4.3860853,0.0000024,6.5427076,-6.504062
2063.018322,-261.4737406,175.4487924,4.3860925,0.000002,6.5414479,-6.5242393
2066.0172924,-262.4350124,172.6080548,4.386097,0.0000004,6.5356446,-6.5263714
2069.0162598,-263.3962776,169.7673184,4.3860947,-0.0000022,6.5303306,-6.523601
2072.0152245,-264.3575604,166.926591,4.3860839,-0.000005,6.5293019,-6.5228182
2075.014187,-265.3188853,164.0858804,4.3860646,-0.0000079,6.5295582,-6.5272772
2078.0131476,-266.2802766,161.2451945,4.3860367,-0.0000107,6.5280858,-6.5394041
2081.0121067,-267.2417586,158.4045411,4.3860003,-0.0000136,6.529258,-6.558309
2084.0110648,-268.2033559,155.563928,4.3859553,-0.0000164,6.5330528,-6.5807102
2087.0100222,-269.1650927,152.7233631,4.3859018,-0.0000193,6.5388698,-6.6011654
2090.0089793,-270.1269935,149.8828541,4.3858398,-0.0000221,6.5459195,-6.6170221
2093.0079367,-271.0890827,147.042409,4.3857692,-0.000025,6.5501397,-6.6261402
2096.0068946,-272.0513846,144.2020356,4.3856901,-0.0000278,6.5544115,-6.6234528
2099.0058535,-273.0139237,141.3617417,4.3856024,-0.0000307,6.5597116,-6.6146829
2102.0048139,-273.9767242,138.5215351,4.3855062,-0.0000335,6.5658095,-6.6064575
2105.0037762,-274.9398108,135.6814237,4.3854014,-0.0000364,6.5713998,-6.5968314
2108.0027408,-275.9032076,132.8414153,4.3852881,-0.0000367,6.5718926,-6.5859838
2111.0017081,-276.8669391,130.0015177,4.3851812,-0.0000219,6.5761241,-6.5785874
2114.0006775,-277.8309451,127.1617104,4.3851568,0.0000185,6.5713462,-6.5724682
2116.9996477,-278.7948163,124.3218558,4.3852923,0.0000744,6.5666252,-6.5679666
2119.9986175,-279.7580536,121.4817859,4.3856033,0.000133,6.5566126,-6.563479
2122.9975861,-280.7201579,118.641333,4.3860899,0.0001915,6.549118,-6.5603924
2125.9965535,-281.6806302,115.8003293,4.386752,0.0002501,6.5487403,-6.5589036
2128.9955208,-282.6389712,112.9586068,4.3875898,0.0003086,6.5604948,-6.5597182
2131.9944902,-283.594682,110.1159978,4.3886031,0.0003672,6.5745368,-6.5635427
2134.9934658,-284.5472633,107.2723345,4.389792,0.0004257,6.5929403,-6.5711989
2137.9924535,-285.4962161,104.427449,4.3911565,0.0004843,6.6104558,-6.5759406
2140.9914612,-286.4410413,101.5811736,4.3926966,0.0005428,6.6251744,-6.5841598
2143.9904993,-287.3812397,98.7333403,4.3944122,0.0006013,6.6373955,-6.5971238
2146.9895811,-288.3163122,95.8837813,4.3963033,0.0006598,6.6480959,-6.6132784
2149.9887226,-289.2457598,93.0323289,4.39837,0.0007183,6.6501503,-6.63121
2152.9879433,-290.1690834,90.1788152,4.4006121,0.0007768,6.6447942,-6.6503128
2155.9872657,-291.0857837,87.3230724,4.4030298,0.000837,6.6367205,-6.6685222
2158.986696,-291.9953607,84.4649329,4.4056327,0.0009029,6.6275835,-6.6823883
2161.9861929,-292.897247,81.60425,4.4084461,0.0009758,6.6218349,-6.688795
2164.985686,-293.7907678,78.7409098,4.4114867,0.0010519,6.6204846,-6.6770807
2167.9851082,-294.6752389,75.8748015,4.4147562,0.0011282,6.6176337,-6.6593918
2170.9843994,-295.549976,73.0058142,4.418255,0.0012048,6.6154919,-6.6386967
2173.9835063,-296.4142949,70.1338371,4.4219831,0.0012814,6.6146586,-6.6168122
2176.9823836,-297.2675112,67.2587591,4.425941,0.0013579,6.6061112,-6.600444
2179.9809947,-298.1089407,64.3804696,4.4301273,0.001417,6.6227912,-6.5941771
2182.9793374,-298.9379084,61.4988594,4.4344391,0.0014149,6.6681677,-6.6010437
2185.9774784,-299.7543401,58.6139371,4.4386122,0.0013393,6.7076763,-6.6212637
2188.9755197,-300.5591198,55.725899,4.4424697,0.0012316,6.7282475,-6.648037
2191.9735555,-301.3532171,52.834958,4.4459967,0.0011213,6.7234281,-6.6739144
2194.9716696,-302.1376018,49.9413273,4.4491929,0.0010109,6.6997565,-6.7001703
2197.9699361,-302.9132434,47.0452197,4.452058,0.0009004,6.6763911,-6.7152929
2200.9684208,-303.6811117,44.1468484,4.454592,0.0007896,6.6575544,-6.7251344
2203.9671797,-304.4421763,41.2464263,4.4567935,0.0006757,6.6399121,-6.7336413
2206.9662357,-305.1974138,38.3441725,4.4586445,0.0005542,6.6244637,-6.7326062
2209.9655651,-305.9478842,35.4403783,4.4601177,0.0004264,6.6101628,-6.7200648
2212.9651222,-306.694703,32.5353833,4.4612021,0.0002967,6.5922958,-6.6926065
2215.9648573,-307.4389866,29.6295278,4.4618976,0.0001671,6.5809972,-6.6652726
2218.9647182,-308.1818516,26.7231521,4.4622044,0.0000375,6.5780275,-6.6415462
2221.9646518,-308.9244144,23.8165967,4.4621225,-0.0000921,6.5769943,-6.6159986
2224.9646052,-309.6677916,20.910202,4.4616519,-0.0002216,6.5872476,-6.5945828
2227.9645271,-310.4130994,18.0043082,4.4607927,-0.0003512,6.6064564,-6.5751745
2230.9643692,-311.1614545,15.0992557,4.4595447,-0.0004808,6.6198284,-6.5618984
2233.9640877,-311.9139734,12.195385,4.4579079,-0.0006105,6.6338998,-6.5489676
2236.9636444,-312.6717724,9.2930363,4.4558821,-0.0007402,6.6451307,-6.5365306
2239.9630081,-313.4359681,6.3925501,4.4534672,-0.00087,6.6512057,-6.5246288
2242.9621564,-314.2076769,3.4942667,4.4506631,-0.0009999,6.647058,-6.5169827
2245.9610763,-314.9880154,0.5985264,4.4474696,-0.0011296,6.638986,-6.5143946
2248.9597665,-315.7780999,-2.2943303,4.4438881,-0.0012429,6.6272762,-6.5182938
2251.9582436,-316.5790386,-5.1839656,4.4400154,-0.0012986,6.615243,-6.527699
2254.9565469,-317.39139,-8.0702073,4.4361003,-0.0012851,6.6076337,-6.5378965
2257.954723,-318.214835,-10.9531475,4.4323092,-0.0012415,6.6002241,-6.5562106
2260.9528149,-319.0489756,-13.8329021,4.4286561,-0.0011955,6.5976047,-6.5839236
2263.950861,-319.8934141,-16.7095868,4.425141,-0.0011494,6.6068138,-6.6199126
2266.9488952,-320.7477527,-19.5833175,4.4217641,-0.0011033,6.6144783,-6.6611954
2269.9469473,-321.6115934,-22.45421,4.4185254,-0.0010572,6.6280518,-6.7025366
2272.9450432,-322.4845386,-25.3223803,4.4154249,-0.0010111,6.6364989,-6.7392363
2275.9432047,-323.3661902,-28.187944,4.4124628,-0.0009649,6.6391494,-6.7558738
2278.9414501,-324.2561506,-31.0510172,4.4096389,-0.0009188,6.6452833,-6.7415198
2281.9397941,-325.1540218,-33.9117155,4.4069535,-0.0008726,6.6496668,-6.7021029
2284.938248,-326.0594061,-36.7701549,4.4044063,-0.0008264,6.6571402,-6.6530628
2287.9368202,-326.9719055,-39.6264511,4.4019975,-0.0007803,6.6661351,-6.6183371
2290.9355157,-327.8911224,-42.4807201,4.399727,-0.0007341,6.6714505,-6.6082671
2293.9343371,-328.8166587,-45.3330776,4.3975949,-0.0006879,6.6718476,-6.6034646
2296.933284,-329.7481168,-48.1836395,4.395601,-0.0006418,6.669793,-6.6060882
2299.9323538,-330.6850987,-51.0325216,4.3937453,-0.0005957,6.6652457,-6.6125715
2302.9315413,-331.6272067,-53.8798398,4.3920279,-0.0005496,6.6468992,-6.6209451
2305.9308394,-332.5740428,-56.72571,4.3904486,-0.0005035,6.6261728,-6.6262362
2308.9302391,-333.5252094,-59.5702478,4.3890076,-0.0004574,6.6052454,-6.6332113
2311.9297292,-334.4803084,-62.4135693,4.3877046,-0.0004114,6.5886001,-6.6432089
2314.9292974,-335.4389422,-65.2557902,4.3865397,-0.0003653,6.5792181,-6.6516187
2317.9289296,-336.4007128,-68.0970264,4.3855129,-0.0003193,6.576931,-6.6568409
2320.9286105,-337.3652225,-70.9373936,4.3846241,-0.0002733,6.5756807,-6.6660087
2323.9283238,-338.3320733,-73.7770078,4.3838734,-0.0002273,6.5821804,-6.6737214
2326.9280522,-339.3008675,-76.6159848,4.3832607,-0.0001813,6.594745,-6.6789922
2329.9277776,-340.2712073,-79.4544404,4.3827859,-0.0001353,6.6072846,-6.6883814
2332.9274813,-341.2426947,-82.2924905,4.3824491,-0.0000893,6.6193911,-6.696373
2335.9271443,-342.2149321,-85.1302508,4.3822503,-0.0000433,6.6356491,-6.6981907
2338.9267473,-343.1875214,-87.9678373,4.3821895,0.0000027,6.6535496,-6.6984541
2341.9262708,-344.1600649,-90.8053658,4.3822667,0.0000468,6.6717875,-6.6977839
2344.9256977,-345.1321648,-93.6429521,4.3824704,0.0000792,6.6859686,-6.6911468
2347.9250216,-346.1034894,-96.4806938,4.382742,0.0000919,6.6993517,-6.6837798
2350.9242474,-347.0739813,-99.3186129,4.3830218,0.0000926,6.7118839,-6.6775512
2353.923382,-348.0436543,-102.1567118,4.3832975,0.0000913,6.7233352,-6.6720556
2356.9224322,-349.0125222,-104.994993,4.3835691,0.0000899,6.7332752,-6.6674176
2359.9214051,-349.9805988,-107.8334587,4.3838367,0.0000885,6.7416829,-6.6637605
2362.9203076,-350.9478979,-110.6721115,4.3841002,0.0000872,6.7481429,-6.6614984
2365.9191466,-351.9144333,-113.5109537,4.3843596,0.0000858,6.7528071,-6.6604081
2368.917929,-352.8802188,-116.3499876,4.3846149,0.0000845,6.7550597,-6.6606068
2371.9166617,-353.8452681,-119.1892158,4.3848661,0.0000831,6.755095,-6.6617385
2374.9153515,-354.809595,-122.0286405,4.3851132,0.0000817,6.7488555,-6.6637215
2377.9140055,-355.7732134,-124.8682642,4.3853562,0.0000804,6.7395581,-6.6647175
2380.9126304,-356.736137,-127.7080892,4.3855952,0.000079,6.7281783,-6.6657471
2383.9112331,-357.6983797,-130.5481181,4.38583,0.0000776,6.7161115,-6.6673057
2386.9098205,-358.6599551,-133.3883531,4.3860608,0.0000763,6.704368,-6.6683181
2389.9083994,-359.6208772,-136.2287966,4.3862874,0.0000749,6.6841156,-6.6713794
2392.9069767,-360.5811596,-139.0694511,4.38651,0.0000735,6.6646693,-6.6736512
2395.9055591,-361.5408163,-141.9103189,4.3867284,0.0000722,6.6480154,-6.6758853
2398.9041535,-362.4998609,-144.7514025,4.3869427,0.0000708,6.6359956,-6.6783696
2401.9027667,-363.4583072,-147.5927042,4.387153,0.0000694,6.6302765,-6.6810017
2404.9014056,-364.4161692,-150.4342264,4.3873591,0.0000681,6.6336802,-6.6840551
2407.9000768,-365.3734604,-153.2759716,4.3875611,0.0000667,6.6451501,-6.6876539
2410.8987873,-366.3301948,-156.117942,4.3877591,0.0000653,6.6626055,-6.6920141
2413.8975438,-367.2863862,-158.9601402,4.3879529,0.0000639,6.6815968,-6.6978524
2416.896353,-368.2420482,-161.8025685,4.3881426,0.0000626,6.7020609,-6.7032801
2419.8952218,-369.1971948,-164.6452293,4.3883282,0.0000612,6.7202116,-6.7103361
2422.8941568,-370.1518396,-167.4881249,4.3885096,0.0000598,6.734899,-6.7184789
2425.8931649,-371.1059965,-170.3312579,4.388687,0.0000585,6.7450551,-6.7276338
2428.8922529,-372.0596794,-173.1746306,4.3888602,0.0000571,6.7486137,-6.7377737
2431.8914273,-373.0129019,-176.0182453,4.3890294,0.0000557,6.7456336,-6.748561
2434.8906951,-373.9656778,-178.8621045,4.3891944,0.0000545,6.7373312,-6.7594354
2437.890062,-374.918021,-181.7062106,4.3893565,0.0000562,6.7262209,-6.7706423
2440.8895234,-375.8699379,-184.5505666,4.3895315,0.0000646,6.715968,-6.7810763
2443.8890581,-376.8213451,-187.3951852,4.389744,0.0000787,6.7091155,-6.7907749
2446.8886384,-377.7720996,-190.2400846,4.390004,0.0000946,6.709034,-6.7961804
2449.8882365,-378.7220568,-193.0852838,4.3903115,0.0001105,6.7154216,-6.7999956
2452.8878247,-379.6710727,-195.9308013,4.3906666,0.0001263,6.731265,-6.8024013
2455.8873757,-380.6190027,-198.7766558,4.3910693,0.0001422,6.7568128,-6.8028409
2458.886862,-381.5657027,-201.622866,4.3915197,0.0001581,6.7839849,-6.8045089
2461.8862566,-382.5110283,-204.4694505,4.3920177,0.000174,6.8162269,-6.7979609
2464.8855325,-383.4548351,-207.3164281,4.3925634,0.0001899,6.8463066,-6.79532
2467.8846632,-384.3969789,-210.1638175,4.3931568,0.0002058,6.875577,-6.7956004
2470.8836221,-385.3373154,-213.0116373,4.3937978,0.0002217,6.8964161,-6.8011718
2473.8823832,-386.2757002,-215.8599061,4.3944866,0.0002377,6.9177896,-6.8098895
2476.8809207,-387.211989,-218.7086427,4.3952232,0.0002536,6.9309393,-6.8257661
2479.8792089,-388.1460376,-221.5578658,4.3960076,0.0002696,6.9410108,-6.8520497
2482.8772226,-389.0777016,-224.407594,4.3968397,0.0002772,6.9486215,-6.8890076
2485.8749578,-390.0068366,-227.2578459,4.3976699,0.0002336,6.9502982,-6.9336705
2488.8725156,-390.9335957,-230.1085869,4.3982402,0.0001032,6.9541184,-6.9780236
2491.8701036,-391.8593695,-232.9595592,4.3982886,-0.0000799,6.9571248,-7.0260503
2494.8679512,-392.785871,-235.8104472,4.3977611,-0.000272,6.9634389,-7.0725173
2497.8662906,-393.714813,-238.6609354,4.3966579,-0.0004639,6.9818101,-7.1092677
2500.8653596,-394.6479084,-241.510708,4.3949796,-0.0006554,7.0204583,-7.1366807
2503.865405,-395.5868702,-244.3594495,4.392727,-0.0008465,7.0703741,-7.1572963
2506.8666848,-396.5334112,-247.2068442,4.3899011,-0.0009728,7.1238062,-7.1654837
2509.8693339,-397.4892442,-250.0525765,4.3868879,-0.000704,7.1821271,-7.1678267
2512.8727665,-398.4538073,-252.8968077,4.3856724,0.0002302,7.2451189,-7.1611979
2515.8756552,-399.4170579,-255.7416857,4.3882709,0.0015702,7.3039359,-7.1604835
2518.8766226,-400.3664849,-258.5898761,4.3951064,0.0029853,7.3534249,-7.1752204
2521.8745522,-401.2895771,-261.4440442,4.4061958,0.004411,7.3738134,-7.2234257
2524.8687522,-402.1738231,-264.3068557,4.4215632,0.0058496,7.3617848,-7.3107666
2527.8591213,-403.0067117,-267.1809759,4.4412338,0.0073689,7.3236781,-7.4602288
2530.8460308,-403.7757317,-270.0690703,4.4656414,0.0136581,7.2762169,-7.6814641
2533.8153553,-404.4658249,-272.9738595,4.5231692,0.0372915,7.1581673,-7.8785393
2536.7605453,-404.892748,-275.9017221,4.688892,0.0754359,7.0862548,-7.845521
2539.7626644,-404.6042182,-278.8626136,4.9651494,0.0924733,6.8490903,-7.6283151
2542.8038755,-403.3912225,-281.7151804,5.2530603,0.0904705,6.4672098,-7.498946
2545.7542075,-401.4735246,-284.0774594,5.53508,0.0932897,6.2249274,-7.3783705
2548.6575086,-399.0661594,-285.7291144,5.8062646,0.0853468,6.0927893,-7.3811412
2551.6065164,-396.3148656,-286.742955,6.0279775,0.0658655,6.1419652,-7.2304561
2554.6059725,-393.3591754,-287.2180475,6.1978845,0.0483748,6.4303935,-6.9574279
2557.6193785,-390.337765,-287.2540468,6.3215754,0.0318556,6.6868969,-6.7630936
2560.6255711,-387.336804,-286.9867346,6.3909803,0.0144106,6.7135095,-6.7008346
2563.6186141,-384.3602774,-286.6071959,6.4081831,0.0018109,6.6648289,-6.7087112
2566.6068216,-381.3974215,-286.2404341,6.4017354,-0.0024759,6.6563905,-6.7528776
2569.6057449,-378.4258099,-285.9003497,6.3934261,-0.0019403,6.686995,-6.7690687
2572.6156461,-375.435984,-285.5805651,6.39008,0.0002724,6.7562319,-6.7489138
2575.62581,-372.4403675,-285.2580894,6.3950533,0.0029849,6.8205887,-6.7047362
2578.6256208,-369.4532875,-284.9084867,6.4080959,0.0044824,6.8184999,-6.6805405
2581.6124159,-366.4874901,-284.5106202,6.4219618,0.0028893,6.7600744,-6.7001043
2584.5940938,-363.5371274,-284.082151,6.425301,-0.0014226,6.6607957,-6.7578579
2587.5826385,-360.5842537,-283.6659837,6.4134996,-0.0062186,6.5860622,-6.8026055
2590.5906644,-357.610717,-283.3054532,6.3882663,-0.0073257,6.5830621,-6.786142
2593.6189334,-354.6013861,-283.0349737,6.3693879,-0.0003553,6.6587021,-6.666521
2596.6455595,-351.5766678,-282.7840104,6.385997,0.0133052,6.7662128,-6.5349084
2599.6480068,-348.5800979,-282.4137244,6.4504785,0.0294589,6.7879515,-6.5555574
2602.6301067,-345.655607,-281.7841115,6.5634242,0.0431269,6.5325805,-6.5754938
2605.6119178,-342.8485652,-280.764115,6.7076804,0.0493537,6.087427,-6.5420246
2608.5931385,-340.2212753,-279.3279296,6.8588418,0.0507279,5.7316439,-6.2821823
2611.557397,-337.8470602,-277.5182476,7.0121563,0.0525276,5.4411793,-6.0199106
2614.496075,-335.7994305,-275.3789295,7.1720328,0.0530918,5.3356947,-5.8422066
2617.4325724,-334.1425204,-272.9553866,7.3241891,0.0456227,5.4145561,-5.8344291
2620.4012073,-332.8314869,-270.3110524,7.4394451,0.0305923,5.6214561,-5.6542015
2623.4060465,-331.7511912,-267.5209853,7.5065563,0.0151971,5.7787927,-5.5816955
2626.4261793,-330.7853233,-264.6604376,7.5315084,0.0045397,5.7679098,-5.6018667
2629.4454296,-329.836951,-261.7920681,7.5341068,0.0002412,5.7638625,-5.6394423
2632.4611392,-328.8865307,-258.9282412,7.5329627,-0.0003884,5.7573356,-5.6728375
2635.4735638,-327.9338353,-256.0687675,7.5317643,-0.0004068,5.732594,-5.7068296
2638.4829593,-326.9786381,-253.2134575,7.5305118,-0.0004252,5.7029956,-5.7383384
2641.4895823,-326.0207122,-250.3621218,7.5292054,-0.0004435,5.6577837,-5.7631251
2644.4936903,-325.0598308,-247.514571,7.5278452,-0.0004617,5.6093958,-5.7785642
2647.4955411,-324.0957668,-244.6706155,7.5264315,-0.0004798,5.5880063,-5.768926
2650.4953933,-323.1282935,-241.830066,7.5249645,-0.0004979,5.6137507,-5.7230555
2653.4935062,-322.1571841,-238.992733,7.5234445,-0.0005158,5.5925004,-5.6533186
2656.4901398,-321.1822115,-236.158427,7.5218717,-0.0005336,5.5719851,-5.5956733
2659.4855549,-320.203149,-233.3269586,7.5202466,-0.0005513,5.5932824,-5.5779369
2662.4800129,-319.2197696,-230.4981384,7.5185694,-0.0005687,5.6988644,-5.602844
2665.473776,-318.2318466,-227.6717768,7.5168406,-0.0005861,5.8159846,-5.6519418
2668.4671073,-317.239153,-224.8476846,7.5150605,-0.000603,5.8407515,-5.720165
2671.4602706,-316.2414619,-222.0256721,7.5132306,-0.0006099,5.8354544,-5.7876268
2674.4535206,-315.2385521,-219.2055483,7.5114098,-0.0005822,5.8355249,-5.8658924
2677.4470869,-314.2305332,-216.3870244,7.5097455,-0.0005136,5.8434702,-5.9279146
2680.4411798,-313.2180279,-213.5696598,7.5083347,-0.0004275,5.8671938,-5.937759
2683.4360049,-312.2017033,-210.7530012,7.5071853,-0.0003401,5.908248,-5.9140903
2686.4317652,-311.182226,-207.936595,7.5062974,-0.0002528,5.9537833,-5.9203703
2689.4286616,-310.160263,-205.1199877,7.5056708,-0.0001655,6.0000819,-5.9532772
2692.4268935,-309.1364811,-202.3027259,7.5053054,-0.0000783,6.0518917,-6.0047691
2695.4266595,-308.1115473,-199.4843562,7.505201,0.0000086,6.1064046,-6.0760685
2698.428158,-307.0861283,-196.664425,7.5053571,0.0000954,6.1776713,-6.1589566
2701.4315875,-306.060891,-193.8424788,7.5057733,0.0001818,6.2690666,-6.2575576
2704.4371478,-305.0365023,-191.0180642,7.5064489,0.0002679,6.3641151,-6.3652423
2707.4450402,-304.0136291,-188.1907277,7.5073834,0.0003536,6.4521034,-6.4752694
2710.455468,-302.9929382,-185.3600159,7.5085758,0.0004389,6.5410855,-6.5836524
2713.4686374,-301.9750965,-182.5254752,7.5100254,0.0005236,6.6185218,-6.6835004
2716.4847581,-300.9607708,-179.6866521,7.511731,0.0004248,6.660844,-6.7642302
2719.5031298,-299.950628,-176.8430933,7.5125888,-0.0021656,6.695594,-6.7681116
2722.511814,-298.9396701,-173.9982936,7.4986134,-0.0106702,6.7408105,-6.6737642
2725.486758,-297.8569713,-171.2016995,7.4478356,-0.0249348,6.8412529,-6.5914072
2728.4181567,-296.5890372,-168.5324275,7.3492069,-0.0418249,6.8845216,-6.630611
2731.3362019,-295.0216623,-166.07009,7.2027396,-0.0541615,6.8790703,-6.7426316
2734.2945955,-293.0513466,-163.890801,7.0347831,-0.0542989,6.9175797,-6.764798
2737.3103544,-290.6988645,-162.0300664,6.8807625,-0.0471763,7.0539524,-6.715743
2740.3563779,-288.0650837,-160.4972206,6.7476511,-0.0410148,7.1182588,-6.7098303
2743.3888425,-285.2522027,-159.301163,6.6283747,-0.0365448,7.1772654,-6.7876852
2746.3882057,-282.3579163,-158.4450008,6.5249476,-0.0298174,7.1631665,-6.970456
2749.3712649,-279.4279338,-157.8649838,6.4499861,-0.0192009,7.0782624,-7.1208586
2752.3546033,-276.474602,-157.4544557,6.4107253,-0.0072759,7.0287908,-7.1106734
2755.3424065,-273.5097196,-157.1060551,6.4065655,0.0021326,7.0610867,-7.0495851
2758.335571,-270.5444203,-156.7190537,6.4234334,0.0056153,7.090392,-7.023512
2761.3339034,-267.5821682,-156.2692332,6.4401832,0.0041758,7.1308086,-7.0740037
2764.335455,-264.6215077,-155.7814526,6.4484949,0.0014704,7.2579202,-7.1574763
2767.3378532,-261.6609025,-155.2813763,6.4490192,-0.0005075,7.3824797,-7.2481995
2770.3397846,-258.699091,-154.7902116,6.4454468,-0.0012612,7.3480425,-7.3196802
2773.3411176,-255.7359036,-154.3114498,6.441447,-0.0012821,7.3200233,-7.3734923
2776.3419397,-252.771442,-153.8441802,6.4377507,-0.0011811,7.3361509,-7.4102608
2779.3423283,-249.8058079,-153.3874923,6.4343584,-0.00108,7.335376,-7.4352207
2782.3423515,-246.8391031,-152.9404756,6.4312703,-0.0009786,7.3180283,-7.4511361
2785.342069,-243.8714293,-152.5022194,6.4284867,-0.0008772,7.2991056,-7.4600234
2788.3415329,-240.9028882,-152.0718134,6.4260079,-0.0007756,7.2867496,-7.4615811
2791.3407883,-237.9335816,-151.6483468,6.4238341,-0.0006739,7.2842082,-7.4555975
2794.3398745,-234.9636112,-151.2309091,6.4219653,-0.0005722,7.3075995,-7.4448308
2797.3388256,-231.9930787,-150.8185899,6.4204018,-0.0004705,7.3470486,-7.4310075
2800.3376714,-229.0220858,-150.4104784,6.4191435,-0.0003687,7.3869436,-7.4169338
2803.3364383,-226.0507343,-150.0056643,6.4181906,-0.0002668,7.4144952,-7.3959173
2806.33515,-223.0791259,-149.6032369,6.4175431,-0.000165,7.4357437,-7.3740763
2809.3338285,-220.1073623,-149.2022857,6.4172011,-0.0000633,7.4533361,-7.3525146
2812.3324947,-217.1355452,-148.8019001,6.4171635,0.0000284,7.4638945,-7.331512
2815.3311656,-214.1637758,-148.4011754,6.4173716,0.0000858,7.4738257,-7.3123
2818.3298481,-211.1921166,-147.9995518,6.4176782,0.0001025,7.4774431,-7.2946765
2821.3285428,-208.2205703,-147.5970019,6.4179864,0.0001017,7.479495,-7.2743084
2824.3272497,-205.2491349,-147.1935437,6.4182884,0.0000997,7.4786248,-7.2555603
2827.3259688,-202.2778082,-146.7891953,6.4185844,0.0000977,7.4719641,-7.2397414
2830.3247002,-199.306588,-146.3839747,6.4188744,0.0000957,7.4433223,-7.2255975
2833.3234436,-196.3354722,-145.9779,6.4191583,0.0000937,7.3298974,-7.2074113
2836.3221991,-193.3644585,-145.5709893,6.4194361,0.0000916,7.1339259,-7.1902482
2839.3209666,-190.3935448,-145.1632606,6.4197078,0.0000896,7.0198647,-7.174236
2842.3197461,-187.4227289,-144.754732,6.4199735,0.0000876,7.0480393,-7.1598543
2845.3185373,-184.4520086,-144.3454216,6.4202331,0.0000856,7.0938053,-7.1464014
2848.3173403,-181.4813818,-143.9353473,6.4204866,0.0000835,7.115182,-7.1307521
2851.3161548,-178.5108463,-143.5245273,6.4207341,0.0000815,7.1308823,-7.1166912
2854.3149807,-175.5404,-143.1129797,6.4209755,0.0000795,7.1404677,-7.1068658
2857.3138179,-172.5700405,-142.7007225,6.4212108,0.0000775,7.1337052,-7.094714
2860.3126662,-169.5997659,-142.2877737,6.4214401,0.0000754,7.1032328,-7.0877274
2863.3115255,-166.6295738,-141.8741514,6.4216633,0.0000734,7.0753424,-7.0826631
2866.3103954,-163.6594622,-141.4598737,6.4218804,0.0000714,7.0667507,-7.0756846
2869.3092759,-160.6894288,-141.0449587,6.4220915,0.0000694,7.0767975,-7.0713834
2872.3081666,-157.7194715,-140.6294243,6.4222965,0.0000673,7.1004486,-7.0686459
2875.3070674,-154.749588,-140.2132888,6.4224954,0.0000653,7.1317707,-7.066402
2878.305978,-151.7797763,-139.79657,6.4226883,0.0000633,7.1678559,-7.0642698
2881.3048983,-148.8100342,-139.3792861,6.4228751,0.0000613,7.2010804,-7.0617381
2884.3038278,-145.8403594,-138.9614552,6.4230558,0.0000593,6.9845718,-7.0585567
2887.3027664,-142.8707499,-138.5430953,6.4232305,0.0000572,6.9180849,-7.0545531
2890.3017137,-139.9012034,-138.1242245,6.4233991,0.0000552,6.8994243,-7.0426083
2893.3006695,-136.9317177,-137.7048608,6.4235616,0.0000532,6.8908995,-7.0244555
2896.2996335,-133.9622907,-137.2850223,6.4237181,0.0000512,6.8900665,-7.0050148
2899.2986054,-130.9929202,-136.8647271,6.4238685,0.0000491,6.8924469,-6.9793393
2902.2975848,-128.0236041,-136.4439931,6.4240128,0.0000471,6.8954209,-6.954701
2905.2965714,-125.0543401,-136.0228386,6.4241511,0.0000451,6.8991107,-6.938875
2908.295565,-122.0851261,-135.6012815,6.4242833,0.0000431,6.9041225,-6.934852
2911.2945651,-119.1159599,-135.1793399,6.4244095,0.0000411,6.9099955,-6.9383722
2914.2935714,-116.1468394,-134.7570318,6.4245295,0.000039,6.9167903,-6.9473744
2917.2925836,-113.1777623,-134.3343754,6.4246436,0.000037,6.924201,-6.9595186
2920.2916014,-110.2087265,-133.9113887,6.4247515,0.000035,6.9322062,-6.9736853
2923.2906242,-107.2397298,-133.4880897,6.4248534,0.000033,6.9407795,-6.9887852
2926.2896519,-104.2707701,-133.0644966,6.4249492,0.0000309,6.949865,-7.0041027
2929.2886839,-101.3018451,-132.6406273,6.425039,0.0000289,6.9594482,-7.0188871
2932.28772,-98.3329527,-132.2164999,6.4251226,0.0000269,6.9694637,-7.0312749
2935.2867597,-95.3640908,-131.7921326,6.4252003,0.0000249,6.979952,-7.041284
2938.2858027,-92.3952571,-131.3675433,6.4252718,0.0000228,6.9908199,-7.0495503
2941.2848486,-89.4264494,-130.9427501,6.4253373,0.0000208,7.0017698,-7.0555095
2944.2838969,-86.4576657,-130.5177711,6.4253968,0.0000188,7.0112148,-7.0597834
2947.2829473,-83.4889037,-130.0926243,6.4254501,0.0000168,7.0205411,-7.0625015
2950.2819994,-80.5201612,-129.6673279,6.4254974,0.0000148,7.0302131,-7.0642583
2953.2810527,-77.5514361,-129.2418998,6.4255387,0.0000127,7.0402729,-7.0652922
2956.2801069,-74.5827263,-128.8163581,6.4255738,0.0000107,7.0506652,-7.0660353
2959.2791615,-71.6140294,-128.3907209,6.425603,0.0000087,7.061211,-7.0670051
2962.2782162,-68.6453434,-127.9650063,6.425626,0.0000067,7.072894,-7.0648589
2965.2772706,-65.6766661,-127.5392323,6.425643,0.0000047,7.0843497,-7.0615641
2968.2763241,-62.7079953,-127.1134169,6.4256539,0.0000026,7.0962765,-7.0589726
2971.2753765,-59.7393288,-126.6875783,6.4256587,0.0000006,7.1085705,-7.0575314
2974.2744272,-56.7706644,-126.2617345,6.4256575,-0.0000014,7.1212367,-7.0577995
2977.273476,-53.8020001,-125.8359035,6.4256503,-0.0000034,7.1343269,-7.0601638
2980.2725223,-50.8333336,-125.4101035,6.4256369,-0.0000055,7.1461058,-7.0618829
2983.2715657,-47.8646627,-124.9843524,6.4256175,-0.0000075,7.1575429,-7.0626944
2986.270606,-44.8959852,-124.5586684,6.425592,-0.0000095,7.1709331,-7.0689922
2989.2696425,-41.9272991,-124.1330695,6.4255605,-0.0000115,7.1827147,-7.0775343
2992.268675,-38.958602,-123.7075738,6.4255229,-0.0000135,7.2005578,-7.0875133
2995.267703,-35.989892,-123.2821992,6.4254792,-0.0000112,7.1931425,-7.1070512
3004.2647697,-33.0211666,-122.856964,6.4254559,-0.0000078,7.1716139,-7.1283799
