,s_opt,v_opt,n_opt,chi_opt,ax_opt,ay_opt,jx_opt,jy_opt,t_opt
0,0.000000,63.419554,-3.135128,0.008810,4.193615,0.689767,-1.407181,-2.254621,0.000000
1,2.997226,63.616211,-3.107913,0.009306,4.127098,0.583192,-2.552867,-2.251756,0.047269
2,5.994456,63.807865,-3.079319,0.009730,4.006795,0.477079,4.279821,-2.245743,0.094394
3,8.991690,64.000845,-3.049565,0.010076,4.207878,0.371565,1.479926,-2.236934,0.141378
4,11.988927,64.199566,-3.018892,0.010343,4.277198,0.266786,-1.228297,-2.225284,0.188218
5,14.986167,64.397953,-2.987538,0.010530,4.219842,0.162875,-3.843236,-2.210618,0.234914
6,17.983410,64.590239,-2.955737,0.010641,4.040925,0.059962,-1.056936,-2.192831,0.281468
7,20.980657,64.776672,-2.923718,0.010676,3.991864,-0.041825,-1.434714,-2.172061,0.327886
8,23.977907,64.959902,-2.891706,0.010635,3.925457,-0.142361,0.852689,-2.148339,0.374172
9,26.975160,65.141995,-2.859925,0.010523,3.964814,-0.241520,0.696525,-2.121763,0.420328
10,29.972417,65.325222,-2.828585,0.010341,3.996873,-0.339178,-1.536316,-2.092320,0.466355
11,32.969676,65.507053,-2.797897,0.010090,3.926358,-0.435212,-3.676952,-2.059868,0.512254
12,35.966938,65.682922,-2.768060,0.009773,3.758054,-0.529498,-5.718177,-2.024248,0.558026
13,38.964203,65.848532,-2.739276,0.009390,3.496997,-0.621913,0.373725,-1.985411,0.603680
14,41.961470,66.008179,-2.711737,0.008944,3.514018,-0.712332,-1.837569,-1.943537,0.649222
15,44.958741,66.165931,-2.685628,0.008438,3.430533,-0.800631,-3.946736,-1.898524,0.694654
16,47.956014,66.317368,-2.661129,0.007872,3.251645,-0.886682,2.108049,-1.850289,0.739980
17,50.953289,66.466575,-2.638412,0.007250,3.346978,-0.970359,-0.069468,-1.798970,0.785203
18,53.950567,66.617524,-2.617648,0.006572,3.343844,-1.051531,-2.154043,-1.744466,0.830324
19,56.947848,66.765879,-2.598999,0.005842,3.246870,-1.130066,-4.136299,-1.686604,0.875344
20,59.945131,66.907560,-2.582618,0.005061,3.061061,-1.205831,-6.036022,-1.625221,0.920265
21,62.942416,67.038721,-2.568654,0.004233,2.790468,-1.278689,-7.840368,-1.560165,0.965095
22,65.939703,67.155736,-2.557247,0.003358,2.439639,-1.348501,-5.400852,-1.491322,1.009841
23,68.936993,67.259333,-2.548534,0.002438,2.198365,-1.415123,-1.569286,-1.418718,1.054515
24,71.934285,67.355835,-2.542648,0.001476,2.128364,-1.478408,-3.463115,-1.342390,1.099122
25,74.931579,67.447207,-2.539709,0.000475,1.974100,-1.538205,-5.265021,-1.262222,1.143667
26,77.928874,67.529819,-2.539834,-0.000564,1.739873,-1.594357,5.834352,-1.178142,1.188154
27,80.926172,67.612888,-2.543128,-0.001637,1.999117,-1.646707,3.634047,-1.090294,1.232588
28,83.923471,67.705180,-2.549696,-0.002743,2.160383,-1.695090,3.345466,-0.998583,1.276965
29,86.920772,67.804200,-2.559631,-0.003879,2.308634,-1.739342,1.267000,-0.902870,1.321279
30,89.918075,67.907592,-2.573013,-0.005039,2.364696,-1.779292,-0.719923,-0.803003,1.365526
31,92.915379,68.011363,-2.589915,-0.006223,2.332889,-1.814769,-2.615329,-0.698831,1.409707
32,95.912685,68.111733,-2.610400,-0.007426,2.217516,-1.845597,-4.418878,-0.590212,1.453821
33,98.909992,68.205131,-2.634524,-0.008647,2.022855,-1.871597,-6.129877,-0.477018,1.497874
34,101.907301,68.288195,-2.662336,-0.009881,1.753168,-1.892584,-7.747246,-0.359130,1.541869
35,104.904611,68.357760,-2.693871,-0.011126,1.412701,-1.908367,-9.262311,-0.236439,1.585816
36,107.901922,68.410860,-2.729157,-0.012379,1.006012,-1.918748,-10.688897,-0.108847,1.629724
37,110.899235,68.444714,-2.768212,-0.013636,0.536977,-1.923524,-12.017625,0.023734,1.673604
38,113.896549,68.456707,-2.811050,-0.014897,0.009803,-1.922483,-13.246801,0.161385,1.717471
39,116.893863,68.444391,-2.857675,-0.016157,-0.571301,-1.915404,-14.374640,0.304177,1.761339
40,119.891179,68.405478,-2.908078,-0.017413,-1.202130,-1.902055,-15.399580,0.452174,1.805223
41,122.888496,68.337827,-2.962243,-0.018661,-1.878480,-1.882195,-16.319760,0.605431,1.849143
42,125.885813,68.239443,-3.020142,-0.019900,-2.596131,-1.855572,-17.133454,0.763995,1.893118
43,128.883132,68.108462,-3.081743,-0.021125,-3.350852,-1.821918,-17.839097,0.927905,1.937167
44,131.880451,67.943150,-3.147001,-0.022333,-4.138387,-1.780955,-18.435088,1.097192,1.981314
45,134.877771,67.741893,-3.215857,-0.023520,-4.954455,-1.732385,-18.920009,1.271879,2.025581
46,137.875091,67.503195,-3.288243,-0.024681,-5.794737,-1.675898,-19.292548,1.451980,2.069993
47,140.872412,67.225669,-3.364072,-0.025813,-6.654873,-1.611163,-19.551539,1.637498,2.114577
48,143.869733,66.908038,-3.443253,-0.026911,-7.530451,-1.537831,-19.696080,1.828434,2.159360
49,146.867055,66.549129,-3.525675,-0.027969,-8.417001,-1.455530,-19.725349,2.024771,2.204372
50,149.864378,66.147871,-3.611206,-0.028980,-9.309983,-1.363867,-19.638783,2.226491,2.249643
51,152.861700,65.703300,-3.699700,-0.029939,-10.204777,-1.262423,-19.436008,2.433561,2.295205
52,155.859023,65.214551,-3.790987,-0.030837,-11.096673,-1.150749,-19.116881,2.645934,2.341094
53,158.856346,64.680865,-3.884876,-0.031669,-11.980857,-1.028371,-18.681596,2.863566,2.387346
54,161.853669,64.101598,-3.981151,-0.032422,-12.852401,-0.894778,-18.130483,3.086388,2.433998
55,164.850993,63.476217,-4.079562,-0.033088,-13.706244,-0.749427,-17.464211,3.314330,2.481092
56,167.848316,62.804316,-4.179827,-0.033653,-14.537179,-0.591733,-16.683686,3.547302,2.528672
57,170.845640,62.085623,-4.281623,-0.034105,-15.339833,-0.421072,-15.790102,3.785207,2.576782
58,173.842963,61.320012,-4.384592,-0.034429,-16.108650,-0.236771,-14.785031,4.027956,2.625472
59,176.840286,60.507531,-4.488319,-0.034607,-16.837866,-0.038107,-13.670226,4.275424,2.674793
60,179.837609,59.648412,-4.592334,-0.034617,-17.521485,0.175697,-12.447801,4.527520,2.724801
61,182.834932,58.743106,-4.696101,-0.034437,-18.153252,0.405484,-11.120159,4.784107,2.775554
62,185.832255,57.792316,-4.799004,-0.034037,-18.726624,0.652160,-9.690020,5.045098,2.827116
63,188.829576,56.797045,-4.900333,-0.033382,-19.234730,0.916704,-8.160336,5.310416,2.879552
64,191.826889,55.758648,-4.999251,-0.032427,-19.670338,1.200180,-6.534173,5.579956,2.932933
65,194.824186,54.678886,-5.094781,-0.031122,-20.025805,1.503737,-4.814728,5.853600,2.987334
66,197.821458,53.560000,-5.185796,-0.029416,-20.293032,1.828623,-3.005339,6.131280,3.042836
67,200.818697,52.404802,-5.271008,-0.027252,-20.463398,2.176193,-1.109352,6.413021,3.099524
68,203.815893,51.216802,-5.348944,-0.024562,-20.527701,2.547916,0.870090,6.698870,3.157488
69,206.813037,50.000336,-5.417909,-0.021269,-20.476074,2.945389,2.930217,6.988987,3.216822
70,209.810122,48.760739,-5.475966,-0.017283,-20.297907,3.370342,5.068941,7.283694,3.277625
71,212.807138,47.504554,-5.520884,-0.012500,-19.981741,3.824649,7.285248,7.583475,3.339998
72,215.804076,46.239771,-5.550090,-0.006796,-19.515160,4.310331,9.579731,7.889032,3.404043
73,218.800927,44.976114,-5.560619,-0.000030,-18.884663,4.829553,11.955298,8.201350,3.469859
74,221.797684,43.725374,-5.549048,0.007959,-18.075523,5.384624,14.418086,8.521951,3.537539
75,224.794336,42.501782,-5.511437,0.017354,-17.071638,5.977980,16.978111,8.750486,3.607166
76,227.790877,41.322408,-5.443265,0.028353,-15.855401,6.604826,19.644939,8.477997,3.678802
77,230.787297,40.207544,-5.339431,0.041124,-14.408015,7.229463,22.426287,7.590353,3.752479
78,233.783593,39.180948,-5.194441,0.055729,-12.710051,7.804152,14.201788,16.632957,3.828192
79,236.779842,38.236074,-5.001986,0.072887,-11.606361,9.096780,9.372020,20.864878,3.905907
80,239.776254,37.340407,-4.752167,0.093867,-10.859061,10.760490,11.413939,17.569828,3.985644
81,242.773094,36.489995,-4.432149,0.119134,-9.925024,12.198282,13.515158,13.578222,4.067477
82,245.770630,35.704039,-4.028760,0.148445,-8.789850,13.338753,15.622587,8.877826,4.151470
83,248.769130,35.004520,-3.529622,0.181271,-7.443445,14.103873,14.691102,7.549450,4.237653
84,251.768864,34.404129,-2.923566,0.217185,-6.145248,14.770989,13.532522,6.396856,4.326019
85,254.770104,33.903146,-2.199610,0.255830,-4.919852,15.350237,12.063236,5.495529,4.416571
86,257.772921,33.498424,-1.348922,0.294685,-3.800055,15.860371,10.827443,3.855526,4.509399
87,260.774410,33.186345,-0.378210,0.326611,-2.771714,16.226552,10.001830,1.361232,4.604374
88,263.768177,32.966401,0.668452,0.342129,-1.811827,16.357191,8.465331,1.114572,4.700345
89,266.751342,32.832802,1.708599,0.334903,-1.010341,16.462717,6.409943,3.655279,4.795024
90,269.731195,32.767329,2.655023,0.305926,-0.425942,16.795971,5.120680,3.691380,4.886194
91,272.719835,32.749652,3.458752,0.264136,0.019799,17.117296,3.494784,3.447443,4.973242
92,275.720189,32.763600,4.116950,0.219880,0.312863,17.406390,2.228217,0.261925,5.057099
93,278.726108,32.796607,4.645385,0.177509,0.494950,17.427794,1.051948,-3.759917,5.138818
94,281.729879,32.839639,5.056269,0.136250,0.579234,17.126542,1.223498,4.419850,5.218940
95,284.727845,32.889129,5.356012,0.095695,0.675732,17.475136,1.383962,11.997627,5.297810
96,287.721284,32.946027,5.551339,0.057036,0.783646,18.410654,0.906486,7.825597,5.375785
97,290.712064,33.009406,5.649887,0.020437,0.853819,19.016447,1.273191,3.623393,5.453197
98,293.701558,33.079041,5.656588,-0.015083,0.952010,19.295890,0.217608,-4.324210,5.530319
99,296.690966,33.153063,5.572645,-0.050873,0.968782,18.962604,0.713574,-5.248475,5.607393
100,299.681627,33.230066,5.394996,-0.087957,1.023930,18.556978,5.737919,0.759897,5.684678
101,302.675343,33.327067,5.118636,-0.126009,1.470240,18.616084,7.200819,0.234153,5.762460
102,305.674028,33.464859,4.738880,-0.164353,2.036181,18.634487,7.217668,-1.716216,5.841054
103,308.676427,33.650141,4.250305,-0.202919,2.611636,18.497656,7.979638,-0.962864,5.920783
104,311.677367,33.888322,3.645742,-0.242046,3.259116,18.419527,8.544327,0.500270,6.001925
105,314.671283,34.187801,2.915203,-0.281605,3.967307,18.460992,7.701498,0.461242,6.084809
106,317.655924,34.553957,2.048688,-0.317494,4.623789,18.500309,5.636104,-0.778894,6.170050
107,320.638872,34.982493,1.056514,-0.340188,5.119568,18.431793,5.516546,1.435262,6.258015
108,323.629199,35.463815,-0.004984,-0.341347,5.614308,18.560512,11.526799,-0.839004,6.347697
109,326.627212,36.010808,-1.046048,-0.320552,6.643086,18.485630,9.150375,-0.350865,6.436948
110,329.628111,36.623403,-1.990485,-0.284861,7.439189,18.455104,6.651825,0.731038,6.523951
111,332.628992,37.273748,-2.803801,-0.243534,7.999593,18.516692,0.182268,-4.404258,6.608199
112,335.629502,37.928882,-3.484260,-0.202904,8.014506,18.156337,-6.883256,-9.183607,6.690018
113,338.629551,38.546588,-4.042081,-0.165239,7.465163,17.423405,-14.196314,-13.179075,6.769827
114,341.629049,39.086754,-4.489070,-0.130987,6.355465,16.393223,-12.545908,-16.365121,6.847995
115,344.627902,39.538337,-4.836986,-0.100280,5.390817,15.134918,-3.589598,-18.736399,6.924885
116,347.626018,39.937131,-5.097330,-0.073180,5.118387,13.712932,-3.937417,-20.325871,7.000779
117,350.623308,40.310242,-5.281366,-0.049695,4.822830,12.187201,16.831231,-21.167187,7.075842
118,353.619730,40.715058,-5.399942,-0.029688,6.073449,10.614406,10.865165,-21.318504,7.150146
119,356.615382,41.190510,-5.463257,-0.012933,6.871574,9.048408,5.054221,-20.794665,7.223603
120,359.610460,41.702291,-5.480704,0.000858,7.238220,7.539908,-0.605245,-19.702205,7.296146
121,362.605173,42.219169,-5.460768,0.011992,7.194870,6.128758,-6.114009,-18.490046,7.367770
122,365.599723,42.712906,-5.410990,0.020777,6.762303,4.820582,-11.466065,-17.265298,7.438520
123,368.594316,43.157933,-5.337994,0.027507,5.960144,3.612712,4.403790,-16.032111,7.508479
124,371.589156,43.581272,-5.247558,0.032443,6.265134,2.502388,-0.756372,-14.808859,7.577736
125,374.584442,44.009088,-5.144750,0.035789,6.213270,1.486957,-5.771417,-13.589184,7.646305
126,377.580303,44.417740,-5.034112,0.037687,5.821317,0.564078,-10.636313,-12.366896,7.714218
127,380.576744,44.785531,-4.919801,0.038255,5.105277,-0.268466,-2.586878,-11.141544,7.781538
128,383.573716,45.120798,-4.805610,0.037629,4.932470,-1.012735,-7.175573,-9.919275,7.848339
129,386.571166,45.432150,-4.694893,0.035964,4.456568,-1.670606,-11.903340,-8.697520,7.914662
130,389.569044,45.699979,-4.590546,0.033409,3.672175,-2.243745,-9.321520,-7.473600,7.980559
131,392.567296,45.920645,-4.495041,0.030098,3.061209,-2.733592,-5.352014,-6.249067,8.046102
132,395.565870,46.108996,-4.410453,0.026158,2.711989,-3.141345,-4.800939,-5.026358,8.111352
133,398.564716,46.275123,-4.338491,0.021707,2.399948,-3.468037,-0.876566,-3.806460,8.176348
134,401.563780,46.428728,-4.280513,0.016863,2.343173,-3.714580,-8.964355,-2.589483,8.241118
135,404.563011,46.561327,-4.237524,0.011739,1.764404,-3.881766,-1.333487,-1.374190,8.305681
136,407.562356,46.672185,-4.210207,0.006440,1.678532,-3.970259,-5.827850,-0.160799,8.370078
137,410.561763,46.768005,-4.198928,0.001072,1.304078,-3.980591,3.575393,1.051654,8.434331
138,413.561181,46.858989,-4.203739,-0.004263,1.533370,-3.913148,-1.683004,2.263918,8.498461
139,416.560556,46.953685,-4.224381,-0.009456,1.425650,-3.768246,3.311565,3.476869,8.562466
140,419.559836,47.051514,-4.260272,-0.014403,1.637197,-3.546138,5.181310,4.692791,8.626348
141,422.558970,47.166404,-4.310522,-0.019001,1.967479,-3.246997,4.659751,5.913555,8.690093
142,425.557905,47.300923,-4.373933,-0.023147,2.263763,-2.870991,2.371151,7.140066,8.753676
143,428.556588,47.449213,-4.448992,-0.026738,2.414096,-2.418304,4.995662,8.372842,8.817077
144,431.554967,47.611769,-4.533891,-0.029679,2.729836,-1.889118,7.201061,9.614240,8.880280
145,434.552991,47.797975,-4.626541,-0.031876,3.183359,-1.283613,9.967302,10.867077,8.943260
146,437.550607,48.017244,-4.724567,-0.033240,3.808518,-0.602019,7.615046,12.133754,9.005981
147,440.547763,48.269795,-4.825336,-0.033684,4.283827,0.155336,5.437342,13.413460,9.068398
148,443.544406,48.546203,-4.925963,-0.033131,4.621367,0.988017,3.432645,14.704498,9.130476
149,446.540485,48.837952,-5.023343,-0.031509,4.833215,1.895517,1.600211,16.004741,9.192192
150,449.535948,49.137438,-5.114158,-0.028750,4.931374,2.877269,-0.058391,17.311632,9.253533
151,452.530741,49.437969,-5.194900,-0.024794,4.927815,3.932666,-1.540312,18.622417,9.314498
152,455.524815,49.733736,-5.261880,-0.019580,4.834481,5.061067,-2.841864,19.933846,9.375092
153,458.518116,50.019791,-5.311230,-0.013049,4.663299,6.261805,-3.958729,21.242457,9.435328
154,461.510593,50.292011,-5.338910,-0.005144,4.426179,7.534184,-4.886126,22.544329,9.495226
155,464.502193,50.547069,-5.340700,0.004198,4.135041,8.877478,-5.619801,23.772584,9.554810
156,467.492868,50.782384,-5.312157,0.015074,3.801805,10.287116,-6.160547,24.670648,9.614107
157,470.482728,50.996062,-5.248402,0.027688,3.438164,11.743359,-6.514474,25.173629,9.673135
158,473.472385,51.186888,-5.143881,0.042287,3.055276,13.222938,-6.688735,25.273706,9.731910
159,476.462824,51.354323,-4.992412,0.059021,2.663617,14.702843,-6.692643,24.961137,9.790465
160,479.455076,51.498436,-4.787519,0.077915,2.272855,16.160243,-6.539167,24.229631,9.848851
161,482.450178,51.619795,-4.522669,0.098935,1.891742,17.572383,-6.244567,23.075085,9.907133
162,485.449176,51.719391,-4.191321,0.122035,1.528012,18.916450,-5.827666,21.493460,9.965380
163,488.453128,51.798566,-3.786910,0.147113,1.188279,20.169443,-5.307373,19.472586,10.023677
164,491.463104,51.858972,-3.303217,0.173566,0.877964,21.307980,-4.704293,16.999590,10.082146
165,494.479314,51.902479,-2.736829,0.199395,0.601229,22.307998,-4.052113,14.103931,10.140972
166,497.499264,51.931011,-2.092051,0.221702,0.360897,23.144506,-3.392782,10.837818,10.200282
167,500.518531,51.946514,-1.383073,0.238458,0.158273,23.791764,-2.760097,7.214507,10.260004
168,503.532990,51.951043,-0.630768,0.248775,-0.007058,24.223916,-2.179107,3.209173,10.319905
169,506.539518,51.946728,0.140586,0.252054,-0.137316,24.415747,-1.671104,-1.219742,10.379680
170,509.536482,51.935642,0.904456,0.247658,-0.236447,24.343391,-1.132355,3.489794,10.439001
171,512.524244,51.919860,1.633439,0.235377,-0.302737,24.547690,-0.577644,-1.762870,10.497543
172,515.505609,51.901486,2.303418,0.216073,-0.335970,24.446268,-0.135386,-6.801727,10.555075
173,518.484707,51.882284,2.898756,0.192249,-0.343621,24.061899,0.272309,-4.281770,10.611586
174,521.464374,51.863576,3.414883,0.167033,-0.328461,23.823519,0.619344,-10.843381,10.667259
175,524.445896,51.846436,3.853959,0.141873,-0.294373,23.226720,0.904627,-3.204133,10.722297
176,527.430074,51.831726,4.218916,0.117068,-0.245032,23.051956,1.204967,2.594246,10.776840
177,530.417329,51.820222,4.513003,0.092977,-0.179768,23.192466,1.437606,1.012984,10.831002
178,533.407745,51.812622,4.739632,0.069653,-0.102311,23.247045,1.582211,3.031718,10.884882
179,536.401125,51.809410,4.901646,0.047022,-0.017374,23.409795,1.754572,-1.993068,10.938565
180,539.397040,51.810996,5.001349,0.024902,0.076601,23.303046,1.753386,-7.330613,10.992125
181,542.394881,51.817604,5.039902,0.002897,0.170414,22.910833,2.393591,-3.976969,11.045628
182,545.393905,51.830149,5.017349,-0.019165,0.298491,22.698032,4.037980,4.661400,11.099137
183,548.393290,51.851934,4.933630,-0.041074,0.514810,22.947749,3.988895,1.815546,11.152708
184,551.392180,51.885322,4.789045,-0.062799,0.728965,23.045222,3.220819,-6.236471,11.206395
185,554.389735,51.929255,4.583064,-0.084767,0.902436,22.709330,3.968570,-2.327392,11.260255
186,557.385181,51.983877,4.313770,-0.107205,1.117109,22.583433,3.350435,-7.230511,11.314348
187,560.377858,52.049627,3.978817,-0.129986,1.299428,22.189974,2.158511,-14.084056,11.368765
188,563.367684,52.124250,3.576339,-0.151956,1.417980,21.416438,7.337334,-1.723422,11.423687
189,566.357036,52.214537,3.109631,-0.169912,1.826361,21.320516,9.638792,2.049643,11.479346
190,569.349584,52.332980,2.592854,-0.180910,2.370419,21.436207,8.371565,-3.754218,11.535790
191,572.347424,52.481871,2.048013,-0.184289,2.848118,21.221983,8.971035,-4.211491,11.592852
192,575.350689,52.660202,1.498946,-0.180348,3.363246,20.980154,7.708656,-9.218361,11.650273
193,578.358058,52.866368,0.969258,-0.169484,3.806566,20.450012,6.419626,-13.865268,11.707783
194,581.367250,53.095239,0.481137,-0.152190,4.174742,19.654816,5.112439,-18.179550,11.765134
195,584.375515,53.341478,0.054639,-0.129151,4.466121,18.618690,3.796873,-22.167251,11.822129
196,587.380315,53.599932,-0.294976,-0.102425,4.680691,17.365963,2.485093,-25.799580,11.878641
197,590.380795,53.866061,-0.562264,-0.075653,4.819915,15.920577,1.197332,-29.039300,11.934665
198,593.377740,54.135953,-0.752575,-0.051787,4.886500,14.305671,-0.041315,-31.878205,11.990276
199,596.372188,54.406005,-0.877046,-0.031911,4.884216,12.543517,-1.207469,-34.325361,12.045553
200,599.365040,54.672808,-0.948192,-0.016240,4.817806,10.655642,-2.281622,-36.390836,12.100553
201,602.357102,54.933198,-0.978758,-0.004852,4.692870,8.662972,-3.247630,-38.083670,12.155310
202,605.349126,55.184313,-0.981657,0.002204,4.515748,6.585921,-4.092236,-39.413025,12.209849
203,608.341860,55.423629,-0.969736,0.005074,4.293402,4.444471,-4.807540,-40.389017,12.264183
204,611.335948,55.648987,-0.954724,0.004398,4.033170,2.258219,-5.386453,-41.016039,12.318313
205,614.331627,55.858645,-0.945884,0.001104,3.742705,0.046422,-5.824242,-41.288514,12.372238
206,617.328786,56.051331,-0.950103,-0.004232,3.429772,-2.171981,-6.118938,-41.199836,12.425967
207,620.327261,56.226229,-0.973214,-0.011452,3.102090,-4.378321,-6.272055,-40.747288,12.479519
208,623.326880,56.382933,-1.020802,-0.020506,2.767174,-6.554152,-6.288251,-39.929480,12.532918
209,626.327461,56.521417,-1.098313,-0.031339,2.432201,-8.681183,-6.175420,-38.745454,12.586187
210,629.328819,56.642005,-1.211020,-0.043863,2.103862,-10.741224,-5.944967,-37.199746,12.639356
211,632.330757,56.745320,-1.363558,-0.057657,1.788249,-12.716127,-5.612963,-35.311558,12.692445
212,635.332908,56.832219,-1.557870,-0.071375,1.490741,-14.587771,-5.198315,-33.103487,12.745449
213,638.334348,56.903776,-1.790593,-0.083124,1.215879,-16.338122,-4.718964,-30.579440,12.798324
214,641.333768,56.961289,-2.053300,-0.091674,0.967241,-17.949328,-4.192588,-27.732389,12.851013
215,644.330047,57.006252,-2.335127,-0.096579,0.747353,-19.403805,-3.638320,-24.557478,12.903460
216,647.322521,57.040275,-2.624339,-0.097591,0.557638,-20.684320,-3.075725,-21.047582,12.955604
217,650.311209,57.065025,-2.908617,-0.094466,0.398387,-21.774094,-2.523801,-17.189286,13.007380
218,653.297035,57.082156,-3.175298,-0.087072,0.268774,-22.656871,-1.999074,-12.953476,13.058737
219,656.282031,57.093255,-3.413066,-0.076182,0.166924,-23.316831,-1.517170,-8.313637,13.109685
220,659.268776,57.099767,-3.615847,-0.064099,0.090037,-23.738153,-1.097773,-3.287496,13.160363
221,662.258968,57.102917,-3.784760,-0.053207,0.034498,-23.904475,-0.762049,2.088451,13.210956
222,665.253140,57.103687,-3.925249,-0.044396,-0.004074,-23.798767,-0.526986,7.797985,13.261571
223,668.251214,57.102804,-4.043351,-0.037548,-0.030782,-23.403557,-0.405442,13.836212,13.312252
224,671.252577,57.100718,-4.144294,-0.032356,-0.051366,-22.701110,-0.141838,-7.497710,13.363021
225,674.256127,57.097922,-4.232960,-0.029102,-0.058581,-23.082526,0.299366,-5.945341,13.413892
226,677.260321,57.095324,-4.315745,-0.028136,-0.043320,-23.385620,0.636496,1.135128,13.464872
227,680.263246,57.093942,-4.398543,-0.028847,-0.010815,-23.327652,0.806265,8.551148,13.515940
228,683.263348,57.094442,-4.484360,-0.029959,0.030374,-22.890798,0.813176,14.680857,13.567027
229,686.260270,57.097051,-4.572306,-0.030205,0.071873,-22.141602,0.923511,-7.010415,13.618059
230,689.254423,57.101910,-4.659277,-0.029524,0.118916,-22.498713,1.234842,-11.402574,13.668999
231,692.246379,57.109551,-4.743494,-0.028451,0.181695,-23.078409,1.456124,-2.654496,13.719838
232,695.236846,57.120644,-4.823828,-0.026889,0.255570,-23.213083,1.444800,6.443911,13.770572
233,698.226677,57.135434,-4.898312,-0.024446,0.328715,-22.886851,1.337716,0.017197,13.821199
234,701.216871,57.153747,-4.964222,-0.021108,0.396296,-22.885982,1.264741,-5.353993,13.871718
235,704.208502,57.175340,-5.019668,-0.017337,0.460075,-23.155977,1.061482,4.717747,13.922147
236,707.202195,57.199859,-5.063953,-0.013364,0.513539,-22.918354,0.586537,14.120775,13.972515
237,710.197903,57.226449,-5.096276,-0.008992,0.543059,-22.207659,1.648871,-7.350868,14.022844
238,713.195365,57.255851,-5.115662,-0.004539,0.625998,-22.577412,1.419335,-17.068674,14.073145
239,716.194304,57.289115,-5.122985,-0.000680,0.697353,-23.435507,1.222340,-26.563380,14.123418
240,719.194429,57.325697,-5.120524,0.002192,0.758770,-24.770205,1.084305,-33.831688,14.173664
241,722.195448,57.365168,-5.111638,0.003734,0.813222,-26.469154,10.284260,-23.199511,14.223881
242,725.197062,57.418928,-5.100198,0.004050,1.329323,-27.633390,9.602440,-12.675921,14.274065
243,728.198973,57.497631,-5.088995,0.003653,1.810681,-28.268818,9.305113,-18.143875,14.324194
244,731.200892,57.599911,-5.079685,0.002704,2.276406,-29.176926,8.028277,-7.851116,14.374244
245,734.202537,57.723631,-5.073804,0.001355,2.677413,-29.569084,6.357419,2.336595,14.424194
246,737.203637,57.864934,-5.071792,0.000097,2.994193,-29.452656,4.294245,12.420457,14.474022
247,740.203943,58.019022,-5.072712,-0.000604,3.207581,-28.835463,1.849634,22.400054,14.523713
248,743.203225,58.180209,-5.074300,-0.000294,3.299219,-27.725673,-0.956375,32.264485,14.573258
249,746.201276,58.342001,-5.073027,0.001449,3.251981,-26.132025,-4.093978,41.975042,14.622651
250,749.197929,58.497197,-5.064230,0.004987,3.050351,-24.064744,-7.521343,51.505703,14.671901
251,752.193174,58.637986,-5.042354,0.010579,2.680821,-21.534224,-11.189941,60.835285,14.721032
252,755.187255,58.756012,-5.001138,0.018458,2.131993,-18.550460,3.963296,-14.678727,14.770078
253,758.180515,58.865229,-4.935207,0.027191,2.326179,-19.269661,4.395404,-32.898415,14.819075
254,761.173266,58.984377,-4.845376,0.034859,2.541362,-20.880249,0.544842,-34.640189,14.868031
255,764.165789,59.109350,-4.735386,0.041067,2.568015,-22.574806,-5.624510,-26.239043,14.916950
256,767.158333,59.228170,-4.609275,0.045965,2.293051,-23.857548,-10.782371,-18.051021,14.965837
257,770.151122,59.327355,-4.470289,0.049889,1.766124,-24.739689,7.726883,-10.087848,15.014706
258,773.144352,59.422888,-4.320739,0.053161,2.143720,-25.232661,4.167418,-25.951860,15.063574
259,776.138195,59.532605,-4.162456,0.055641,2.347341,-26.500674,18.719196,-18.467604,15.112434
260,779.132805,59.669568,-3.998159,0.057186,3.261550,-27.402595,14.101799,-11.225834,15.161272
261,782.128315,59.845463,-3.830068,0.058130,3.949501,-27.950243,9.272903,-4.222773,15.210057
262,785.124843,60.048815,-3.659449,0.058796,4.401123,-28.155906,4.229683,2.546111,15.258760
263,788.122494,60.267727,-3.486667,0.059484,4.606706,-28.032153,-0.733990,6.803338,15.307365
264,791.121360,60.490287,-3.311286,0.060427,4.571108,-27.702194,-6.147339,13.100117,15.355865
265,794.121525,60.704318,-3.132245,0.061852,4.273593,-27.068182,-11.738713,19.161821,15.404262
266,797.123018,60.897060,-2.947652,0.064100,3.706550,-26.142563,-4.420629,24.983713,15.452567
267,800.125495,61.070679,-2.754470,0.067598,3.493351,-24.937642,-4.804481,-2.599445,15.500796
268,803.128207,61.233363,-2.549036,0.072095,3.261944,-25.062844,7.976675,2.701361,15.548960
269,806.130381,61.399546,-2.329142,0.077242,3.645745,-24.932867,3.661792,7.768306,15.597076
270,809.131367,61.579029,-2.092416,0.083273,3.821768,-24.559442,7.654917,12.598965,15.645146
271,812.130650,61.771431,-1.835774,0.090410,4.189459,-23.954272,11.276645,17.190959,15.693179
272,815.127859,61.985538,-1.555437,0.098853,4.730789,-23.129028,6.808393,21.540299,15.741184
273,818.122776,62.220399,-1.247067,0.108647,5.057511,-22.095350,7.812863,4.462856,15.789172
274,821.115448,62.472158,-0.907339,0.118768,5.432526,-21.881134,5.169374,2.478595,15.837172
275,824.106783,62.739034,-0.537673,0.127378,5.680801,-21.762092,0.989863,6.110428,15.885200
276,827.098270,63.013060,-0.144289,0.133397,5.728350,-21.468570,-3.207479,9.509204,15.933236
277,830.091040,63.284322,0.264414,0.136642,5.574393,-21.012134,-4.187872,12.683739,15.981235
278,833.085637,63.546603,0.679835,0.137224,5.373738,-20.404414,-1.698449,15.641677,16.029149
279,836.082105,63.801407,1.093669,0.135275,5.292591,-19.657098,-1.491729,18.391982,16.076926
280,839.080074,64.051587,1.497981,0.130936,5.221601,-18.781840,-6.039325,20.940348,16.124515
281,842.078855,64.292100,1.885532,0.124512,4.935590,-17.790144,-10.580915,23.278823,16.171873
282,845.077662,64.512902,2.250922,0.116757,4.437057,-16.693333,-6.946403,25.397652,16.218990
283,848.076108,64.713349,2.591706,0.108633,4.111290,-15.502254,-9.699987,27.297316,16.265887
284,851.074200,64.894775,2.907812,0.100680,3.658284,-14.227424,-11.169729,28.978848,16.312588
285,854.071989,65.052879,3.200041,0.093024,3.138645,-12.879266,18.012022,22.041486,16.359111
286,857.069509,65.217705,3.469239,0.085566,3.973512,-11.857631,12.556308,23.351521,16.405461
287,860.066784,65.414493,3.715804,0.078205,4.553092,-10.779761,7.154235,24.463875,16.451620
288,863.063831,65.631244,3.940110,0.070970,4.881806,-9.655726,1.803287,25.375673,16.497566
289,866.060667,65.856347,4.142610,0.063882,4.964260,-8.495435,-3.495648,26.083710,16.543291
290,869.057307,66.078606,4.323805,0.056949,4.805206,-7.308608,-8.739336,26.584552,16.588791
291,872.053779,66.287241,4.484212,0.050170,4.409460,-6.104772,-13.920994,26.874629,16.634075
292,875.050117,66.471874,4.624339,0.043539,3.781903,-4.893268,-10.572722,26.951169,16.679155
293,878.046374,66.631009,4.744661,0.037042,3.307236,-3.683282,7.641629,26.817792,16.724050
294,881.042621,66.786565,4.845614,0.030663,3.649001,-2.483880,1.746477,26.484770,16.768774
295,884.038957,66.950862,4.927577,0.024384,3.726807,-1.303976,-4.084495,25.951043,16.813325
296,887.035508,67.112227,4.990872,0.018189,3.545546,-0.152327,-9.849559,25.209470,16.857702
297,890.032429,67.259381,5.035859,0.012128,3.110000,0.962432,16.240858,24.255574,16.901922
298,893.029829,67.412267,5.063191,0.006346,3.825977,2.031737,9.759490,23.100962,16.946007
299,896.027667,67.589860,5.073954,0.000983,4.254943,3.047110,3.336312,21.789582,16.989961
300,899.025817,67.779513,5.069472,-0.003934,4.401139,4.001921,-3.032235,20.477231,17.033780
301,902.024164,67.968886,5.051026,-0.008444,4.268674,4.896480,-9.347475,19.199872,17.077466
302,905.022600,68.145955,5.019757,-0.012595,3.861512,5.732797,11.411450,17.955423,17.121024
303,908.021034,68.324467,4.976673,-0.016428,4.357227,6.512783,5.297749,16.750143,17.164465
304,911.019381,68.518176,4.922650,-0.019987,4.586707,7.238339,0.769586,15.584270,17.207781
305,914.017574,68.716989,4.858442,-0.023313,4.619944,7.911408,-0.092692,14.455567,17.250970
306,917.015555,68.915850,4.784683,-0.026443,4.615953,8.533902,-4.772562,13.362744,17.294033
307,920.013283,69.109659,4.701893,-0.029415,4.411019,9.107697,-4.910573,12.304269,17.336972
308,923.010728,69.294056,4.610493,-0.032259,4.200727,9.634621,-4.350912,11.279644,17.379797
309,926.007873,69.469528,4.510809,-0.035008,4.014869,10.116454,-5.153390,10.288588,17.422514
310,929.004719,69.635951,4.403072,-0.037692,3.795246,10.554924,-11.567916,9.330360,17.465131
311,932.001279,69.786890,4.287434,-0.040334,3.303300,10.951714,4.133593,8.405225,17.507658
312,934.997581,69.930834,4.163984,-0.042943,3.478764,11.308502,-1.341563,7.514054,17.550106
313,937.993673,70.077045,4.032854,-0.045471,3.421914,11.626917,-3.367225,6.654559,17.592482
314,940.989627,70.218824,3.894409,-0.047809,3.279435,11.908495,-2.799686,5.826528,17.634796
315,943.985536,70.354914,3.749308,-0.049884,3.161119,12.154726,-6.861153,5.030139,17.677056
316,946.981486,70.482240,3.598338,-0.051689,2.871492,12.367061,-14.146620,4.264706,17.719269
317,949.977549,70.590759,3.442276,-0.053240,2.274887,12.546917,-21.342865,3.529194,17.761442
318,952.973787,70.667683,3.281848,-0.054551,1.375333,12.695664,-5.155336,2.823229,17.803589
319,955.970246,70.721063,3.117745,-0.055636,1.158085,12.814636,2.265647,2.147310,17.845730
320,958.966963,70.771876,2.950618,-0.056509,1.253558,12.905123,0.348167,1.501230,17.887869
321,961.963961,70.825006,2.781071,-0.057188,1.268229,12.968379,-3.691148,0.884326,17.930006
322,964.961254,70.875164,2.609661,-0.057688,1.112709,13.005639,-1.865988,0.295850,17.972139
323,967.958842,70.920388,2.436898,-0.058025,1.034092,13.018104,-0.721159,-0.264855,18.014271
324,970.956716,70.963315,2.263252,-0.058214,1.003709,13.006945,1.847874,-0.798459,18.056401
325,973.954853,71.007241,2.089143,-0.058269,1.081560,12.973306,7.473348,-1.305694,18.098531
326,976.953224,71.059432,1.914954,-0.058205,1.396375,12.918304,2.684901,-1.787311,18.140656
327,979.951786,71.120619,1.741021,-0.058045,1.509444,12.843035,-2.596271,-2.243912,18.182769
328,982.950487,71.181860,1.567542,-0.057873,1.400152,12.748575,1.076329,-2.676115,18.224865
329,985.949246,71.241725,1.394258,-0.057921,1.445439,12.635977,0.320597,-3.084635,18.266940
330,988.947920,71.302790,1.220075,-0.058483,1.458920,12.506266,-3.332178,-3.469765,18.308991
331,991.946332,71.361162,1.043170,-0.059721,1.318876,12.360439,-0.742413,-3.831629,18.351019
332,994.944344,71.415915,0.861419,-0.061674,1.287686,12.199465,0.819292,-4.170769,18.393031
333,997.941866,71.470725,0.672636,-0.064351,1.322099,12.024279,0.502610,-4.487746,18.435034
334,1000.938859,71.526697,0.474598,-0.067762,1.343208,11.835793,-1.649471,-4.782908,18.477034
335,1003.935341,71.581663,0.265059,-0.071893,1.273922,11.634887,-0.439474,-5.056498,18.519039
336,1006.931386,71.634804,0.041994,-0.076558,1.255456,11.422417,0.268239,-5.309349,18.561059
337,1009.927160,71.687820,-0.195468,-0.081174,1.266733,11.199213,2.353857,-5.543190,18.603098
338,1012.922932,71.743177,-0.446029,-0.084991,1.365728,10.966085,1.834207,-5.759915,18.645155
339,1015.918960,71.802243,-0.706547,-0.087613,1.442876,10.723818,1.525730,-5.960571,18.687216
340,1018.915391,71.864263,-0.973209,-0.088975,1.507032,10.473181,-0.489798,-6.145872,18.729265
341,1021.912263,71.927159,-1.242139,-0.089082,1.486450,10.214921,-1.135628,-6.316331,18.771287
342,1024.909527,71.988559,-1.509471,-0.087940,1.438777,9.949766,0.641539,-6.472395,18.813266
343,1027.907062,72.049441,-1.771397,-0.085591,1.465673,9.678421,0.600293,-6.613939,18.855189
344,1030.904695,72.111318,-2.024493,-0.082245,1.490800,9.401570,-0.217457,-6.739746,18.897048
345,1033.902272,72.173438,-2.266427,-0.078349,1.481711,9.119875,0.322752,-6.849198,18.938844
346,1036.899743,72.235569,-2.496297,-0.074334,1.495184,8.833974,-0.857904,-6.943367,18.980586
347,1039.897118,72.297162,-2.714086,-0.070368,1.459415,8.544483,-4.348264,-7.023120,19.022280
348,1042.894413,72.354170,-2.919995,-0.066471,1.278327,8.251998,-7.770937,-7.088419,19.063926
349,1045.891643,72.400627,-3.114237,-0.062644,0.955031,7.957097,2.516283,-7.139810,19.105529
350,1048.888818,72.442498,-3.297029,-0.058887,1.059623,7.660321,6.844054,-7.179072,19.147095
351,1051.885953,72.492404,-3.468585,-0.055200,1.343843,7.362189,3.276186,-7.206895,19.188623
352,1054.883058,72.550972,-3.629119,-0.051583,1.479754,7.063215,0.211998,-7.223093,19.230108
353,1057.880144,72.612471,-3.778854,-0.048040,1.488539,6.763906,-1.285565,-7.227558,19.271545
354,1060.877221,72.672982,-3.918009,-0.044566,1.435328,6.464750,-4.614092,-7.220246,19.312936
355,1063.874301,72.728383,-4.046797,-0.041161,1.244554,6.166221,-7.792777,-7.200940,19.354282
356,1066.871392,72.773143,-4.165427,-0.037824,0.922667,5.868781,6.517596,-7.170223,19.395588
357,1069.868505,72.816772,-4.274108,-0.034554,1.191652,5.572861,3.431728,-7.129833,19.436859
358,1072.865649,72.868824,-4.373041,-0.031348,1.333150,5.278882,0.427633,-7.079581,19.478091
359,1075.862834,72.924101,-4.462430,-0.028213,1.350765,4.987265,-2.494944,-7.019003,19.519282
360,1078.860069,72.977575,-4.542524,-0.025172,1.248093,4.698419,-0.302068,-6.947802,19.560434
361,1081.857358,73.028638,-4.613680,-0.022269,1.235673,4.412743,2.486219,-6.866603,19.601552
362,1084.854697,73.081505,-4.676369,-0.019534,1.337821,4.130623,-0.185057,-6.776117,19.642638
363,1087.852079,73.136272,-4.731108,-0.016973,1.330224,3.852437,-2.777286,-6.676380,19.683692
364,1090.849497,73.188504,-4.778418,-0.014583,1.216293,3.578555,3.874656,-6.567460,19.724714
365,1093.846944,73.241619,-4.818805,-0.012359,1.375125,3.309337,3.361921,-6.450142,19.765707
366,1096.844413,73.300765,-4.852766,-0.010300,1.512833,3.045134,1.021726,-6.324591,19.806668
367,1099.841897,73.363536,-4.880790,-0.008402,1.554648,2.786291,0.571388,-6.190695,19.847594
368,1102.839389,73.427585,-4.903360,-0.006664,1.578013,2.533146,-0.095665,-6.048516,19.888485
369,1105.836882,73.491976,-4.920946,-0.005080,1.574104,2.286029,-1.545872,-5.898060,19.929341
370,1108.834369,73.554945,-4.934004,-0.003646,1.511001,2.045266,-0.094527,-5.739331,19.970162
371,1111.831843,73.616495,-4.942977,-0.002358,1.507145,1.811176,-0.539965,-5.572517,20.010949
372,1114.829296,73.677468,-4.948301,-0.001213,1.485140,1.584075,-2.386517,-5.397705,20.051703
373,1117.826722,73.735967,-4.950397,-0.000206,1.387958,1.364273,-4.155252,-5.214772,20.092424
374,1120.824112,73.789004,-4.949670,0.000669,1.218875,1.152078,-5.843572,-5.023595,20.133115
375,1123.821461,73.833738,-4.946509,0.001416,0.981246,0.947793,-7.450433,-4.824063,20.173780
376,1126.818762,73.867466,-4.941291,0.002040,0.678430,0.751723,-8.974562,-4.616078,20.214424
377,1129.816013,73.887623,-4.934383,0.002544,0.313791,0.564171,-10.415366,-4.399582,20.255055
378,1132.813220,73.891777,-4.926134,0.002934,-0.109326,0.385441,-11.770898,-4.174487,20.295679
379,1135.810387,73.877620,-4.916881,0.003213,-0.587555,0.215839,-13.040513,-3.940762,20.336307
380,1138.807518,73.842970,-4.906948,0.003388,-1.117552,0.055677,-14.222673,-3.698371,20.376949
381,1141.804619,73.785760,-4.896640,0.003464,-1.695967,-0.094730,-15.315792,-3.447296,20.417618
382,1144.801693,73.704031,-4.886247,0.003445,-2.319436,-0.235061,-16.318487,-3.187510,20.458325
383,1147.798746,73.595932,-4.876041,0.003339,-2.984592,-0.364987,-17.229236,-2.918996,20.499086
384,1150.795782,73.459712,-4.866282,0.003149,-3.688053,-0.484168,-18.046678,-2.641769,20.539916
385,1153.792806,73.293713,-4.857210,0.002882,-4.426420,-0.592254,-18.769358,-2.355834,20.580830
386,1156.789822,73.096368,-4.849052,0.002541,-5.196276,-0.688882,-19.396010,-2.061226,20.621847
387,1159.786836,72.866193,-4.842016,0.002135,-5.994181,-0.773676,-19.925303,-1.757970,20.662984
388,1162.783851,72.601789,-4.836295,0.001667,-6.816664,-0.846242,-20.356134,-1.446115,20.704263
389,1165.780873,72.301829,-4.832062,0.001144,-7.660218,-0.906169,-20.687329,-1.125708,20.745702
390,1168.777905,71.965062,-4.829475,0.000571,-8.521300,-0.953025,-20.918009,-0.796814,20.787326
391,1171.774953,71.590307,-4.828674,-0.000044,-9.396318,-0.986356,-21.047357,-0.459504,20.829157
392,1174.772022,71.176453,-4.829775,-0.000695,-10.281628,-1.005684,-21.074600,-0.113855,20.871220
393,1177.769115,70.722452,-4.832875,-0.001374,-11.173525,-1.010503,-20.999263,0.240044,20.913541
394,1180.766238,70.227323,-4.838045,-0.002072,-12.068237,-1.000275,-20.820880,0.602094,20.956147
395,1183.763395,69.690148,-4.845332,-0.002783,-12.961915,-0.974432,-20.539317,0.972190,20.999070
396,1186.760591,69.110076,-4.854757,-0.003495,-13.850625,-0.932367,-20.154440,1.350207,21.042338
397,1189.757831,68.486320,-4.866314,-0.004200,-14.730334,-0.873432,-19.666495,1.736019,21.085987
398,1192.755119,67.818161,-4.879965,-0.004887,-15.596904,-0.796938,-19.075869,2.129486,21.130050
399,1195.752460,67.104956,-4.895632,-0.005541,-16.446076,-0.702143,-18.383064,2.530448,21.174566
400,1198.749859,66.346135,-4.913202,-0.006150,-17.273457,-0.588253,-17.588944,2.938749,21.219573
401,1201.747321,65.541216,-4.932511,-0.006697,-18.074504,-0.454414,-16.694481,3.354201,21.265116
402,1204.744850,64.689805,-4.953349,-0.007165,-18.844506,-0.299708,-15.701005,3.776624,21.311239
403,1207.742451,63.791617,-4.975448,-0.007532,-19.578568,-0.123141,-14.609982,4.205802,21.357992
404,1210.740129,62.846484,-4.998474,-0.007778,-20.271583,0.076358,-13.423210,4.641545,21.405426
405,1213.737888,61.854373,-5.022020,-0.007874,-20.918215,0.299954,-12.142305,5.083453,21.453599
406,1216.735735,60.815382,-5.045613,-0.007809,-21.512861,0.548906,-10.768697,5.530834,21.502572
407,1219.733671,59.729702,-5.068805,-0.007614,-22.049624,0.824589,-9.304598,5.983002,21.552416
408,1222.731676,58.597662,-5.091297,-0.007346,-22.522262,1.128503,-7.753666,6.439859,21.603213
409,1225.729699,57.419887,-5.112920,-0.007027,-22.924145,1.462289,-6.119827,6.901610,21.655044
410,1228.727677,56.197412,-5.133475,-0.006619,-23.248206,1.827748,-4.406503,7.368219,21.707997
411,1231.725553,54.931695,-5.152600,-0.006058,-23.486887,2.226852,-2.617010,7.839511,21.762162
412,1234.723268,53.624677,-5.169713,-0.005262,-23.632072,2.661768,-0.754668,8.315361,21.817640
413,1237.720771,52.278885,-5.183971,-0.004140,-23.675009,3.134878,1.177660,8.785357,21.874536
414,1240.718014,50.897573,-5.194221,-0.002578,-23.606199,3.648204,3.176621,9.175300,21.932965
415,1243.714955,49.484890,-5.198945,-0.000449,-23.415327,4.199517,5.238239,9.338933,21.993052
416,1246.711556,48.046088,-5.196215,0.002389,-23.091209,4.777366,7.357629,9.236750,22.054927
417,1249.707788,46.587783,-5.183666,0.006080,-22.621773,5.366695,9.529202,8.861699,22.118730
418,1252.703629,45.118266,-5.158486,0.010772,-21.994044,5.950453,11.750977,8.204744,22.184604
419,1255.699065,43.647867,-5.117429,0.016602,-21.193884,6.509139,14.018455,7.258069,22.252697
420,1258.694092,42.189413,-5.056853,0.023689,-20.206191,7.020518,16.332355,6.013611,22.323154
421,1261.688714,40.758942,-4.972731,0.032205,-19.014843,7.459175,7.170894,11.118803,22.396098
422,1264.682948,39.344090,-4.859566,0.043328,-18.473569,8.298446,10.339125,9.066016,22.471580
423,1267.676983,37.934781,-4.706442,0.059400,-17.667221,9.005503,13.571369,6.659056,22.549570
424,1270.671714,36.557419,-4.496006,0.082524,-16.575443,9.541205,16.784452,3.884964,22.630017
425,1273.668707,35.238672,-4.206484,0.113267,-15.181450,9.863862,19.877925,0.718106,22.713070
426,1276.669863,34.003661,-3.816881,0.148926,-13.467648,9.925774,19.901611,-0.126587,22.799286
427,1279.676871,32.868178,-3.316969,0.182567,-11.669691,9.914338,12.308296,7.362266,22.889628
428,1282.688279,31.813393,-2.718057,0.207449,-10.498404,10.614949,6.797952,13.149058,22.984791
429,1285.699104,30.799141,-2.049741,0.222000,-9.819716,11.927715,11.105471,7.987992,23.084628
430,1288.705111,29.840421,-1.347057,0.227523,-8.667915,12.756187,10.613369,7.584904,23.188343
431,1291.705234,28.977703,-0.640359,0.227506,-7.537910,13.563752,9.576868,7.551639,23.294813
432,1294.699711,28.217241,0.057166,0.227021,-6.500337,14.381908,9.325318,6.333215,23.403154
433,1297.687752,27.560290,0.746990,0.228314,-5.477394,15.076632,9.555276,4.120652,23.512849
434,1300.669126,27.013012,1.433173,0.230762,-4.420753,15.532302,8.900871,3.175487,23.623431
435,1303.644922,26.577478,2.116213,0.233167,-3.433626,15.884470,8.091460,2.326020,23.734334
436,1306.617690,26.247180,2.793387,0.234583,-2.538621,16.141754,7.018306,1.859069,23.844945
437,1309.591595,26.010846,3.459834,0.234374,-1.768411,16.345774,5.797802,1.592863,23.954688
438,1312.572466,25.853170,4.110554,0.232529,-1.139705,16.518502,4.648106,0.818143,24.063126
439,1315.564767,25.757924,4.741739,0.229167,-0.643035,16.605924,3.485080,-0.422577,24.169981
440,1318.566877,25.709617,5.348765,0.223578,-0.277114,16.561555,2.931600,-1.505899,24.274977
441,1321.573436,25.696620,5.923524,0.214315,0.024206,16.406773,1.906081,0.050042,24.377761
442,1324.579986,25.708614,6.454769,0.200385,0.215193,16.411788,1.864380,0.769113,24.477959
443,1327.583764,25.738387,6.930849,0.181309,0.396640,16.486640,1.214172,0.301486,24.575282
444,1330.584188,25.781174,7.340364,0.156457,0.511103,16.515062,0.339641,2.154566,24.669554
445,1333.583360,25.829259,7.673223,0.126099,0.542115,16.711795,1.892811,0.945744,24.760864
446,1336.586489,25.884975,7.924140,0.092005,0.710500,16.795929,-0.906397,-0.209094,24.849825
447,1339.598813,25.943734,8.092715,0.056574,0.631105,16.777613,6.564182,-0.035242,24.937420
448,1342.618939,26.023396,8.180469,0.021113,1.201719,16.774550,7.172731,0.116185,25.024348
449,1345.639568,26.153742,8.187416,-0.015271,1.820439,16.784572,3.897254,-0.555158,25.110608
450,1348.652756,26.323275,8.110043,-0.054563,2.153004,16.737198,0.470053,-0.005513,25.195941
451,1351.651357,26.506392,7.940782,-0.098626,2.192619,16.736734,-3.381632,1.015927,25.280218
452,1354.630113,26.677434,7.668505,-0.148728,1.910700,16.821429,-5.209924,1.039253,25.363586
453,1357.586818,26.818494,7.277881,-0.204387,1.476804,16.907981,-0.672451,0.372501,25.446868
454,1360.524119,26.942020,6.748565,-0.260514,1.419444,16.939755,6.182211,-0.447598,25.532168
455,1363.454582,27.094752,6.063361,-0.308568,1.975669,16.899484,2.370678,0.002703,25.622140
456,1366.396087,27.295169,5.225099,-0.342955,2.203070,16.899743,-4.068742,1.067691,25.718062
457,1369.361163,27.497844,4.260527,-0.362796,1.790043,17.008127,0.085647,0.369411,25.819575
458,1372.354378,27.688191,3.209903,-0.369503,1.799127,17.047310,2.691105,-0.013476,25.925642
459,1375.373528,27.900903,2.116474,-0.365390,2.093256,17.045837,-1.216784,0.605953,26.034938
460,1378.410845,28.126121,1.020293,-0.352609,1.957967,17.113210,-3.522924,0.811577,26.146124
461,1381.454078,28.323396,-0.044127,-0.332848,1.563224,17.204147,1.524074,-0.144021,26.258174
462,1384.488181,28.508385,-1.048901,-0.307671,1.734227,17.187988,7.046121,-1.628327,26.370375
463,1387.504469,28.745953,-1.973004,-0.278516,2.520992,17.006170,5.637994,-2.152883,26.482035
464,1390.505525,29.058473,-2.800876,-0.246266,3.143148,16.768598,6.750226,-3.248547,26.592385
465,1393.497235,29.438807,-3.520508,-0.211418,3.874796,16.416492,7.479215,-6.461564,26.700774
466,1396.483953,29.891092,-4.123757,-0.174904,4.666853,15.732205,7.625175,-9.055326,26.806675
467,1399.468701,30.412417,-4.607483,-0.137746,5.452513,14.799189,8.198202,-11.042239,26.909710
468,1402.453456,30.998391,-4.972319,-0.100593,6.271984,13.695437,4.153368,-12.430575,27.009667
469,1405.439451,31.625845,-5.221996,-0.064357,6.674569,12.490543,0.302207,-13.193414,27.106597
470,1408.427401,32.256918,-5.364337,-0.030741,6.703081,11.245780,-3.280732,-13.323060,27.200945
471,1411.417484,32.861995,-5.411454,-0.001396,6.400086,10.015317,-6.527594,-12.912251,27.293301
472,1414.409498,33.416190,-5.377467,0.023213,5.807408,8.842938,-9.401905,-12.249259,27.384096
473,1417.403172,33.898430,-5.275967,0.043470,4.965687,7.746303,-11.880998,-11.526110,27.473623
474,1420.398244,34.291461,-5.119131,0.059870,3.913928,6.725961,-10.965836,-10.782012,27.562147
475,1423.394459,34.592785,-4.917803,0.072837,2.951322,5.779491,-8.415816,-10.028740,27.649930
476,1426.391577,34.818263,-4.681735,0.082719,2.217010,4.904445,-3.773901,-9.279070,27.737184
477,1429.389373,34.996610,-4.419807,0.089793,1.889181,4.098396,-3.143627,-8.545999,27.824051
478,1432.387641,35.148334,-4.140195,0.094285,1.617121,3.358796,-4.610065,-7.836411,27.910594
479,1435.386195,35.270674,-3.850477,0.096392,1.219460,2.682834,2.499796,-7.152194,27.996854
480,1438.384875,35.384802,-3.557668,0.096300,1.434460,2.067696,-3.933579,-6.500717,28.082860
481,1441.383551,35.493319,-3.268266,0.094169,1.097251,1.510417,13.854167,-5.882454,28.168586
482,1444.382121,35.637595,-2.988284,0.090149,2.280703,1.007925,3.662842,-5.306829,28.254008
483,1447.380517,35.844539,-2.723284,0.084378,2.591836,0.557147,-6.282289,-4.767823,28.338951
484,1450.378712,36.040890,-2.478319,0.077077,2.061684,0.154799,-15.978374,-4.256204,28.423340
485,1453.376714,36.157639,-2.257418,0.068745,0.720857,-0.202361,5.011890,-3.770842,28.507255
486,1456.374603,36.235406,-2.062605,0.060148,1.139807,-0.517570,-2.168022,-3.320364,28.590846
487,1459.372507,36.322785,-1.893587,0.051921,0.959313,-0.794000,3.243385,-2.902780,28.674099
488,1462.370527,36.413495,-1.748655,0.044343,1.228291,-1.034731,-3.622667,-2.517977,28.757030
489,1465.368689,36.502607,-1.625607,0.037513,0.929009,-1.242751,9.133131,-2.164652,28.839644
490,1468.366961,36.610030,-1.522006,0.031506,1.680859,-1.420947,3.623585,-1.844623,28.921965
491,1471.365263,36.759950,-1.435214,0.026397,1.977822,-1.572120,-1.597206,-1.554798,29.003918
492,1474.363483,36.915922,-1.362393,0.022255,1.847578,-1.698906,-4.395434,-1.292448,29.085463
493,1477.361491,37.051407,-1.300532,0.019133,1.490809,-1.803811,3.849284,-1.055852,29.166631
494,1480.359151,37.184499,-1.246487,0.017076,1.801980,-1.889165,-0.373710,-0.844716,29.247470
495,1483.356336,37.328335,-1.196980,0.016131,1.771899,-1.957159,-2.003359,-0.657827,29.327963
496,1486.352942,37.463926,-1.148611,0.016337,1.611320,-2.009887,6.114508,-0.493563,29.408118
497,1489.348902,37.612043,-1.097881,0.017726,2.099446,-2.049289,3.629034,-0.350908,29.487949
498,1492.344198,37.790317,-1.041190,0.020333,2.387801,-2.077171,0.853439,-0.228494,29.567406
499,1495.338876,37.981742,-0.974878,0.024151,2.455267,-2.095234,-1.636669,-0.124684,29.646458
500,1498.333063,38.169799,-0.895582,0.028930,2.326534,-2.105041,5.754768,-0.033601,29.725113
501,1501.326973,38.369578,-0.801250,0.034044,2.777072,-2.107671,21.838681,0.053398,29.803402
502,1504.320880,38.651999,-0.691881,0.038853,4.477447,-2.103514,14.874894,0.132184,29.881263
503,1507.315028,39.042157,-0.568873,0.043085,5.626245,-2.093305,8.108694,0.195984,29.958494
504,1510.309599,39.495939,-0.433989,0.046723,6.246103,-2.078323,1.493583,0.246310,30.034937
505,1513.304726,39.972336,-0.288987,0.049778,6.359000,-2.059705,-4.987416,0.284194,30.110525
506,1516.300491,40.433682,-0.135608,0.052253,5.986237,-2.038464,10.531939,0.331023,30.185266
507,1519.296934,40.905028,0.024398,0.054147,6.764866,-2.013992,4.117233,0.386906,30.259196
508,1522.294055,41.410359,0.189293,0.055471,7.065730,-1.985719,-2.182327,0.431431,30.332271
509,1525.291819,41.914838,0.357357,0.056228,6.908160,-1.954568,5.491553,0.476528,30.404474
510,1528.290160,42.421742,0.526867,0.056417,7.300004,-1.920566,-0.647751,0.522858,30.475828
511,1531.288988,42.934784,0.696104,0.056041,7.254337,-1.883704,-6.684242,0.559408,30.546328
512,1534.288188,43.423997,0.863352,0.055100,6.788621,-1.844728,-12.606853,0.586325,30.616002
513,1537.287630,43.861917,1.026890,0.053587,5.919779,-1.804320,-16.447258,0.604625,30.684920
514,1540.287172,44.227723,1.184968,0.051493,4.796955,-1.763043,5.174153,0.627775,30.753188
515,1543.286660,44.564417,1.335849,0.048842,5.147329,-1.720533,-3.374533,0.656644,30.820904
516,1546.285940,44.902576,1.478055,0.045792,4.920644,-1.676423,-8.315707,0.678327,30.888079
517,1549.284890,45.212157,1.610801,0.042613,4.366230,-1.631198,-6.861837,0.694290,30.954750
518,1552.283479,45.486286,1.734072,0.039515,3.911765,-1.585215,6.516477,0.707046,31.020981
519,1555.281731,45.757935,1.848254,0.036566,4.340771,-1.538667,7.226711,0.717518,31.086815
520,1558.279677,46.057367,1.953809,0.033773,4.813534,-1.491728,14.924800,0.726142,31.152234
521,1561.277348,46.401558,2.051207,0.031136,5.783085,-1.444556,5.305328,0.733103,31.217196
522,1564.274774,46.785276,2.140922,0.028656,6.124996,-1.397310,-6.630748,0.737513,31.281643
523,1567.271984,47.163217,2.223427,0.026333,5.701185,-1.350171,-18.545243,0.738791,31.345559
524,1570.269006,47.487558,2.299187,0.024162,4.524771,-1.303306,15.779998,0.740390,31.408993
525,1573.265872,47.804058,2.368647,0.022135,5.519267,-1.256645,17.344154,0.743938,31.472016
526,1576.262608,48.183324,2.432240,0.020254,6.604422,-1.210099,10.471757,0.746217,31.534582
527,1579.259243,48.613219,2.490407,0.018519,7.254095,-1.163804,3.678214,0.746769,31.596623
528,1582.255807,49.066136,2.543586,0.016930,7.480224,-1.117894,6.784593,0.745651,31.658101
529,1585.252327,49.534312,2.592212,0.015484,7.893448,-1.072479,6.452061,0.743115,31.719007
530,1588.248832,50.022207,2.636710,0.014179,8.282655,-1.027652,0.771032,0.739204,31.779330
531,1591.245349,50.518323,2.677493,0.013006,8.328710,-0.983498,-4.845053,0.733816,31.839062
532,1594.241907,51.002527,2.714925,0.011942,8.042104,-0.940090,-8.287222,0.726845,31.898216
533,1597.238523,51.459641,2.749295,0.010962,7.556389,-0.897489,-5.751836,0.718306,31.956826
534,1600.235202,51.889015,2.780822,0.010048,7.222163,-0.855750,-9.920106,0.708367,32.014934
535,1603.231941,52.288844,2.809697,0.009194,6.650335,-0.814917,-12.702877,0.697022,32.072577
536,1606.228737,52.648609,2.836091,0.008395,5.923415,-0.775030,-9.579055,0.684334,32.129802
537,1609.225588,52.969910,2.860160,0.007646,5.378786,-0.736122,-5.721154,0.670577,32.186659
538,1612.222493,53.264817,2.882052,0.006944,5.055385,-0.698216,4.459842,0.656119,32.243186
539,1615.219447,53.556076,2.901905,0.006287,5.306115,-0.661329,8.135721,0.641360,32.299405
540,1618.216450,53.865432,2.919849,0.005673,5.760948,-0.625474,3.072025,0.626456,32.355311
541,1621.213498,54.190346,2.936011,0.005100,5.931678,-0.590658,-3.165219,0.611340,32.410887
542,1624.210589,54.513198,2.950512,0.004566,5.756823,-0.556886,-6.396810,0.595864,32.466129
543,1627.207720,54.819735,2.963466,0.004069,5.405487,-0.524159,-4.399662,0.579953,32.521053
544,1630.204890,55.108454,2.974983,0.003607,5.165149,-0.492478,4.190176,0.563687,32.575680
545,1633.202096,55.395335,2.985162,0.003178,5.392859,-0.461845,3.385338,0.547313,32.630023
546,1636.199335,55.691809,2.994101,0.002781,5.575864,-0.432258,-9.602299,0.530950,32.684081
547,1639.196605,55.977756,3.001890,0.002413,5.059521,-0.403708,-22.570329,0.514398,32.737854
548,1642.193904,56.216210,3.008616,0.002072,3.851594,-0.376178,-9.547312,0.497387,32.791373
549,1645.191229,56.407994,3.014358,0.001757,3.342563,-0.349659,6.887661,0.480137,32.844689
550,1648.188577,56.595348,3.019189,0.001465,3.708582,-0.324144,1.054957,0.462984,32.897831
551,1651.185947,56.793231,3.023180,0.001196,3.764452,-0.299624,-17.450313,0.445921,32.950790
552,1654.183336,56.967618,3.026395,0.000949,2.843393,-0.276088,-10.931948,0.428755,33.003572
553,1657.180741,57.102148,3.028896,0.000721,2.267934,-0.253518,-5.949154,0.411542,33.056212
554,1660.178160,57.213071,3.030740,0.000511,1.955437,-0.231901,-7.481829,0.394417,33.108740
555,1663.175590,57.305318,3.031981,0.000318,1.563132,-0.211220,-9.279097,0.377409,33.161174
556,1666.173030,57.374444,3.032670,0.000144,1.077278,-0.191459,-0.935494,0.360549,33.213534
557,1669.170476,57.429511,3.032859,-0.000015,1.028347,-0.172600,2.375339,0.343963,33.265839
558,1672.167926,57.486490,3.032592,-0.000161,1.152469,-0.154626,-3.831485,0.327713,33.318094
559,1675.165379,57.541431,3.031905,-0.000294,0.952457,-0.137519,-4.363270,0.311756,33.370296
560,1678.162830,57.585174,3.030842,-0.000413,0.724880,-0.121259,1.148582,0.296100,33.422453
561,1681.160279,57.624515,3.029439,-0.000520,0.784745,-0.105826,2.300703,0.280812,33.474574
562,1684.157722,57.668508,3.027730,-0.000617,0.904573,-0.091200,0.053900,0.265923,33.526657
563,1687.155157,57.715656,3.025745,-0.000703,0.907378,-0.077361,-3.560718,0.251420,33.578698
564,1690.152583,57.758026,3.023516,-0.000779,0.722220,-0.064287,-4.217893,0.237276,33.630699
565,1693.149997,57.789862,3.021077,-0.000844,0.503030,-0.051957,-1.580285,0.223487,33.682665
566,1696.147402,57.813858,3.018464,-0.000895,0.420947,-0.040349,3.197060,0.210081,33.734608
567,1699.144796,57.840023,3.015713,-0.000936,0.586940,-0.029441,5.836559,0.197106,33.786528
568,1702.142180,57.878339,3.012855,-0.000967,0.889813,-0.019213,-1.792438,0.184588,33.838421
569,1705.139555,57.922070,3.009918,-0.000988,0.796868,-0.009641,-5.414701,0.172490,33.890275
570,1708.136920,57.956093,3.006928,-0.001002,0.516286,-0.000703,-0.958929,0.160778,33.942093
571,1711.134276,57.981547,3.003908,-0.001008,0.466620,0.007624,2.573064,0.149486,33.993886
572,1714.131624,58.009152,3.000882,-0.001007,0.599827,0.015363,1.904406,0.138617,34.045656
573,1717.128962,58.042737,2.997872,-0.000997,0.698366,0.022536,0.745760,0.128175,34.097398
574,1720.126293,58.079848,2.994902,-0.000980,0.736930,0.029164,0.111365,0.118151,34.149109
575,1723.123615,58.118079,2.991992,-0.000957,0.742685,0.035269,0.022121,0.108539,34.200786
576,1726.120930,58.156463,2.989158,-0.000930,0.743827,0.040875,0.851920,0.099333,34.252429
577,1729.118237,58.195985,2.986415,-0.000897,0.787794,0.046001,1.242791,0.090533,34.304038
578,1732.115536,58.238266,2.983776,-0.000860,0.851888,0.050670,1.626039,0.082137,34.355610
579,1735.112829,58.284326,2.981253,-0.000820,0.935683,0.054903,2.291992,0.074142,34.407144
580,1738.110115,58.335544,2.978860,-0.000774,1.053699,0.058720,-0.395161,0.066545,34.458635
581,1741.107394,58.389227,2.976612,-0.000723,1.033371,0.062144,0.643667,0.059337,34.510079
582,1744.104667,58.443189,2.974519,-0.000670,1.066453,0.065194,0.898043,0.052507,34.561475
583,1747.101934,58.499134,2.972589,-0.000615,1.112566,0.067890,1.229203,0.046052,34.612824
584,1750.099196,58.557824,2.970829,-0.000557,1.175622,0.070252,2.429954,0.039965,34.664122
585,1753.096451,58.621260,2.969246,-0.000496,1.300145,0.072300,0.593291,0.034243,34.715367
586,1756.093702,58.688588,2.967852,-0.000432,1.330515,0.074053,0.992999,0.028879,34.766555
587,1759.090948,58.757913,2.966651,-0.000367,1.381285,0.075529,1.395704,0.023862,34.817683
588,1762.088188,58.830271,2.965648,-0.000301,1.452559,0.076748,1.451280,0.019186,34.868750
589,1765.085425,58.906242,2.964844,-0.000234,1.526578,0.077727,1.646105,0.014843,34.919752
590,1768.082657,58.986134,2.964242,-0.000167,1.610422,0.078483,1.844159,0.010825,34.970687
591,1771.079886,59.070432,2.963843,-0.000099,1.704224,0.079033,2.803333,0.007125,35.021551
592,1774.077110,59.160604,2.963648,-0.000031,1.846603,0.079395,2.581688,0.003736,35.072341
593,1777.074331,59.257563,2.963660,0.000039,1.977518,0.079585,0.437876,0.000651,35.123050
594,1780.071549,59.358234,2.963884,0.000110,1.999685,0.079618,-0.285515,-0.002139,35.173674
595,1783.068765,59.458930,2.964321,0.000181,1.985256,0.079509,6.830816,-0.004641,35.224212
596,1786.065977,59.567781,2.964970,0.000251,2.329875,0.079275,-0.529661,-0.006863,35.274663
597,1789.063187,59.684428,2.965828,0.000321,2.303204,0.078930,0.967905,-0.008812,35.325017
598,1792.060395,59.801400,2.966898,0.000392,2.351847,0.078487,2.884358,-0.010497,35.375273
599,1795.057601,59.922987,2.968183,0.000464,2.496515,0.077960,2.360051,-0.011922,35.425429
600,1798.054806,60.050898,2.969681,0.000534,2.614640,0.077364,5.873952,-0.013098,35.475481
601,1801.052009,60.188803,2.971390,0.000604,2.907995,0.076710,-2.280436,-0.014032,35.525422
602,1804.049211,60.330861,2.973309,0.000673,2.794374,0.076010,9.943530,-0.014726,35.575246
603,1807.046412,60.482039,2.975434,0.000742,3.288620,0.075278,2.916830,-0.015190,35.624952
604,1810.043613,60.648653,2.977762,0.000809,3.433219,0.074525,-4.039477,-0.015429,35.674526
605,1813.040813,60.813446,2.980293,0.000877,3.233517,0.073763,6.418666,-0.015444,35.723963
606,1816.038013,60.980675,2.983030,0.000946,3.549986,0.073001,3.273852,-0.015248,35.773267
607,1819.035214,61.159164,2.985971,0.001013,3.710943,0.072251,2.698989,-0.014849,35.822432
608,1822.032415,61.344311,2.989113,0.001080,3.843243,0.071524,7.783103,-0.014250,35.871450
609,1825.029616,61.541411,2.992454,0.001145,4.223578,0.070827,2.975538,-0.013458,35.920317
610,1828.026819,61.750649,2.995990,0.001210,4.368501,0.070172,-1.755485,-0.012478,35.969022
611,1831.024023,61.960624,2.999720,0.001274,4.283291,0.069566,-4.507260,-0.011314,36.017561
612,1834.021228,62.162565,3.003642,0.001339,4.065240,0.069019,1.879038,-0.009969,36.065939
613,1837.018435,62.360789,3.007760,0.001404,4.155854,0.068538,-2.560979,-0.008452,36.114162
614,1840.015644,62.557603,3.012073,0.001469,4.032747,0.068132,3.226166,-0.006767,36.162232
615,1843.012856,62.754556,3.016579,0.001533,4.187345,0.067807,-0.894939,-0.004920,36.210152
616,1846.010070,62.953557,3.021276,0.001596,4.144595,0.067572,1.692268,-0.002921,36.257920
617,1849.007286,63.152833,3.026163,0.001659,4.225177,0.067433,-2.348639,-0.000775,36.305538
618,1852.004506,63.350747,3.031242,0.001724,4.113692,0.067397,2.461560,0.001514,36.353006
619,1855.001729,63.548166,3.036515,0.001789,4.230175,0.067468,0.393404,0.003938,36.400327
620,1857.998956,63.748153,3.041985,0.001854,4.248733,0.067654,-3.353540,0.006499,36.447500
621,1860.996186,63.944245,3.047649,0.001919,4.091030,0.067960,-0.772371,0.009191,36.494526
622,1863.993421,64.135201,3.053509,0.001984,4.054818,0.068391,0.226006,0.012009,36.541410
623,1866.990660,64.324992,3.059563,0.002049,4.065382,0.068952,2.199950,0.014948,36.588155
624,1869.987903,64.516857,3.065813,0.002114,4.167916,0.069649,-0.219869,0.018005,36.634762
625,1872.985152,64.710294,3.072259,0.002180,4.157699,0.070485,-3.551834,0.021175,36.681230
626,1875.982405,64.899110,3.078902,0.002245,3.993141,0.071466,-1.511903,0.024450,36.727561
627,1878.979664,65.081972,3.085743,0.002312,3.923294,0.072596,0.923210,0.027827,36.773759
628,1881.976928,65.263695,3.092783,0.002378,3.965825,0.073878,-2.208882,0.031303,36.819828
629,1884.974196,65.443560,3.100025,0.002446,3.864346,0.075316,-3.621832,0.034871,36.865769
630,1887.971469,65.616813,3.107471,0.002514,3.698403,0.076914,-3.759187,0.038522,36.911587
631,1890.968747,65.781903,3.115120,0.002581,3.526610,0.078674,-3.199204,0.042253,36.957286
632,1893.966029,65.939348,3.122970,0.002648,3.380766,0.080600,-1.920542,0.046056,37.002874
633,1896.963314,66.091123,3.131023,0.002716,3.293418,0.082695,-0.308079,0.049928,37.048355
634,1899.960604,66.240253,3.139281,0.002784,3.279438,0.084961,-3.645040,0.053868,37.093733
635,1902.957896,66.384999,3.147741,0.002852,3.114403,0.087399,-3.725094,0.057867,37.139009
636,1905.955192,66.521908,3.156407,0.002921,2.946100,0.090014,-3.170997,0.061917,37.184190
637,1908.952491,66.651525,3.165283,0.002992,2.803118,0.092806,-5.057589,0.066013,37.229281
638,1911.949792,66.772559,3.174372,0.003063,2.575500,0.095777,-2.334761,0.070150,37.274286
639,1914.947095,66.885911,3.183674,0.003134,2.470606,0.098928,-0.833876,0.074326,37.319213
640,1917.944401,66.995884,3.193193,0.003207,2.433205,0.102262,-1.369703,0.078537,37.364065
641,1920.941709,67.103468,3.202936,0.003283,2.371871,0.105779,-3.832447,0.082776,37.408844
642,1923.939018,67.205681,3.212906,0.003358,2.200527,0.109480,1.814539,0.087036,37.453553
643,1926.936329,67.305726,3.223104,0.003435,2.281532,0.113365,-0.107219,0.091320,37.498195
644,1929.933641,67.407319,3.233537,0.003515,2.276753,0.117436,0.386248,0.095617,37.542770
645,1932.930954,67.509036,3.244212,0.003597,2.293944,0.121692,-1.312241,0.099914,37.587278
646,1935.928267,67.609685,3.255134,0.003679,2.235626,0.126132,2.428105,0.104184,37.631720
647,1938.925581,67.711282,3.266306,0.003763,2.343374,0.130755,-1.675965,0.108431,37.676095
648,1941.922895,67.813467,3.277735,0.003850,2.269115,0.135559,-5.694104,0.112659,37.720403
649,1944.920209,67.908287,3.289429,0.003940,2.017189,0.140544,-7.667468,0.116847,37.764646
650,1947.917523,67.989933,3.301396,0.004031,1.678398,0.145707,-8.635556,0.120969,37.808831
651,1950.914836,68.055602,3.313639,0.004125,1.297246,0.151046,7.582315,0.124981,37.852969
652,1953.912148,68.120179,3.326166,0.004221,1.631604,0.156557,2.881728,0.128918,37.897066
653,1956.909459,68.194849,3.338989,0.004321,1.758548,0.162236,-1.735179,0.132812,37.941118
654,1959.906769,68.270550,3.352115,0.004422,1.682196,0.168080,-6.265465,0.136634,37.985120
655,1962.904078,68.338439,3.365548,0.004527,1.406794,0.174086,-10.706614,0.140358,38.029076
656,1965.901384,68.389896,3.379300,0.004634,0.936593,0.180250,2.290556,0.143985,38.072992
657,1968.898689,68.433207,3.393378,0.004744,1.037120,0.186569,-0.569844,0.147538,38.116880
658,1971.895991,68.478146,3.407789,0.004856,1.012127,0.193040,-5.600437,0.150979,38.160739
659,1974.893290,68.517130,3.422544,0.004973,0.766650,0.199658,10.265627,0.154239,38.204571
660,1977.890587,68.560565,3.437655,0.005094,1.216357,0.206415,4.498098,0.157349,38.248378
661,1980.887881,68.618119,3.453135,0.005219,1.413258,0.213303,-1.182748,0.160343,38.292152
662,1983.885172,68.678798,3.468994,0.005346,1.361529,0.220315,-6.777466,0.163187,38.335888
663,1986.882459,68.731825,3.485239,0.005476,1.065360,0.227446,2.655542,0.165853,38.379587
664,1989.879742,68.780878,3.501881,0.005611,1.181321,0.234689,14.055888,0.168357,38.423255
665,1992.877021,68.845802,3.518932,0.005748,1.794615,0.242035,7.571475,0.170730,38.466887
666,1995.874296,68.931210,3.536398,0.005888,2.124612,0.249476,1.166587,0.172963,38.510472
667,1998.871566,69.024794,3.554293,0.006033,2.175391,0.257004,-5.160432,0.175016,38.553999
668,2001.868832,69.114480,3.572630,0.006182,1.951073,0.264612,-11.408203,0.176844,38.597468
669,2004.866093,69.188437,3.591420,0.006336,1.455766,0.272290,0.647889,0.178375,38.640884
670,2007.863348,69.252190,3.610675,0.006491,1.483868,0.280027,-0.836455,0.179585,38.684259
671,2010.860598,69.315707,3.630403,0.006651,1.447620,0.287809,-6.810211,0.180498,38.727594
672,2013.857842,69.372001,3.650617,0.006815,1.152761,0.295624,-12.699590,0.181101,38.770890
673,2016.855080,69.409990,3.671328,0.006982,0.603292,0.303460,19.603321,0.181435,38.814157
674,2019.852312,69.454409,3.692544,0.007152,1.451020,0.311306,14.375774,0.181582,38.857401
675,2022.849538,69.530520,3.714279,0.007327,2.072142,0.319151,9.235989,0.181483,38.900607
676,2025.846757,69.628535,3.736546,0.007506,2.470690,0.326983,4.177745,0.181110,38.943759
677,2028.843968,69.738867,3.759354,0.007688,2.650695,0.334786,-0.172429,0.180441,38.986846
678,2031.841173,69.852732,3.782711,0.007872,2.643277,0.342548,-5.101117,0.179434,39.029863
679,2034.838370,69.961551,3.806630,0.008061,2.424194,0.350255,-9.646220,0.178049,39.072811
680,2037.835559,70.056643,3.831121,0.008254,2.010515,0.357890,7.765263,0.176650,39.115696
681,2040.832741,70.149873,3.856194,0.008449,2.343094,0.365456,2.344047,0.175258,39.158525
682,2043.829914,70.252229,3.881856,0.008647,2.443347,0.372951,0.236516,0.173517,39.201294
683,2046.827079,70.356790,3.908118,0.008848,2.453447,0.380362,-5.165937,0.171397,39.244000
684,2049.824235,70.456716,3.934992,0.009054,2.233154,0.387671,8.155981,0.168657,39.286643
685,2052.821382,70.559206,3.962486,0.009261,2.580463,0.394853,2.523846,0.165313,39.329226
686,2055.818520,70.671204,3.990604,0.009471,2.687773,0.401881,-3.037140,0.161514,39.371745
687,2058.815649,70.782565,4.019358,0.009684,2.558844,0.408738,-8.524746,0.157218,39.414195
688,2061.812768,70.883369,4.048764,0.009906,2.197506,0.415402,-13.935585,0.152378,39.456582
689,2064.809878,70.963909,4.078861,0.010146,1.607567,0.421852,9.446069,0.146832,39.498916
690,2067.806980,71.040341,4.109722,0.010415,2.007042,0.428062,4.031247,0.140615,39.541206
691,2070.804080,71.128719,4.141435,0.010713,2.177331,0.434002,-1.307934,0.133836,39.583448
692,2073.801183,71.219418,4.174090,0.011041,2.122149,0.439648,-6.570938,0.126460,39.625638
693,2076.798296,71.303011,4.207776,0.011399,1.845249,0.444977,-11.485383,0.118446,39.667778
694,2079.795423,71.370513,4.242584,0.011787,1.361750,0.449964,9.312419,0.109719,39.709875
695,2082.792571,71.436028,4.278601,0.012204,1.753443,0.454579,4.555563,0.100291,39.751937
696,2085.789745,71.513731,4.315915,0.012650,1.944871,0.458793,-0.119116,0.090186,39.793957
697,2088.786951,71.595263,4.354615,0.013125,1.939871,0.462579,-0.124724,0.079371,39.835933
698,2091.784195,71.676492,4.394786,0.013628,1.934641,0.465907,-1.700192,0.067835,39.877863
699,2094.781483,71.756033,4.436517,0.014162,1.863429,0.468748,0.123576,0.055588,39.919748
700,2097.778821,71.834110,4.479898,0.014725,1.868599,0.471074,-4.732542,0.042602,39.961589
701,2100.776214,71.908081,4.525013,0.015316,1.670784,0.472854,-4.868987,0.028847,40.003388
702,2103.773669,71.973608,4.571946,0.015933,1.467452,0.474059,4.281596,0.014383,40.045149
703,2106.771192,72.038565,4.620756,0.016559,1.646101,0.474659,-1.182984,-0.000823,40.086874
704,2109.768790,72.106151,4.671380,0.017127,1.596790,0.474625,-1.289430,-0.016882,40.128557
705,2112.766463,72.171516,4.723483,0.017537,1.543105,0.473922,-6.681701,-0.033818,40.170192
706,2115.764200,72.229908,4.776472,0.017722,1.265251,0.472516,1.080418,-0.051564,40.211776
707,2118.761979,72.283394,4.829634,0.017666,1.310129,0.470374,-4.698410,-0.070144,40.253313
708,2121.759772,72.333707,4.882243,0.017367,1.115192,0.467464,0.830049,-0.089828,40.294803
709,2124.757558,72.380640,4.933566,0.016823,1.149593,0.463741,0.125255,-0.110612,40.336248
710,2127.755311,72.428341,4.982870,0.016034,1.154779,0.459161,-5.852685,-0.132343,40.377649
711,2130.753012,72.471093,5.029427,0.015002,0.912733,0.453688,1.486367,-0.154973,40.419005
712,2133.750640,72.510072,5.072503,0.013723,0.974143,0.447285,-5.104334,-0.178524,40.460320
713,2136.748178,72.545931,5.111363,0.012199,0.763462,0.439917,2.343401,-0.203261,40.501595
714,2139.745613,72.579407,5.145275,0.010427,0.860097,0.431535,-4.032495,-0.229223,40.542832
715,2142.742934,72.611419,5.173502,0.008408,0.693963,0.422091,2.476135,-0.256365,40.584031
716,2145.740137,72.642083,5.195313,0.006142,0.795888,0.411538,-4.892570,-0.284722,40.625194
717,2148.737219,72.670677,5.209972,0.003627,0.594671,0.399829,6.608162,-0.314227,40.666321
718,2151.734185,72.700694,5.216741,0.000866,0.866222,0.386916,0.528014,-0.344878,40.707414
719,2154.731045,72.736705,5.214931,-0.002108,0.887902,0.372756,-0.252437,-0.376269,40.748473
720,2157.727814,72.772925,5.204036,-0.005204,0.877544,0.357317,0.421905,-0.407570,40.789504
721,2160.724516,72.809269,5.183845,-0.008321,0.894847,0.340602,-6.478656,-0.438345,40.830516
722,2163.721171,72.840510,5.154383,-0.011409,0.629243,0.322631,-13.315907,-0.468445,40.871512
723,2166.717802,72.855116,5.115750,-0.014461,0.083431,0.303430,3.065036,-0.497698,40.912502
724,2169.714428,72.861111,5.068049,-0.017477,0.209073,0.283028,-3.527194,-0.526207,40.953494
725,2172.711068,72.866718,5.011385,-0.020457,0.064472,0.261456,14.773183,-0.553955,40.994490
726,2175.707737,72.881779,4.945862,-0.023402,0.670173,0.238744,8.375950,-0.581116,41.035490
727,2178.704452,72.916290,4.871578,-0.026313,1.013541,0.214921,2.060979,-0.607867,41.076485
728,2181.701226,72.959557,4.788626,-0.029191,1.098003,0.190010,-4.168032,-0.634153,41.117466
729,2184.698074,73.001042,4.697104,-0.032035,0.927249,0.164030,2.416625,-0.660054,41.158434
730,2187.695006,73.041045,4.597103,-0.034848,1.026224,0.136997,-2.016601,-0.685615,41.199389
731,2190.692033,73.081372,4.488713,-0.037630,0.943656,0.108925,-8.005039,-0.710659,41.240333
732,2193.689163,73.113294,4.372023,-0.040379,0.615972,0.079835,0.585265,-0.734441,41.281268
733,2196.686406,73.138997,4.247124,-0.043096,0.639928,0.049773,-0.436575,-0.757136,41.322199
734,2199.683768,73.164823,4.114113,-0.045770,0.622059,0.018784,-6.142502,-0.779348,41.363129
735,2202.681254,73.185140,3.973188,-0.048330,0.370623,-0.013118,-2.266100,-0.801216,41.404063
736,2205.678868,73.198417,3.824865,-0.050632,0.277828,-0.045927,0.335201,-0.822531,41.445012
737,2208.676609,73.210081,3.670082,-0.052559,0.291562,-0.079628,3.094310,-0.842838,41.485984
738,2211.674461,73.224633,3.510031,-0.054071,0.418409,-0.114179,6.969734,-0.862171,41.526978
739,2214.672403,73.247654,3.345972,-0.055163,0.704240,-0.149537,1.935654,-0.880859,41.567988
740,2217.670405,73.278169,3.179169,-0.055836,0.783638,-0.185668,-3.015392,-0.899171,41.609007
741,2220.668433,73.307778,3.010887,-0.056091,0.659939,-0.222555,-0.919681,-0.917467,41.650029
742,2223.666449,73.334079,2.842395,-0.055928,0.622209,-0.260194,-5.617543,-0.935721,41.691054
743,2226.664415,73.354878,2.674961,-0.055346,0.391741,-0.298583,-0.263838,-0.953862,41.732080
744,2229.662294,73.370728,2.509851,-0.054348,0.380916,-0.337719,0.702867,-0.971736,41.773109
745,2232.660051,73.386949,2.348333,-0.052932,0.409754,-0.377588,7.596949,-0.989765,41.814138
746,2235.657653,73.410152,2.191676,-0.051097,0.721420,-0.418193,3.514849,-1.008267,41.855163
747,2238.655075,73.442696,2.041148,-0.048845,0.865576,-0.459546,-0.688620,-1.026377,41.896177
748,2241.652299,73.477603,1.898013,-0.046178,0.837346,-0.501623,-4.811967,-1.043969,41.937173
749,2244.649316,73.507875,1.763529,-0.043099,0.640163,-0.544402,-8.854360,-1.060940,41.978150
750,2247.646127,73.526669,1.638862,-0.039680,0.277487,-0.587859,10.751464,-1.076695,42.019111
751,2250.642747,73.547041,1.524787,-0.036108,0.717683,-0.631942,6.957705,-1.091431,42.060053
752,2253.639207,73.582229,1.421454,-0.032586,1.002362,-0.676598,3.243860,-1.105638,42.100969
753,2256.635551,73.625918,1.328536,-0.029210,1.134975,-0.721798,-0.391092,-1.119162,42.141850
754,2259.631824,73.671950,1.245555,-0.025994,1.119001,-0.767511,0.317355,-1.131924,42.182696
755,2262.628064,73.717882,1.172021,-0.022938,1.131952,-0.813705,-3.157852,-1.143881,42.223506
756,2265.624306,73.761414,1.107444,-0.020045,1.003184,-0.860350,-6.303790,-1.154898,42.264284
757,2268.620582,73.797059,1.051331,-0.017313,0.746316,-0.907410,-9.604602,-1.164852,42.305032
758,2271.616916,73.819488,1.003191,-0.014745,0.355161,-0.954849,2.584067,-1.173868,42.345758
759,2274.613333,73.836088,0.962533,-0.012339,0.460360,-1.002638,-0.587586,-1.182115,42.386468
760,2277.609849,73.854337,0.928864,-0.010096,0.436447,-1.050746,-3.678507,-1.189348,42.427165
761,2280.606481,73.869049,0.901692,-0.008016,0.286793,-1.099133,8.844344,-1.195415,42.467848
762,2283.603239,73.888028,0.880526,-0.006100,0.646510,-1.147753,5.954909,-1.200446,42.508520
763,2286.600132,73.919234,0.864875,-0.004346,0.888608,-1.196558,3.146383,-1.204474,42.549176
764,2289.597164,73.957938,0.854248,-0.002756,1.016457,-1.245500,0.417704,-1.207372,42.589809
765,2292.594337,73.999560,0.848154,-0.001328,1.033420,-1.294530,-0.655430,-1.209023,42.630418
766,2295.591651,74.040961,0.846107,-0.000062,1.006819,-1.343598,-3.224887,-1.209330,42.671003
767,2298.589102,74.079146,0.847618,0.001041,0.876014,-1.392650,-4.857346,-1.208177,42.711564
768,2301.586684,74.110669,0.852198,0.001982,0.679095,-1.441630,-7.266558,-1.205455,42.752105
769,2304.584388,74.132222,0.859362,0.002761,0.384623,-1.490480,9.077923,-1.201088,42.792629
770,2307.582203,74.155253,0.868619,0.003376,0.752388,-1.539138,6.809644,-1.195293,42.833141
771,2310.580118,74.191304,0.879480,0.003830,1.028141,-1.587541,4.622062,-1.188071,42.873635
772,2313.578118,74.236699,0.891463,0.004123,1.215199,-1.635623,2.514460,-1.179293,42.914106
773,2316.576186,74.287901,0.904080,0.004253,1.316890,-1.683317,0.487809,-1.168832,42.954549
774,2319.574306,74.341518,0.916848,0.004223,1.336604,-1.730553,1.349442,-1.156574,42.994962
775,2322.572457,74.396593,0.929285,0.004033,1.391097,-1.777257,-0.516601,-1.142442,43.035343
776,2325.570621,74.452303,0.940914,0.003685,1.370252,-1.823354,-2.305952,-1.126328,43.075693
777,2328.568776,74.505675,0.951254,0.003175,1.277280,-1.868766,-4.016316,-1.108108,43.116011
778,2331.566900,74.553876,0.959825,0.002507,1.115466,-1.913411,-5.648062,-1.087663,43.156300
779,2334.564971,74.594210,0.966153,0.001681,0.888057,-1.957203,-7.200462,-1.064877,43.196564
780,2337.562965,74.624117,0.969758,0.000695,0.598294,-2.000057,-8.671960,-1.039626,43.236806
781,2340.560860,74.641168,0.970178,-0.000438,0.249439,-2.041879,-10.061160,-1.011789,43.277034
782,2343.558631,74.643063,0.967010,-0.001687,-0.155236,-2.082574,-11.367790,-0.981247,43.317255
783,2346.556259,74.627622,0.959984,-0.003002,-0.612501,-2.122045,-12.590471,-0.947893,43.357480
784,2349.553741,74.592783,0.948950,-0.004354,-1.119117,-2.160186,-13.727711,-0.911622,43.397718
785,2352.551086,74.536598,0.933815,-0.005734,-1.671832,-2.196890,-14.778204,-0.872326,43.437981
786,2355.548304,74.457223,0.914490,-0.007145,-2.267386,-2.232045,-15.740600,-0.829892,43.478280
787,2358.545408,74.352922,0.890884,-0.008586,-2.902513,-2.265530,-16.613573,-0.784209,43.518630
788,2361.542409,74.222053,0.862905,-0.010057,-3.573931,-2.297223,-17.395792,-0.735168,43.559044
789,2364.539317,74.063070,0.830465,-0.011557,-4.278345,-2.326993,-18.086031,-0.682656,43.599537
790,2367.536144,73.874518,0.793476,-0.013088,-5.012442,-2.354701,-18.683047,-0.626562,43.640126
791,2370.532902,73.655024,0.751846,-0.014648,-5.772884,-2.380204,-19.185697,-0.566777,43.680828
792,2373.529601,73.403301,0.705486,-0.016238,-6.556306,-2.403347,-19.592944,-0.503189,43.721662
793,2376.526254,73.118140,0.654307,-0.017858,-7.359311,-2.423970,-19.903819,-0.435686,43.762646
794,2379.522870,72.798407,0.598216,-0.019509,-8.178464,-2.441901,-20.117475,-0.364159,43.803802
795,2382.519463,72.443044,0.537119,-0.021191,-9.010287,-2.456958,-20.233178,-0.288495,43.845150
796,2385.516043,72.051065,0.470924,-0.022903,-9.851256,-2.468949,-20.250358,-0.208583,43.886714
797,2388.512621,71.621555,0.399544,-0.024645,-10.697789,-2.477669,-20.168563,-0.124311,43.928518
798,2391.509209,71.153672,0.322881,-0.026418,-11.546243,-2.482898,-19.987501,-0.035565,43.970586
799,2394.505819,70.646645,0.240843,-0.028223,-12.392907,-2.484405,-19.707048,0.057766,44.012945
800,2397.502462,70.099774,0.153339,-0.030056,-13.233993,-2.481939,-19.327264,0.155794,44.055625
801,2400.499149,69.512438,0.060279,-0.031920,-14.065624,-2.475236,-18.848381,0.258633,44.098654
802,2403.495892,68.884090,-0.038429,-0.033814,-14.883832,-2.464009,-18.270833,0.366396,44.142064
803,2406.492702,68.214270,-0.142874,-0.035736,-15.684540,-2.447951,-17.595257,0.479198,44.185888
804,2409.489592,67.502606,-0.253139,-0.037686,-16.463555,-2.426735,-16.822496,0.597154,44.230162
805,2412.486572,66.748821,-0.369313,-0.039664,-17.216553,-2.400006,-15.953611,0.720382,44.274924
806,2415.483655,65.952748,-0.491479,-0.041669,-17.939069,-2.367381,-14.989895,0.849001,44.320212
807,2418.480851,65.114337,-0.619711,-0.043697,-18.626475,-2.328447,-13.932855,0.983134,44.366070
808,2421.478173,64.233673,-0.754079,-0.045746,-19.273969,-2.282759,-12.784241,1.122907,44.412543
809,2424.475633,63.310992,-0.894649,-0.047816,-19.876556,-2.229830,-11.546042,1.268455,44.459678
810,2427.473242,62.346706,-1.041473,-0.049899,-20.429019,-2.169136,-10.220461,1.419910,44.507526
811,2430.471011,61.341429,-1.194590,-0.051994,-20.925908,-2.100105,-8.809943,1.577430,44.556143
812,2433.468953,60.296012,-1.354027,-0.054092,-21.361501,-2.022111,-7.317145,1.741202,44.605587
813,2436.467080,59.211592,-1.519763,-0.056170,-21.729783,-1.934474,-5.744942,1.911431,44.655918
814,2439.465400,58.089642,-1.691679,-0.058189,-22.024408,-1.836448,-4.096241,2.088336,44.707202
815,2442.463898,56.932027,-1.869548,-0.060118,-22.238666,-1.727215,-2.373995,2.272166,44.759509
816,2445.462524,55.741070,-2.053060,-0.061935,-22.365441,-1.605879,-0.581161,2.463211,44.812910
817,2448.461220,54.519632,-2.241858,-0.063626,-22.397157,-1.471451,1.279369,2.661839,44.867484
818,2451.459925,53.271232,-2.435527,-0.065169,-22.325732,-1.322846,3.204958,2.868481,44.923312
819,2454.458580,52.000165,-2.633590,-0.066543,-22.142513,-1.158862,5.193453,3.083697,44.980479
820,2457.457126,50.711662,-2.835490,-0.067716,-21.838208,-0.978176,7.243425,3.308173,45.039073
821,2460.455501,49.412067,-3.040567,-0.068654,-21.402810,-0.779324,9.354522,3.542762,45.099183
822,2463.453647,48.109048,-3.248049,-0.069314,-20.825514,-0.560689,11.528030,3.788570,45.160896
823,2466.451504,46.811857,-3.457019,-0.069643,-20.094624,-0.320490,-5.605578,2.470290,45.224297
824,2469.449011,45.490060,-3.666455,-0.069651,-20.460029,-0.159461,-2.821181,2.763956,45.289483
825,2472.446110,44.109914,-3.875440,-0.069350,-20.649457,0.026124,0.024167,3.066851,45.356628
826,2475.442740,42.678745,-4.082934,-0.068665,-20.647782,0.238690,2.920746,3.379415,45.425938
827,2478.438844,41.205835,-4.287645,-0.067506,-20.438369,0.480989,5.860650,3.702310,45.497637
828,2481.434361,39.702938,-4.488029,-0.065796,-20.002775,0.756164,8.837903,4.036234,45.571962
829,2484.429234,38.184844,-4.682429,-0.063520,-19.320390,1.067806,11.850558,4.382614,45.649173
830,2487.423443,36.670390,-4.869225,-0.060682,-18.367994,1.420024,12.464390,5.291054,45.729541
831,2490.417122,35.175322,-5.046549,-0.057099,-17.323770,1.863291,-1.458457,10.452026,45.813317
832,2493.410541,33.654395,-5.211102,-0.051876,-17.451344,2.777552,2.710060,10.585828,45.900789
833,2496.403986,32.066176,-5.356040,-0.043881,-17.202938,3.747857,6.890500,10.715996,45.992450
834,2499.397749,30.439401,-5.471754,-0.032258,-16.538515,4.781157,11.076284,10.852122,46.088876
835,2502.392122,28.813539,-5.545670,-0.015895,-15.411212,5.885645,13.927794,11.623267,46.190652
836,2505.387405,27.234933,-5.561275,0.006747,-13.911595,7.137132,14.549631,12.835487,46.298323
837,2508.383903,25.743083,-5.496421,0.037839,-12.252379,8.600870,14.847758,13.107188,46.412361
838,2511.381931,24.371037,-5.321439,0.079941,-10.458356,10.184584,15.594706,11.790266,46.533189
839,2514.381811,23.160182,-4.998559,0.135262,-8.462353,11.693648,15.267213,10.324912,46.661182
840,2517.383881,22.153844,-4.482610,0.205374,-6.394021,13.092419,14.126655,8.445820,46.796657
841,2520.388488,21.382476,-3.720521,0.291174,-4.369196,14.302990,12.364986,5.703811,46.939991
842,2523.395998,20.861550,-2.650067,0.392272,-2.491479,15.169157,9.293944,2.931192,47.091848
843,2526.406790,20.580083,-1.197391,0.505262,-0.987733,15.643419,4.953472,1.110892,47.253647
844,2529.421263,20.483330,0.690793,0.611101,-0.130830,15.835593,3.034146,0.096879,47.426637
845,2532.439068,20.505809,2.799388,0.653893,0.391784,15.852280,4.949989,0.559057,47.598881
846,2535.436080,20.605598,4.439517,0.566347,1.068193,15.928674,9.075875,3.637083,47.735530
847,2538.368183,20.738428,5.292777,0.362246,1.884989,16.255998,10.250050,1.309849,47.825526
848,2541.254619,20.889167,5.630590,0.116492,2.577552,16.344501,2.145110,-16.005203,47.893093
849,2544.145360,21.064571,5.623197,-0.119447,2.719613,15.284550,0.895413,-14.680669,47.959319
850,2547.070851,21.279629,5.251462,-0.319882,2.789520,14.138388,5.949968,-3.110788,48.037391
851,2550.035682,21.588685,4.414533,-0.464955,3.385125,13.826992,5.056169,0.599340,48.137494
852,2553.023435,22.056793,3.069403,-0.541022,4.024026,13.902725,1.047211,2.569494,48.263854
853,2556.031943,22.651331,1.366363,-0.556085,4.175883,14.275330,-5.692709,5.783845,48.408865
854,2559.042034,23.217055,-0.423477,-0.522047,3.316174,15.148802,-3.045740,3.243971,48.559885
855,2562.050107,23.669180,-2.030891,-0.448714,2.871043,15.622905,0.248996,1.865773,48.706033
856,2565.063502,24.060943,-3.295948,-0.351170,2.904821,15.876006,2.708146,0.705558,48.841689
857,2568.073886,24.450376,-4.203143,-0.249336,3.247656,15.965326,-9.625259,3.456653,48.968283
858,2571.073448,24.776235,-4.811103,-0.158513,2.067448,16.389166,-12.687282,0.977784,49.090898
859,2574.064276,24.934291,-5.172788,-0.081712,0.513545,16.508922,1.203072,-0.373802,49.213375
860,2577.051145,25.006518,-5.316807,-0.012564,0.661452,16.462966,4.440238,0.331750,49.336316
861,2580.038099,25.119691,-5.247447,0.059591,1.201061,16.503283,3.766649,-0.462267,49.457843
862,2583.028450,25.289029,-4.949384,0.141907,1.648703,16.448346,-1.511092,-1.119495,49.576687
863,2586.022815,25.472162,-4.394255,0.233927,1.471312,16.316926,1.421262,-1.615720,49.694079
864,2589.020394,25.658399,-3.546441,0.325778,1.641384,16.123584,1.901943,-1.954408,49.813742
865,2592.021515,25.878664,-2.394860,0.399905,1.879363,15.879041,-0.891011,-2.242125,49.938866
866,2595.026493,26.114008,-1.013532,0.441695,1.764261,15.589400,-0.821387,-2.591107,50.068047
867,2598.031863,26.332527,0.432720,0.445554,1.659409,15.258639,4.337640,-3.055970,50.195699
868,2601.037394,26.563582,1.766822,0.414135,2.181305,14.890951,3.806168,-3.675936,50.316017
869,2604.054748,26.825917,2.869871,0.351942,2.599053,14.487497,-7.546065,-4.507194,50.425773
870,2607.080245,27.044351,3.670168,0.256391,1.859699,14.045888,-2.916880,-5.537953,50.523751
871,2610.077527,27.194949,4.124726,0.124758,1.606216,13.564629,5.485479,-6.376656,50.610653
872,2613.014853,27.344774,4.239407,-0.019632,2.055154,13.042756,-3.196018,-6.486214,50.692495
873,2615.898783,27.511452,4.049226,-0.128971,1.777144,12.478543,-1.220789,-6.250328,50.779481
874,2618.790557,27.678180,3.624881,-0.178680,1.658662,11.871929,-1.205693,-6.190280,50.876534
875,2621.743920,27.845057,3.100032,-0.178275,1.532565,11.224521,6.654368,-6.375566,50.981119
876,2624.755213,28.048280,2.605279,-0.150076,2.247978,10.539083,7.665567,-6.712442,51.088629
877,2627.787843,28.333379,2.206843,-0.114220,3.069901,9.819357,-2.262922,-7.085659,51.195852
878,2630.817298,28.645533,1.915075,-0.080139,2.830465,9.069635,-3.302761,-7.435608,51.301660
879,2633.840413,28.923223,1.721390,-0.049277,2.485405,8.292792,3.558159,-7.767385,51.406136
880,2636.857723,29.199153,1.615799,-0.021563,2.853216,7.489870,6.204716,-8.106213,51.509507
881,2639.869765,29.523430,1.588748,0.003019,3.487827,6.660776,13.133496,-8.471079,51.611786
882,2642.877070,29.942881,1.630768,0.024430,4.814835,5.804858,11.990579,-8.884472,51.712826
883,2645.880171,30.481292,1.732295,0.042614,6.007859,4.920881,10.312622,-9.353706,51.812323
884,2648.879600,31.117345,1.883716,0.057588,7.015206,4.007202,4.562650,-9.876643,51.910004
885,2651.875890,31.809596,2.075590,0.069450,7.451853,3.062005,-0.977420,-10.441821,52.005704
886,2654.869574,32.503685,2.298830,0.078353,7.360250,2.083407,-6.310732,-11.036082,52.099423
887,2657.861192,33.153282,2.544816,0.084465,6.780444,1.069453,-11.409620,-11.647041,52.191299
888,2660.851281,33.718872,2.805376,0.087931,5.750485,0.018062,-11.036938,-12.265224,52.281570
889,2663.840385,34.186748,3.072673,0.088840,4.768674,-1.073014,-13.298228,-12.889041,52.370527
890,2666.829054,34.554584,3.339006,0.087200,3.599601,-2.206115,-7.447111,-13.517447,52.458439
891,2669.817840,34.839871,3.596428,0.082860,2.950931,-3.383532,-7.856836,-14.160952,52.545543
892,2672.807301,35.065569,3.836211,0.075502,2.271884,-4.607428,-4.425485,-14.821208,52.631970
893,2675.797886,35.244301,4.048670,0.064824,1.891957,-5.879828,5.529536,-15.502731,52.717820
894,2678.789794,35.425836,4.223531,0.050677,2.363707,-7.202438,-0.322177,-16.216844,52.803135
895,2681.783064,35.624957,4.350351,0.033021,2.336409,-8.576492,15.786934,-16.957185,52.887865
896,2684.777716,35.877310,4.418653,0.011837,3.664226,-10.002738,13.405536,-17.638970,52.971974
897,2687.773765,36.229147,4.418071,-0.012790,4.781182,-11.472425,-11.384798,-17.814077,53.055294
898,2690.771219,36.584658,4.338574,-0.040721,3.842508,-12.941192,-36.262502,-17.298903,53.137744
899,2693.770086,36.777697,4.170297,-0.071934,0.874488,-14.357075,15.640890,-16.041958,53.219592
900,2696.770372,36.901361,3.902975,-0.106494,2.152477,-15.667834,0.401781,-14.120513,53.301300
901,2699.772086,37.078421,3.526321,-0.144080,2.185277,-16.820588,-16.089236,-11.526931,53.382937
902,2702.775239,37.203284,3.030615,-0.184332,0.870372,-17.762635,22.242849,-8.233846,53.464663
903,2705.779850,37.349726,2.406365,-0.226904,2.696695,-18.438702,22.813344,-4.291552,53.546771
904,2708.785945,37.649701,1.644825,-0.271019,4.578099,-18.792624,25.557183,0.282604,53.629241
905,2711.793559,38.115815,0.739179,-0.315479,6.692095,-18.769248,10.106853,-3.092639,53.711957
906,2714.802740,38.704728,-0.312225,-0.357302,7.529160,-19.025385,5.088019,2.510820,53.794778
907,2717.813550,39.341891,-1.484891,-0.386504,7.948084,-18.818655,-10.932904,-0.424379,53.877114
908,2720.825316,39.940410,-2.685375,-0.387244,7.077071,-18.852465,-22.670889,6.204679,53.956783
909,2723.829735,40.400089,-3.758274,-0.346791,5.407601,-18.395557,10.137030,13.764813,54.030422
910,2726.811318,40.775685,-4.565923,-0.263287,6.070995,-17.494751,-13.739756,22.102580,54.095865
911,2729.765533,41.107378,-5.063518,-0.151062,5.267090,-16.201542,-15.848433,-3.240081,54.154374
912,2732.714111,41.374000,-5.270891,-0.031003,4.392174,-16.380411,-19.533838,-27.083068,54.209579
913,2735.685002,41.584706,-5.206842,0.087014,3.325567,-17.859229,19.081494,-20.177793,54.264182
914,2738.676966,41.799687,-4.871030,0.201584,4.389044,-18.983807,-4.125773,-13.029646,54.319916
915,2741.670051,42.053369,-4.242490,0.302860,4.143723,-19.758558,-4.326197,-6.349369,54.379377
916,2744.647716,42.317195,-3.311830,0.371271,3.858461,-20.177225,28.438024,-0.832183,54.445315
917,2747.621040,42.669477,-2.154455,0.395718,5.909688,-20.237250,10.032441,-0.224601,54.517445
918,2750.613733,43.139744,-0.931028,0.380817,6.660350,-20.254056,-9.123369,-5.737772,54.592268
919,2753.627701,43.607813,0.207360,0.341390,5.984942,-20.678826,-33.247161,-1.950522,54.666299
920,2756.645631,43.952514,1.194176,0.295476,3.591509,-20.819243,-7.537108,1.548535,54.738288
921,2759.654326,44.186935,2.035790,0.254381,3.060264,-20.710096,15.624066,4.676977,54.808772
922,2762.653937,44.437829,2.759240,0.220178,4.147910,-20.384515,-0.901113,7.434510,54.878385
923,2765.648617,44.721594,3.385502,0.190900,4.085798,-19.872071,1.122733,9.830021,54.947313
924,2768.641760,45.003050,3.925824,0.164208,4.162421,-19.201208,7.618503,11.870474,55.015559
925,2771.635107,45.301605,4.386172,0.139069,4.677054,-18.399352,-4.694530,13.554581,55.083110
926,2774.628920,45.603872,4.771532,0.115421,4.363122,-17.492932,-11.234729,14.872776,55.149982
927,2777.623193,45.868355,5.086933,0.093302,3.618570,-16.507277,10.928173,15.834330,55.216254
928,2780.617914,46.129944,5.337334,0.072715,4.337215,-15.465999,29.822106,16.474982,55.282015
929,2783.613065,46.476283,5.527672,0.053709,6.282398,-14.391399,13.686012,16.813056,55.347241
930,2786.608621,46.910591,5.662987,0.036339,7.166340,-13.305489,-2.547130,16.833481,55.411828
931,2789.604556,47.363376,5.748312,0.020576,7.003558,-12.229696,-18.883247,16.517484,55.475736
932,2792.600835,47.768738,5.788424,0.006312,5.808677,-11.184514,-22.555776,15.904731,55.539014
933,2795.597422,48.088882,5.787661,-0.006610,4.393009,-10.186285,4.820224,15.215836,55.601777
934,2798.594279,48.372191,5.749864,-0.018338,4.693587,-9.237461,23.799997,14.535455,55.664134
935,2801.591362,48.708632,5.678491,-0.028967,6.168009,-8.336982,17.813639,13.885481,55.726085
936,2804.588626,49.121382,5.576766,-0.038559,7.262885,-7.483542,11.950280,13.263014,55.787548
937,2807.586026,49.585925,5.447716,-0.047176,7.990765,-6.675705,6.182704,12.661172,55.848457
938,2810.583513,50.079214,5.294196,-0.054855,8.363734,-5.911924,0.497615,12.074070,55.908781
939,2813.581040,50.579759,5.118988,-0.061599,8.393462,-5.190608,-5.111775,11.498014,55.968522
940,2816.578569,51.067527,4.924862,-0.067424,8.090951,-4.510164,-5.328198,10.931238,56.027701
941,2819.576083,51.532909,4.714484,-0.072390,7.778444,-3.869031,-10.248935,10.373700,56.086353
942,2822.573583,51.967969,4.490319,-0.076571,7.182366,-3.265696,-2.342373,9.825136,56.144513
943,2825.571068,52.378558,4.254622,-0.080037,7.047189,-2.698695,7.008301,9.290334,56.202222
944,2828.568541,52.793675,4.009450,-0.082851,7.448585,-2.166598,3.046666,8.773367,56.259497
945,2831.566000,53.221901,3.756684,-0.085068,7.621728,-1.668005,2.457091,8.273716,56.316327
946,2834.563446,53.655536,3.498048,-0.086740,7.760264,-1.201515,-3.828280,7.789677,56.372709
947,2837.560879,54.083635,3.235112,-0.087915,7.546120,-0.765780,-5.397177,7.316363,56.428646
948,2840.558301,54.494210,2.969310,-0.088640,7.246520,-0.359645,-12.378091,6.852695,56.484157
949,2843.555711,54.874773,2.701936,-0.088958,6.564354,0.018012,-4.801806,6.401041,56.539268
950,2846.553109,55.226958,2.434160,-0.088909,6.301468,0.368453,-12.966353,5.962266,56.594015
951,2849.550496,55.550635,2.167039,-0.088528,5.595953,0.692866,-21.068192,5.533261,56.648426
952,2852.547873,55.822618,1.901532,-0.087845,4.455815,0.992308,-29.078988,5.112531,56.702543
953,2855.545239,56.020501,1.638509,-0.086887,2.888915,1.267793,-27.149554,4.699782,56.756427
954,2858.542596,56.136532,1.378764,-0.085679,1.430180,1.520310,-12.494743,4.294693,56.810157
955,2861.539942,56.195275,1.123020,-0.084242,0.759912,1.750694,12.552215,3.901574,56.863801
956,2864.537280,56.254019,0.871940,-0.082596,1.432551,1.959769,3.614873,3.526145,56.917388
957,2867.534608,56.335852,0.626123,-0.080762,1.625987,2.148457,-5.206318,3.166768,56.970899
958,2870.531928,56.415290,0.386102,-0.078760,1.347840,2.317642,-13.910138,2.821678,57.024324
959,2873.529239,56.467404,0.152359,-0.076608,0.605700,2.468185,-0.814025,2.490481,57.077676
960,2876.526543,56.498535,-0.074683,-0.074323,0.562307,2.600946,17.674696,2.174787,57.130984
961,2879.523838,56.553555,-0.294646,-0.071921,1.503698,2.716780,9.187308,1.875170,57.184246
962,2882.521127,56.646516,-0.507210,-0.069421,1.992292,2.816504,0.815461,1.590042,57.237428
963,2885.518408,56.753409,-0.712105,-0.066840,2.035575,2.900899,-7.449068,1.318095,57.290504
964,2888.515682,56.850784,-0.909116,-0.064194,1.640993,2.970719,-15.600746,1.058500,57.343475
965,2891.512950,56.915752,-1.098067,-0.061495,0.815955,3.026697,-7.500104,0.819096,57.396360
966,2894.510212,56.948393,-1.278817,-0.058752,0.419708,3.069972,6.441078,0.600510,57.449192
967,2897.507468,56.979530,-1.451249,-0.055975,0.759779,3.101677,-0.914340,0.394612,57.501989
968,2900.504719,57.018340,-1.615276,-0.053173,0.711543,3.122495,-8.140386,0.200531,57.554744
969,2903.501964,57.044539,-1.770841,-0.050356,0.282416,3.133066,15.611349,0.016369,57.607460
970,2906.499204,57.081084,-1.917916,-0.047533,1.104892,3.133929,8.002072,-0.158307,57.660145
971,2909.496440,57.150312,-2.056503,-0.044717,1.526018,3.125597,1.018751,-0.322584,57.712772
972,2912.493671,57.231911,-2.186641,-0.041917,1.579553,3.108646,0.409124,-0.476785,57.765321
973,2915.490897,57.315349,-2.308392,-0.039141,1.601019,3.083630,43.611283,-0.620553,57.817789
974,2918.488121,57.458988,-2.421840,-0.036398,3.884817,3.051133,31.846713,-0.755807,57.870156
975,2921.485340,57.705065,-2.527108,-0.033703,5.546649,3.011694,20.164419,-0.884712,57.922338
976,2924.482556,58.020239,-2.624367,-0.031070,6.593626,2.965758,8.507428,-1.007694,57.974260
977,2927.479769,58.371922,-2.713819,-0.028509,7.032762,2.913743,-3.148617,-1.124767,58.025878
978,2930.476979,58.728556,-2.795690,-0.026024,6.871239,2.856043,-9.391076,-1.235853,58.077178
979,2933.474187,59.066728,-2.870208,-0.023616,6.392365,2.793023,-21.070051,-1.340618,58.128170
980,2936.471393,59.363814,-2.937612,-0.021288,5.323822,2.725036,-32.716774,-1.438230,58.178884
981,2939.468596,59.590897,-2.998140,-0.019038,3.672092,2.652425,0.808206,-1.527013,58.229370
982,2942.465798,59.776681,-3.052021,-0.016861,3.712756,2.575594,-7.276633,-1.608073,58.279685
983,2945.462999,59.953755,-3.099477,-0.014760,3.347768,2.494935,-15.282891,-1.682765,58.329844
984,2948.460198,60.102091,-3.140737,-0.012736,2.583320,2.410763,11.341650,-1.751140,58.379864
985,2951.457396,60.245125,-3.176034,-0.010789,3.149291,2.323378,5.113662,-1.814478,58.429766
986,2954.454594,60.408210,-3.205607,-0.008923,3.403814,2.233066,8.587423,-1.873015,58.479539
987,2957.451791,60.587724,-3.229700,-0.007140,3.830023,2.140104,3.143898,-1.927006,58.529170
988,2960.448988,60.781072,-3.248563,-0.005440,3.985575,2.044761,-2.211781,-1.976388,58.578648
989,2963.446186,60.974945,-3.262449,-0.003824,3.876493,1.947288,5.256913,-2.021083,58.627967
990,2966.443383,61.171873,-3.271613,-0.002295,4.134932,1.847928,0.810951,-2.061537,58.677128
991,2969.440582,61.375457,-3.276318,-0.000853,4.174668,1.746913,0.393003,-2.097793,58.726128
992,2972.437781,61.579804,-3.276823,0.000503,4.193861,1.644464,4.449515,-2.129984,58.774965
993,2975.434982,61.789205,-3.273386,0.001773,4.410435,1.540790,0.565086,-2.158420,58.823639
994,2978.432184,62.003803,-3.266265,0.002956,4.437845,1.436093,-3.160370,-2.183034,58.872145
995,2981.429387,62.214634,-3.255724,0.004052,4.285074,1.330566,-0.914589,-2.203749,58.920484
996,2984.426593,62.420021,-3.242021,0.005062,4.241011,1.224393,-4.508289,-2.220713,58.968663
997,2987.423800,62.618486,-3.225411,0.005989,4.024512,1.117749,4.119593,-2.233958,59.016685
998,2990.421011,62.815869,-3.206148,0.006828,4.221727,1.010804,0.757169,-2.243962,59.064558
999,2993.418224,63.018193,-3.184502,0.007577,4.257859,0.903722,-0.685748,-2.250749,59.112278
1000,2996.415440,63.219954,-3.160741,0.008237,4.225239,0.796659,-0.666945,-2.254276,59.159846
1001,3005.407099,63.419554,-3.135128,0.008810,4.193615,0.689767,0.000000,0.000000,59.207263
