step,s,n,V,chi,ax,ay,mode,gap,opp_V,opp_s,opp_n,shadow_side,speed_cap,speed_scale,planner_ok,collision,ot_ready,t_plan_ms
0,56.25807534150099,-0.002107949330578485,50.17663998446534,-0.0009289940875800135,2.5611804041203037,-0.687626782500412,SHADOW,30.0,42.0,80.0,0.0,right,80.0,1.0,True,False,False,58.035850524902344
1,62.55747074591542,-0.015188179343574644,50.63264181427173,-0.003306501118903809,4.499907188205849,-1.1791355209409045,FOLLOW,30.92468718934719,57.67842033738935,87.18276253084818,-0.6403096796376737,right,80.0,1.0,True,False,False,28.98716926574707
2,68.92753420098747,-0.047133824846437807,51.28071837086494,-0.006676984445647367,5.6788854996082065,-1.5246783747917094,FOLLOW,31.833850683720193,57.88731738099762,94.39132142963561,-1.1302328310463894,right,80.0,1.0,True,False,False,25.725841522216797
3,75.38588749744204,-0.10385392618911413,52.02510223306239,-0.01076050228310934,6.092058123455964,-1.8023339712318711,FOLLOW,32.69649154321186,58.06455709178717,101.62402574419933,-1.5127003856442847,right,80.0,1.0,True,False,False,24.569272994995117
4,81.93867110732374,-0.18992711161197484,52.78485926094177,-0.015298937147366354,6.049833515842922,-1.9584661307731612,FOLLOW,33.48965739163741,58.16969965270281,108.87554488907945,-1.820015878672288,right,80.0,1.0,True,False,False,23.485183715820312
5,88.58578775385803,-0.30822542186515217,53.541436689071645,-0.020027125575821217,5.9439224645292645,-2.0167887440870182,FOLLOW,34.195910230286344,58.171975000902016,116.13458133761009,-2.0764846369003744,right,80.0,1.0,True,False,False,23.181438446044922
6,95.32388362748881,-0.46001267440076693,54.23886653498086,-0.024722715337687717,5.136220275242249,-1.985134509886282,FOLLOW,34.80066793995293,58.036861184999644,123.38645569381096,-2.300417504909152,right,80.0,1.0,True,False,False,24.181604385375977
7,102.13965519064759,-0.644793200717573,54.79048172465943,-0.02916731834279273,3.6576005546000454,-1.8445703266233497,FOLLOW,35.28943743460283,57.74772108131891,130.61332106209164,-2.5051663512476785,right,80.0,1.0,True,False,False,24.677515029907227
8,109.009418010092,-0.8600085839595641,55.12220959028233,-0.03314651967802336,1.9432430559677325,-1.6085810087132342,FOLLOW,35.655205451082665,57.28428782414253,137.79486064173025,-2.700580024850129,right,80.0,1.0,True,False,False,26.464462280273438
9,115.9115929902526,-1.1015336291280202,55.37797796752175,-0.03650123203400652,2.307994964794452,-1.3063893146634677,FOLLOW,35.89790173682478,56.636611728342615,144.90731974691678,-2.8933856735226495,right,80.0,1.0,True,False,False,24.625778198242188
10,122.84859035350604,-1.364940931241449,55.6815330496414,-0.03912285805905999,2.4236245751215018,-0.9683138285768987,FOLLOW,36.01993711367551,55.80492183305006,151.9315301039281,-3.0881098943809113,right,80.0,1.0,True,False,False,26.633739471435547
11,129.8217399066493,-1.6449099732199581,55.95345260886822,-0.040865380976665526,1.8553845591653941,-0.5367555012684248,FOLLOW,35.99129023843568,54.781102908260536,158.83988059194172,-3.287269339942769,right,80.0,1.0,True,False,False,24.984359741210938
12,136.8221132308526,-1.9346843443411323,56.11830300271173,-0.04166636298603245,0.7953632921795324,-0.12154051374876873,FOLLOW,35.787511804655935,53.58268386154232,165.60925171130523,-3.4916837309184614,right,80.0,1.0,True,False,False,26.953935623168945
13,143.83496285890206,-2.2271730911055228,56.17068079939675,-0.041539164649884955,0.09882004614978268,0.30097010057081436,FOLLOW,35.40155309396434,52.220157232123746,172.22366632481695,-3.701003608394242,right,80.0,1.0,True,False,False,21.496057510375977
14,150.84841720173512,-2.5151783239981524,56.1242219043575,-0.040414935106917,-0.8689647913266997,0.7701296030029623,FOLLOW,34.824038709132736,50.707237807681,178.6590015680348,-3.913609226174817,right,80.0,1.0,True,False,False,26.24034881591797
15,157.84729922041706,-2.7910414115802316,55.92995825118906,-0.038320411874391884,-2.2275944740760596,1.1760596123730083,FOLLOW,34.0489286026762,49.07155139568173,184.89734580441132,-4.126922308543411,right,80.0,1.0,True,False,False,23.703336715698242
16,164.81044034629542,-3.0475007604554976,55.54586654697619,-0.03529713126937005,-3.875093608032723,1.5833879846750345,FOLLOW,33.078571088980226,47.340006929121934,190.92587030939728,-4.337570575869745,right,80.0,1.0,True,False,False,23.616790771484375
17,171.71218889199378,-3.2774325602177155,54.94252631375518,-0.031355922911040994,-5.707230046661324,1.9532004086166128,FOLLOW,31.924779046764797,45.54066831807378,196.73521939306022,-4.541380766154703,right,79.89194325953892,1.0,True,False,False,26.611804962158203
18,178.52416910164263,-3.4746186345386354,54.10808987311537,-0.026651843358622293,-7.556403108571652,2.2031519042810936,FOLLOW,30.60720860231615,43.70439611307306,202.31939749430992,-4.733535458044292,right,72.14129050768506,1.0,True,False,False,27.123212814331055
19,185.2204092843525,-3.6275059072310203,53.104668769077534,-0.01838440332592285,-8.480479055895499,4.672271373106193,SHADOW,29.15190322615527,41.864202591540575,207.6760723277979,-4.908664156414527,left,80.0,1.0,True,False,False,28.540611267089844
20,191.78534591406705,-3.7055556973737516,51.99528267829962,-0.005408232227983914,-9.25880785035864,6.095319956822853,SHADOW,27.58597410410934,40.05436741801143,212.80638338846185,-5.061063240655168,left,54.37366019217822,1.0,True,False,False,28.11288833618164
21,198.20410511690653,-3.6876733994626245,50.749302021384594,0.01060172839041641,-10.541672008929433,6.897578855055904,SHADOW,25.926698161255644,38.30983139577224,217.7120440753227,-5.184958977539067,left,47.161468906896204,1.0,True,False,False,25.03490447998047
22,204.45195864622244,-3.5641327095507305,49.258088834247246,0.028304697068453552,-12.979038691532915,7.08312213639144,SHADOW,24.202469629658168,36.6678248739636,222.4065747465647,-5.273985313834184,left,40.32218050656414,1.0,True,False,False,28.185606002807617
23,210.4856138144816,-3.333512025425823,47.34181878032898,0.047763260652166586,-17.065649994520516,7.642020763314768,SHADOW,22.446121992137023,35.16505073416842,226.89808063835946,-5.195932603848821,left,34.045208103089095,1.0,True,False,False,35.45665740966797
24,216.24808720342094,-2.9918039245342234,45.04874343110543,0.07087601170948868,-19.072389530795608,8.868289987303822,SHADOW,20.726761673129545,33.83089180755291,231.21237548761115,-5.101664842959664,left,29.113529996087685,1.0,True,False,False,28.7168025970459
25,221.7024155447804,-2.534478358129116,42.65069819060883,0.0950089104936818,-18.88029187018627,7.656756530657394,SHADOW,19.112596303510173,32.68764140573497,235.3606835069311,-4.974397486585584,left,25.7068928142249,1.0,True,False,True,28.193950653076172
26,226.89598900964307,-2.0961431702826196,41.03884708600725,0.06562823383344348,-10.331223079495706,-13.038588478630459,OVERTAKE,17.66912564777371,31.669524873255963,239.3715411925541,-4.802275366202309,left,80.0,1.0,True,False,False,72.07512855529785
27,231.92207888724204,-1.8573854939671612,39.43334731042032,0.03575711271969395,-16.21779933834553,-5.152157407444081,OVERTAKE,16.349634374017484,30.75881479804024,243.24562338366056,-4.568114613456503,left,80.0,1.0,True,False,False,66.80941581726074
28,236.70537895328852,-1.7110988044451347,37.26918100653485,0.02935829006392056,-17.45814025993947,0.9248273043325792,OVERTAKE,15.072004592392773,29.97742536237781,246.9940834796348,-4.256797249038691,left,80.0,1.0,True,False,False,29.814481735229492
29,241.2192530926857,-1.5609758155993405,35.2096709417687,0.03937740199950443,-15.197291254901781,5.363251058208851,OVERTAKE,13.92889933612338,29.33178443239908,250.6342782894119,-3.855796391113651,left,80.0,1.0,True,False,False,30.263900756835938
30,245.48467918875755,-1.358448641804308,33.2844107596297,0.05487892739149094,-14.458835593071692,5.3299528790054005,OVERTAKE,12.956602969581752,28.816923851222104,254.17585606226746,-3.3525857611359724,left,80.0,1.0,True,False,False,32.7603816986084
31,249.51148031940627,-1.108364592054464,31.400070318804623,0.06859412462417634,-14.028539587334715,4.98357276471991,OVERTAKE,12.131274704138121,28.433880435293357,257.6159538928957,-2.7347328955548895,left,80.0,1.0,True,False,False,33.82086753845215
32,253.3089177007432,-0.810982791560534,29.685140938680544,0.08911489030894881,-12.063320110874468,7.577673353640611,OVERTAKE,11.456096922117041,28.160630493152105,260.9675772415233,-2.001203157772296,left,80.0,1.0,True,False,False,31.330585479736328
33,256.88782343635086,-0.4492227424999138,27.985679673324604,0.10862624321526955,-13.781198872998141,4.836577918772293,OVERTAKE,10.982854279401892,27.980284539953413,264.2917719801451,0.9247766451855739,left,80.0,1.0,True,False,False,55.01914024353027
34,260.2597481847898,-0.029404576057718845,26.653148819509262,0.13870197962249176,-9.037319711409019,10.752697499724537,OVERTAKE,10.798860811274778,27.879365319121245,267.68668424762564,2.9630487712813642,left,80.0,1.0,True,False,False,39.28208351135254
35,263.515532791872,0.49435920546258416,26.207405848201276,0.17672119792834567,-0.655462178644143,15.736180518122648,OVERTAKE,10.990019616800623,27.842174935185742,271.24976780159045,4.513054975768514,left,80.0,1.0,True,False,False,31.762361526489258
36,266.78021398286165,1.114670677121673,26.216660055404137,0.19697582465340036,0.3597264964775633,16.02256844776131,OVERTAKE,11.49025646768564,27.850501205336453,275.0057892595576,5.7366423209906685,left,80.0,1.0,True,False,False,29.9074649810791
37,270.12175098647384,1.7526085873027926,26.26725170414744,0.19057766742993723,0.42981103465009524,16.120224712050863,OVERTAKE,12.130787995463095,27.8877593283005,278.91100197832475,5.849051564087675,left,80.0,1.0,True,False,False,26.645183563232422
38,273.5646006833574,2.337671100900889,26.32298488559106,0.16767938541758268,0.4589019791417285,16.264459429827234,OVERTAKE,12.795277822773414,27.940432270109422,282.91702880924726,5.851034733544206,left,80.0,1.0,True,False,False,28.78284454345703
39,277.08959171798,2.8418425929605013,26.37706119888768,0.14201753491328653,0.4705824193850267,16.389235212107323,OVERTAKE,13.418523359758012,28.004652321849743,286.9831240431154,5.854046038608443,left,80.0,1.0,True,False,False,42.35649108886719
40,280.6741047498231,3.2672703482606393,26.439184458476813,0.11833196690387016,0.5195913196946835,16.24487439137084,OVERTAKE,13.997554561337097,28.079760845174558,291.0871462793171,5.8734785657153665,left,80.0,1.0,True,False,False,26.746034622192383
41,284.31059437676834,3.617065629382395,26.506914217671696,0.09506256427707194,0.5595138518937577,16.282330733109,OVERTAKE,14.532405939027399,28.164309041533404,295.20651068885047,5.858154712330999,left,80.0,1.0,True,False,False,34.93452072143555
42,287.9928254397715,3.8934686258400957,26.57681001228821,0.07353958140571534,0.5564596714196087,16.90509079997977,OVERTAKE,15.00744661032337,28.25704046681773,299.3180409870917,5.900661407573958,left,80.0,1.0,True,False,False,35.22610664367676
43,291.71280704009547,4.104065857707897,26.647564092386816,0.05455093479885337,0.5706817453951458,17.422758641527206,OVERTAKE,15.405533138245232,28.38437071157231,303.3983585780167,5.863820384367795,left,80.0,1.0,True,False,False,32.00840950012207
44,295.4649615630583,4.254576103172639,26.719272892623664,0.03650348113195212,0.5605460303322223,17.50418766429112,OVERTAKE,15.70770804766829,28.57797956978276,307.42051508776376,5.836400839973379,left,80.0,1.0,True,False,False,45.943260192871094
45,299.244752138496,4.341858649131766,26.787247353237923,0.016013592368813376,0.5347467789202217,17.104500621277722,OVERTAKE,15.89329757523575,28.839848923333676,311.35825913829404,5.838980672829124,left,80.0,1.0,True,False,False,46.50998115539551
46,303.0461521809047,4.355528725816105,26.854445598446038,-0.007112030918722121,0.5433319598138817,17.210450989805825,OVERTAKE,15.926238685212638,29.181901351766832,315.1709908237086,5.792587806847295,left,80.0,1.0,True,False,False,33.94365310668945
47,306.8586490552402,4.289741441350733,26.923022030945774,-0.031131694431029804,0.5523927240835732,17.347099094248904,OVERTAKE,15.793224379512594,29.595636614333166,318.8393765604173,5.222045669370246,left,80.0,1.0,True,False,False,31.813859939575195
48,310.6697502059647,4.131406772577753,27.018094816290734,-0.06329235024995186,0.9125741041516504,15.420846042528265,OVERTAKE,15.54973338184783,30.065337042875424,322.40838243708805,4.3252118765741745,left,80.0,1.0,True,False,False,31.78238868713379
49,314.4685275723807,3.8229264288834615,27.21689567306254,-0.1224668733858848,2.1332442789200767,8.395513905565652,OVERTAKE,15.303317015618575,30.608079931053826,325.9730672215833,3.253158260270618,left,80.0,1.0,True,False,False,32.47332572937012
50,318.2045525566922,3.2601223639348555,27.479785550929986,-0.2051403601412991,2.0979889503576192,4.217660983889388,OVERTAKE,15.172143927697562,31.25143171644298,329.64067150007827,2.1360333268427896,left,80.0,1.0,True,False,False,34.96575355529785
51,321.77945109830046,2.424459095153576,27.686236920841786,-0.2730784011671659,1.3250029753058845,4.32009192069728,OVERTAKE,15.257739370243371,31.962373354658297,333.46229192693556,1.073826112287867,left,80.0,1.0,True,False,False,35.0947380065918
52,325.1877910515732,1.4229713414632936,27.69384017320431,-0.3028752011326944,-0.7749749689552483,5.87956849479549,OVERTAKE,15.635393895969457,32.668154203433225,337.4148449942699,0.1289180163903878,left,80.0,1.0,True,False,False,44.724464416503906
53,328.50360591354786,0.40307672488843616,27.517907487204486,-0.29125774200266547,-1.7426358757012772,9.111596546035779,OVERTAKE,16.292044195400592,33.29352584875976,341.4798352469738,-0.6683870765346807,left,80.0,1.0,True,False,False,34.96384620666504
54,331.8090108058827,-0.5112968031136469,27.399160838848363,-0.24918668315589795,-0.3528021451695651,11.582721893296991,OVERTAKE,17.13697084690375,33.805098200154255,345.6405767604516,-1.296654783297722,left,80.0,1.0,True,False,False,27.77266502380371
55,335.15583344930553,-1.2572216552287863,27.498201160016745,-0.194099881381683,1.617781233001185,12.574717760245209,OVERTAKE,18.06010775790361,34.267354865771,349.8691185637863,-1.7647002357780153,left,80.0,1.0,True,False,False,26.407718658447266
56,338.56802946258006,-1.8149148431879296,27.82333781542826,-0.13571793916012387,3.3027266095736647,12.738837858863391,OVERTAKE,19.00390597028661,34.78279756910786,354.15973941959214,-2.0880278382292667,left,80.0,1.0,True,False,False,27.271032333374023
57,342.05741518240507,-2.187257677834171,28.30126258412669,-0.08357939839485981,4.105284279746998,10.5235794617017,OVERTAKE,19.956012043035628,35.401489575990084,358.5240415056157,-2.280584914803573,left,80.0,1.0,True,False,False,25.89726448059082
58,345.62257341930217,-2.4024848923225104,28.82197579326271,-0.04251888013541086,4.265167551562504,7.978368485303653,OVERTAKE,20.909430038426024,36.046715391633576,362.9668452208311,-2.3674558256681344,left,80.0,1.0,True,False,False,31.446218490600586
59,349.2590050790761,-2.4931294563686017,29.379093356100018,-0.011284852243565565,4.613453120128434,5.975871830697233,OVERTAKE,21.869249823183566,36.64420713913568,367.49182324248574,-2.3658647955661536,left,80.0,1.0,True,False,False,26.956558227539062
60,352.9677044552703,-2.4931891898895224,29.975353703166817,0.0075699851291414245,4.869974150170261,2.826341739181439,OVERTAKE,22.82916465318158,37.203166126264875,372.08816973225765,-2.2980432232318915,left,80.0,1.0,True,False,False,27.28414535522461
61,356.7509147075336,-2.4385613242810558,30.577335725714562,0.02015697397715214,4.732100442697178,2.2263484983775927,OVERTAKE,23.789615621672056,37.75055732800338,376.75732007694234,-2.181167562048845,left,80.0,1.0,True,False,False,23.749828338623047
62,360.60390191171876,-2.336174934978118,31.081060231102597,0.03227115206257451,3.42012094471116,1.9283097611916546,OVERTAKE,24.741072646462953,38.234179353006404,381.49198735399654,-2.0330479229543075,left,80.0,1.0,True,False,False,31.084299087524414
63,364.5074735016372,-2.1801981382156335,31.4025633588382,0.04760568437050244,1.8799541085172486,2.853270540004872,OVERTAKE,25.681282681972732,38.65725340789843,386.2851845936915,-1.8696417271605923,left,80.0,1.0,True,False,False,31.74567222595215
64,368.4348929320815,-1.9651493780644154,31.49007210963941,0.059720989584777874,-0.2379546335938585,0.6513750954661144,OVERTAKE,26.621055851174106,38.99601042008081,391.1285293528113,-1.7052562834468976,left,80.0,1.0,True,False,False,32.81879425048828
65,372.35444062837075,-1.7107730017940683,31.315301333609096,0.06968797816911784,-2.309649521944412,0.9054071276117546,OVERTAKE,27.57537460239439,39.25375538255918,396.0102675344759,-1.553020172206316,left,80.0,1.0,True,False,False,30.079364776611328
66,376.2340755943579,-1.4289620571333077,30.88678726711342,0.07323847636325065,-4.262847223756815,-1.91458707901618,OVERTAKE,28.56898822275423,39.47176271276033,400.923428851125,-1.4234917693340416,left,80.0,1.0,True,False,False,33.67042541503906
67,380.04573244558634,-1.1496204839466906,30.248427227070227,0.07352747039805219,-5.72804963379555,-1.2233250912896891,OVERTAKE,29.628164569317505,39.64532666215406,405.8622401636754,-1.3245914190613435,left,80.0,1.0,True,False,False,29.690265655517578
68,383.76881042054777,-0.8817426831663997,29.50155392330577,0.06859108136950672,-6.045212088592234,-3.3900926562045313,OVERTAKE,30.775077806744605,39.78195074889593,410.82081025233094,-1.2629367845494603,left,80.0,1.0,True,False,False,34.49201583862305
69,387.402736237272,-0.6497604962633592,28.82892205148825,0.05949675727620673,-4.771138811095882,-3.084632522295456,OVERTAKE,32.02696425391673,39.91391108655665,415.7957746744645,-1.2413870056032874,left,80.0,1.0,True,False,False,27.41861343383789
70,390.9645813148729,-0.453917524620136,28.309540792588344,0.05114749441488476,-3.62848829692894,-2.5785022087590397,OVERTAKE,33.38403342630892,40.06241683099422,420.7867696635809,-1.2611080393050043,left,80.0,1.0,True,False,False,28.787612915039062
71,394.477559258271,-0.2996238468558706,28.032290555525716,0.03572949421281433,-1.0949537634972453,-5.017777095587572,OVERTAKE,34.8325838953898,40.253217890048866,425.7971652102627,-1.3212546812362083,left,80.0,1.0,True,False,False,23.879289627075195
72,397.9815355318457,-0.21584364567411324,28.110108317162883,0.013467553022978019,1.9028926534660036,-5.511594622897803,HOLD,36.353815722699835,40.47938271095333,430.83137498097085,-1.4175115243142633,left,80.0,1.0,True,False,False,24.86276626586914
73,401.5185896484785,-0.20750461590790448,28.500104829902003,-0.005930817926264435,3.9745071340022107,-3.961056037841786,HOLD,37.91308721188261,40.7672503541838,435.8946227437283,-1.5439628266321526,left,80.0,1.0,True,False,False,25.542736053466797
74,405.11727312888104,-0.250181278017972,29.063866576106587,-0.014813932469973827,4.887970115493794,-1.021946040210342,HOLD,39.47741905567892,41.13513336189478,440.9960087041574,-1.692169359268536,left,80.0,1.0,True,False,False,24.118900299072266
75,408.7910750106057,-0.2975077525409712,29.686667249139408,-0.00844641673874341,5.007382923081191,2.835526109894587,HOLD,41.027033861369944,41.555799776786564,446.144306990251,-1.8510161062889947,left,80.0,1.0,True,False,False,26.254892349243164
76,412.5405504479134,-0.2947214486562858,30.2598494381698,0.010510111465354398,4.253087592882762,5.083923264615894,HOLD,42.55375569782626,41.99931305537056,451.34483070843197,-2.006971511042625,left,80.0,1.0,True,False,False,25.77805519104004
77,416.3530928662204,-0.20729695910383455,30.71369144274296,0.034827111432607395,3.1088866005810676,5.957328804643489,HOLD,44.05827375309991,42.4359916869732,456.5988242010133,-2.143103308855019,left,80.0,1.0,True,False,False,30.93719482421875
78,420.21247866748047,-0.03380861585411096,31.077492850668467,0.052262959608490075,2.696614510279612,3.1111991122860463,HOLD,45.55083099020305,42.8444752718531,461.90392385642343,-2.239726607953597,left,80.0,1.0,True,False,False,34.13081169128418
79,424.1136105707352,0.19028536398508206,31.435678723280493,0.06161739247960041,2.961738626146943,2.442095856795305,HOLD,47.04277813932663,43.207959138144126,467.2552568068071,-2.2753270166922572,left,80.0,1.0,True,False,False,41.09835624694824
80,428.0580789895123,0.4544559932648662,31.797603852176174,0.07226884921858309,2.7932551496119,3.3757340565627496,HOLD,48.534627264258404,43.513925140681835,472.6482378349936,-2.2240104579545004,left,80.0,1.0,True,False,False,29.552698135375977
81,432.0454651953556,0.7719597011556936,32.197282873319196,0.08648812843706438,3.454025554876283,4.232007691811353,HOLD,50.02173632019009,43.75520255635475,478.0798153097024,-2.052849882336184,left,80.0,1.0,True,False,False,36.687374114990234
82,436.082330559693,1.148989517458138,32.65217807421478,0.09768145556106606,3.6699341155262384,2.1030345535527504,HOLD,51.49472029338244,43.934035801497586,483.540185488738,-1.7264528105570514,left,80.0,1.0,True,False,False,26.991605758666992
83,440.1729950145263,1.5628011051703485,33.09544128374835,0.10246090742918433,3.3438735625613814,0.32923941438415927,HOLD,52.930151483646,44.054671998629395,489.012482043339,-1.2084799637187316,left,80.0,1.0,True,False,False,30.687570571899414
84,444.31894828636763,1.9696394257585095,33.53001251424717,0.08986418544709446,3.555562295105694,-6.042314750029895,HOLD,54.29003158738999,44.12470073114075,494.4630266019163,-0.46896827607505,left,80.0,1.0,True,False,False,28.096437454223633
85,448.5296752499469,2.2956697369594017,34.01494277728992,0.0658043505608285,4.090113112669837,-6.963826641432618,HOLD,55.53290234499815,44.15485991204215,499.8518506313658,0.4957051128825578,left,80.0,1.0,True,False,False,35.67171096801758
86,452.8117526508637,2.5173408439062737,34.547050895557966,0.03925908267507833,4.320326543549025,-7.550269225925033,HOLD,56.671166751760495,44.15487048695712,505.2008420017074,1.6464203827547206,left,80.0,1.0,True,False,False,34.287214279174805
87,457.1653839338752,2.628439934916014,35.075220662733,0.014493971532173022,4.072328334588577,-6.275225563755632,HOLD,57.77035827594153,44.13625827899843,510.5821109268052,2.9024491037761173,left,80.0,1.0,True,False,False,29.123544692993164
88,461.58538747364673,2.644492168176236,35.599249570012205,-0.004578729243917973,4.532684597723388,-4.445778927862637,HOLD,58.92014405206805,44.10776959947482,516.0855279859433,4.157903955294505,left,80.0,1.0,True,False,False,30.265092849731445
89,466.0795061639458,2.587285329358669,36.27168185168824,-0.01913695101681985,5.967590414195172,-3.57272688938444,HOLD,60.16882384158305,44.07773516062803,521.7542113152298,5.304497469565025,left,80.0,1.0,True,False,False,36.82756423950195
90,470.66499425072806,2.471391620380336,37.05430052802278,-0.029684272962963318,6.410272499602863,-2.3513093017575226,HOLD,61.47287368641901,44.053217411690355,527.5523798503648,5.362968658092351,left,80.0,1.0,True,False,False,29.587984085083008
91,475.34697832979424,2.317916211923852,37.8497389115363,-0.034180618880811815,6.215669232183634,-0.6050592433830901,HOLD,62.77329426027194,44.03975347444012,533.438288511,5.3887758338191345,left,80.0,1.0,True,False,False,24.043560028076172
92,480.12121381408144,2.160795914596115,38.57457604661401,-0.030166191917883067,5.49753028933573,1.859445013130199,HOLD,64.02804225728943,44.04126825301474,539.3750205870837,5.242519257662248,left,80.0,1.0,True,False,False,23.090839385986328
93,484.9806479138043,2.0472637391899893,39.26506497193246,-0.015595741816646514,5.640536962075227,4.952106393360661,HOLD,65.2071843139114,44.061708277511514,545.3283981279928,5.239677385634037,left,80.0,1.0,True,False,False,25.87723731994629
94,489.92755425364965,2.034675931964748,40.0034694029002,0.010570621825910318,6.057019754444356,8.361396882413079,HOLD,66.2859450194743,44.11405126496814,551.2665929332786,5.271545526311024,left,80.0,1.0,True,False,False,24.756908416748047
95,494.969150648852,2.1811828692567943,40.75197749240232,0.04561141686107156,5.851436659267772,11.943424638964304,HOLD,67.23136343629221,44.20162697107728,557.1589176899419,5.296218220041051,left,80.0,1.0,True,False,False,23.601770401000977
96,500.1223531609557,2.5088344493981936,41.450862300705616,0.07801833299158162,5.347804087073218,15.312751968750863,HOLD,67.99447613168508,44.321994002941466,562.9636267805371,5.371628513277741,left,80.0,1.0,True,False,False,31.389474868774414
97,505.41091911520004,2.978238125855188,42.08762224678454,0.09788119999420467,4.886055228497842,18.238323711501188,HOLD,68.51198022396255,44.49711889708034,568.6343333849182,5.506822936484575,left,80.0,1.0,True,False,False,27.640104293823242
98,510.86651701256375,3.510678970635758,42.658152951511205,0.09940703174334439,4.217262794635085,20.299058408282185,HOLD,68.80005984810691,44.75601444472027,574.210978963307,5.107067277737444,left,80.0,1.0,True,False,False,26.573896408081055
99,516.5224659301849,3.9923817135026285,43.122682580305565,0.07719798685371379,3.172265818592379,21.106940072751087,HOLD,68.90876548596424,45.092626617591264,579.775282498528,4.423416476502611,left,80.0,1.0,True,False,False,24.949073791503906
100,522.3338480913669,4.309249314791883,43.425172283895364,0.04063407760169525,1.7051352827889827,21.380137806450712,HOLD,68.8660359725875,45.48702576302687,585.3885019027724,3.6816420617599426,left,80.0,1.0,True,False,False,37.89496421813965
101,528.1950499909797,4.42780881119262,43.54125217773657,0.004875062010438261,0.47971171944959057,21.24108683553393,HOLD,68.74184171563923,45.91617104049897,591.0756898070061,3.039790948155879,left,80.0,1.0,True,False,False,28.331279754638672
102,534.0541873312193,4.360748675987874,43.6250703097084,-0.027702370326305514,0.8594225176951992,21.24407799435633,HOLD,68.63179462385563,46.3564602375048,596.8268446148353,2.5775905907073535,left,80.0,1.0,True,False,False,31.621217727661133
103,539.8958018457669,4.124384831106828,43.76002794856838,-0.057345863635534615,1.2504961756823867,21.310827910436064,HOLD,68.5737927326594,46.78557422110967,602.6279800638787,2.3001106172200094,left,80.0,1.0,True,False,False,26.84473991394043
104,545.7106109916604,3.729290716979139,43.92321008112388,-0.08600571940667964,1.4098827806659306,20.724890486947988,HOLD,68.57934891538775,47.18462769033446,608.4751507611546,2.165604831048796,left,80.0,1.0,True,False,False,38.43426704406738
105,551.4883178770365,3.175705932926124,44.13019669411251,-0.1142044656776206,1.9092732427241166,21.105726999995746,HOLD,68.66025931214813,47.53884771660199,614.3708703038085,2.1095465361318975,left,80.0,1.0,True,False,False,27.86874771118164
106,557.2222892757719,2.4647829412209425,44.40837939673079,-0.14281252675290576,2.529507152659114,20.440123507523953,HOLD,68.82511542307611,47.83824771312742,620.3134333001126,2.0678940587237387,left,80.0,1.0,True,False,False,28.542041778564453
107,562.9012763373282,1.5837958072256189,44.76280614851506,-0.17341650435899117,3.1133632945126175,19.533221015462946,HOLD,69.07082377314237,48.07806899635387,626.2931130489143,1.9850850238949564,left,80.0,1.0,True,False,False,40.360450744628906
108,568.5077878976085,0.5389029201859477,45.20278296160529,-0.19598172184763885,3.9738617298828194,19.18382295151465,HOLD,69.39679317375146,48.25879030700925,632.2980695110797,1.8115760547911295,left,80.0,1.0,True,False,False,31.07428550720215
109,574.0830009203058,-0.5787489988142285,45.763668636006656,-0.19537937069558334,4.907963712517792,18.945926949171117,HOLD,69.81837043892631,48.38541414641068,638.3261583365348,1.5107891028787455,left,80.0,1.0,True,False,False,37.560224533081055
110,579.7203437123537,-1.6365467208340265,46.43404030698533,-0.17063304429163245,5.752552400203524,18.71476576967793,HOLD,70.3083980621152,48.46625094467932,644.391398982421,1.0848663256740123,left,80.0,1.0,True,False,False,30.458688735961914
111,585.5083093807484,-2.4970999387928434,47.17399232850314,-0.1224634245148847,5.975408367989781,17.803205308846795,HOLD,70.79745258561627,48.51155121635209,650.51779629797,0.578898923090292,left,80.0,1.0,True,False,False,29.78372573852539
112,591.4750475205127,-3.0342262930835044,47.881920767107886,-0.061170417393988034,5.243279853855906,15.789038956708684,HOLD,71.22400758478352,48.5321336725744,656.7323169655319,0.0676306841559583,left,80.0,1.0,True,False,False,30.46417236328125
113,597.5403150268307,-3.2308209786882762,48.43697800738555,-0.009534625932682068,3.5891761406662406,12.930253951964241,HOLD,71.53224747853722,48.53788508467421,663.0072949990499,-0.37612071545136866,left,80.0,1.0,True,False,False,32.53769874572754
114,603.6402777924458,-3.1703817370537295,48.89473040063952,0.024406417785361012,4.371842866535203,9.3616981268417,HOLD,71.75111625012812,48.53611373835123,669.2914312769589,-0.7272283524002803,left,80.0,1.0,True,False,False,29.672861099243164
115,609.7782069228178,-2.9617992980486987,49.54188903700158,0.039315622016588544,5.80630109776552,5.311238662735542,HOLD,71.92248932549523,48.531479091858046,675.562767117941,-0.9980974524870143,left,80.0,1.0,True,False,False,27.61054039001465
116,615.9915012025223,-2.712777159343095,50.321852119560006,0.03832445235791267,6.546311956146595,1.0380303455945885,HOLD,72.0324633702694,48.53036358475092,681.8106702930872,-1.2204655125352581,left,80.0,1.0,True,False,False,26.7484188079834
117,622.3102890249049,-2.5038341014834864,51.15696535512297,0.026435908618619976,6.731063719006199,-3.3997640697796347,HOLD,72.06140412178308,48.53679813409785,688.0529053243054,-1.422393540851384,left,80.0,1.0,True,False,False,31.01205825805664
118,628.7398800884648,-2.401823845764502,51.98788007013056,0.004775305861074757,6.5116134106136245,-7.7663083493912834,HOLD,71.99946096600422,48.55370568195591,694.3097499909092,-1.6105670524002567,left,80.0,1.0,True,False,False,31.405210494995117
119,635.2776712154179,-2.4691414962121843,52.77913243804631,-0.024227274885051633,6.10026033408651,-11.843876915137123,HOLD,71.85120687833637,48.583911955569995,700.5910869668012,-1.7802569330987803,left,80.0,1.0,True,False,False,30.010461807250977
120,641.9412121140242,-2.722035382789349,53.48618333650131,-0.0480645009630341,5.209983551248155,-15.61685176956376,HOLD,71.62269842570197,48.626107488124596,706.9003696411198,-1.919486773624179,left,80.0,1.0,True,False,False,24.689674377441406
121,648.7554265335413,-3.081037114291139,54.05281520433111,-0.05489079549394681,3.901419543786745,-18.93841110750945,HOLD,71.28816904171947,48.67840804991127,713.2293811557437,-2.0171767309231137,left,80.0,1.0,True,False,False,31.758785247802734
122,655.7320227261315,-3.4153640192965944,54.45213205828377,-0.04061227152741763,2.4999500951747637,-21.334972880900253,HOLD,70.81676938441501,48.74357936454061,719.5721959179563,-2.0682910826258,left,80.0,1.0,True,False,False,28.0001163482666
123,662.8213232989712,-3.598672955620415,54.660368651560475,-0.015006798185638076,0.9883668997454611,-22.688856408072017,HOLD,70.1951882203341,48.84735217783564,725.9272109464656,-2.082882099413847,left,80.0,1.0,True,False,False,28.125524520874023
124,669.9074326971767,-3.6355428331107786,54.75305986726061,0.0013474533971394968,0.5764445459802193,-22.324860029914372,HOLD,69.4791449760869,49.037851136725834,732.300468275058,-2.0802063723469066,left,80.0,1.0,True,False,False,27.715682983398438
125,676.9582216794137,-3.5960801986342688,54.794859548206915,0.007972201593575744,0.2793795614786737,-21.905212199029453,HOLD,68.79451979556904,49.30014109149783,738.7019524927457,-2.0762319069492268,left,80.0,1.0,True,False,False,27.020931243896484
126,683.97905530297,-3.549439072099176,54.83975275910802,0.004982694174786488,0.36705254947750254,-21.809808803278237,HOLD,68.18022010036759,49.593269989468254,745.1384417797813,-2.074718130764722,left,80.0,1.0,True,False,False,26.879072189331055
127,691.0044679314135,-3.5233284666934743,54.882658502294454,0.0034193055724761516,0.42937300903454456,-21.780013231307308,HOLD,67.62881230160838,49.85949219197337,751.6078676045784,-2.0599854888124094,left,80.0,1.0,True,False,False,27.857303619384766
128,698.0504156246259,-3.4973386097143018,54.94809519524498,0.004754305656741733,0.5292977084609273,-22.081591574973576,HOLD,67.09207212000535,50.07166594966662,758.0965400514189,-1.9972034207875282,left,80.0,1.0,True,False,False,25.349855422973633
129,705.1163720840367,-3.4462892980373208,55.014489745163196,0.010359129576214656,0.5713574749160664,-22.089018089981593,HOLD,66.54482071757525,50.296135832833194,764.5952363422011,-1.8571855983066525,left,80.0,1.0,True,False,False,25.442123413085938
130,712.1911462588381,-3.348289182318872,55.08325833409222,0.018026732850365445,0.5125531219491932,-21.395493145976282,HOLD,65.9850444955581,50.48518023720426,771.1014165795948,-1.6399976342464528,left,80.0,1.0,True,False,False,26.738405227661133
131,719.2652175699172,-3.1984715841461067,55.15918710604623,0.024298198276583173,0.7090691458005293,-23.269625462529962,HOLD,65.42157887365238,50.704906848345246,777.6127251324905,-1.360774068716342,left,80.0,1.0,True,False,False,25.21347999572754
132,726.3408049159005,-3.026332442062553,55.281163222680405,0.024334973367047638,1.2877865920709453,-26.333115757089473,FOLLOW,64.8760342913032,51.05314966625805,784.1412518612204,-1.0380678500442475,left,80.0,1.0,True,False,False,23.76103401184082
133,733.4287136300036,-2.8735809133426837,55.48392889296556,0.019616793868423788,1.8316450778243345,-27.692583489291533,FOLLOW,64.36136618099204,51.461150896905956,790.7021710968926,-0.6867686972359298,left,80.0,1.0,True,False,False,24.23238754272461
134,740.5391928906863,-2.7554507476441406,55.710652309886314,0.015066074838296577,1.6972420576230933,-27.032857892970394,FOLLOW,63.869951388646314,51.828049968987415,797.2986650186499,-0.31116851533323314,left,80.0,1.0,True,False,False,23.616790771484375
135,747.6720572416649,-2.653810544920249,55.88896013104872,0.015268274337782538,1.0696414344624583,-24.555493382158044,FOLLOW,63.38139996792188,52.14062391350127,803.9205928586082,0.09891686247645143,left,80.0,1.0,True,False,False,23.377656936645508
136,754.8148099847458,-2.522021890128463,55.955747182932974,0.02355939606588408,0.09447844271242889,-20.74367754718579,FOLLOW,62.88106224201749,52.483519273471096,810.5531194836824,0.5640785359747962,left,80.0,1.0,True,False,False,24.074792861938477
137,761.9475973524875,-2.309825661319137,55.9764919970774,0.03626538332566473,0.3208189735956757,-20.67184959198956,FOLLOW,62.37072323049665,52.90493728599553,817.1855332152425,1.1110057304349428,left,80.0,1.0,True,False,False,23.072242736816406
138,769.064713706396,-2.01924211840206,56.01973855979989,0.04531328216770304,0.5525489209612459,-22.659747274033432,FOLLOW,61.85965773673138,53.39607527327414,823.8072550892189,1.7694541206901382,left,80.0,1.0,True,False,False,25.827407836914062
139,776.1681998441425,-1.685166689849229,56.091164429447936,0.0490877491944131,0.4985436606478645,-24.378968474181278,FOLLOW,61.36709080645005,53.90399234827215,830.431804512846,2.5407567671756803,left,80.0,1.0,True,False,False,23.705005645751953
140,783.2594954049556,-1.3392180762648467,56.17088934219222,0.04902867665002404,0.8820002679746048,-25.51301030849316,FOLLOW,60.927741115799336,54.386527878662264,837.0959409599418,3.3855768400923947,left,80.0,1.0,True,False,False,22.510766983032227
141,790.3444784097086,-1.0009300503901017,56.28527385768882,0.04727172101806587,0.8023042356383459,-25.597283181423844,FOLLOW,60.56865839315947,54.83173227610699,843.8281537981151,4.2420248773265525,left,80.0,1.0,True,False,False,23.488283157348633
142,797.4228487615793,-0.6729395219237715,56.34533435143098,0.04637411511532785,0.2260254840958722,-24.684671118528303,FOLLOW,60.28755574184822,55.194368129542575,850.6320341515568,5.050390181212595,left,80.0,1.0,True,False,False,23.44489097595215
143,804.4888631469912,-0.3312781865284006,56.40852375510781,0.05178338550807566,0.8003436296643364,-22.10365926257804,FOLLOW,60.074122475402305,55.526553437624976,857.4969712369816,5.250136763903686,left,80.0,1.0,True,False,False,23.984670639038086
144,811.5444128135314,0.0721460212287453,56.55840529141242,0.06275379055823574,1.6063764986160463,-21.6792095031635,FOLLOW,59.93954731539338,55.95171731465082,864.4284104623846,5.296165294101743,left,80.0,1.0,True,False,False,24.649858474731445
145,818.591838955495,0.5706232754854896,56.813911720177515,0.07809053251610969,2.3510579441504817,-21.136495975127698,FOLLOW,59.891628947280765,56.376570926122874,871.4360417608121,5.337355033625921,left,80.0,1.0,True,False,False,25.3751277923584
146,825.6325702057527,1.1901643007659533,57.11755254847195,0.09422093180683593,2.364876235986718,-20.116371808957524,FOLLOW,59.92608449752288,56.712474853866006,878.5179234530178,5.365273085742286,left,80.0,1.0,True,False,False,25.346040725708008
147,832.6827179482326,1.892106792626818,57.37328417036696,0.09954169667949168,1.721976802531581,-18.534311517410263,FOLLOW,60.033553340253775,57.039346662744556,885.6661235460065,5.348020232401742,left,80.0,1.0,True,False,False,25.0399112701416
148,839.7666656656149,2.5854503830253943,57.57884758026272,0.0919611867902916,2.0609588776563714,-16.336700926962646,FOLLOW,60.194205431289674,57.356803049557804,892.8769233795223,5.289229026202705,left,80.0,1.0,True,False,False,25.142192840576172
149,846.9219938262083,3.185927689803139,58.02185897895581,0.07426130719759402,4.667709613888115,-13.745304966706813,FOLLOW,60.377973463083094,57.7407120513104,900.144639128698,5.284117780156089,left,80.0,1.0,True,False,False,24.1849422454834
150,854.1776582719936,3.6521396479151473,58.67924215870027,0.054985404368353766,5.520280291517542,-10.878090378453237,FOLLOW,60.54221321977025,58.11615148324189,907.4642070459786,5.360310367129852,left,80.0,1.0,True,False,False,24.65343475341797
151,861.5400299350036,3.991108768768515,59.386588701861676,0.03816434945205029,5.644528981466358,-7.780582681180045,FOLLOW,60.657870937450525,58.52867511149633,914.8355292094441,5.387496298006276,left,80.0,1.0,True,False,False,24.922609329223633
152,869.0111393024972,4.218350944885393,60.071452336765674,0.023737890075592676,5.234486918956615,-4.698365835897407,FOLLOW,60.717046468305625,58.92741463603541,922.2570764033093,5.386018303113954,left,80.0,1.0,True,False,False,23.859024047851562
153,876.5836647510594,4.347647411963069,60.64118254668505,0.011370615446153457,3.8014276828930624,-1.6139038776167531,FOLLOW,60.712429112704285,59.27751789763048,929.7235684152015,5.348208844874248,left,80.0,1.0,True,False,False,27.04906463623047
154,884.2396790898011,4.39077995429358,61.10822424219636,0.0006141694331586855,4.067137928006288,1.3195929964655386,FOLLOW,60.64213804805843,59.58768801739542,937.2258027991178,5.332392158185005,left,80.0,1.0,True,False,False,22.346973419189453
155,891.9781595136761,4.3562722056638385,61.62552698918892,-0.009066211980652166,4.116508030630946,3.972761569039069,FOLLOW,60.51557650617485,59.87681804816789,944.755255595976,5.377289516825715,left,80.0,1.0,True,False,False,21.929502487182617
156,899.7949806515809,4.25326427182505,62.20013600489297,-0.016742613190290936,4.966004425014887,6.280596454532768,FOLLOW,60.32570237547327,60.076908578802495,952.3038618891494,5.345660528343026,left,80.0,1.0,True,False,False,23.606061935424805
157,907.6919671710938,4.100294372794664,62.841622083548835,-0.021795539682849176,5.172118114101936,8.191572397571054,FOLLOW,60.064610661961865,60.18949455568752,959.8595913135428,5.31243331542604,left,80.0,1.0,True,False,False,22.327423095703125
158,915.6711828170082,3.913723518376044,63.47741623419465,-0.025079704121627862,4.988226442378502,9.719397719206293,FOLLOW,59.72627376118453,60.29196766595708,967.4182409322783,5.289209328854483,left,80.0,1.0,True,False,False,23.537635803222656
159,923.728492348762,3.703670965343298,64.06811924727448,-0.02739731178122701,4.450785263144925,10.916972116225082,FOLLOW,59.30835809613552,60.391625155091965,974.9795409131438,5.159410430954756,left,80.0,1.0,True,False,False,22.76015281677246
160,931.8554567602449,3.4747218796345005,64.5951547732668,-0.029457299569098955,4.015244059897532,11.777918057652144,FOLLOW,58.81767030464914,60.52037827684515,982.5461626534111,4.8751736513933395,left,80.0,1.0,True,False,False,24.962902069091797
161,940.0437154633169,3.226403891530921,65.08210424821918,-0.03172004515150156,3.8129216862272273,12.346636463956536,FOLLOW,58.26673055574088,60.64863435005525,990.1221873159858,4.512944551293513,left,80.0,1.0,True,False,False,23.477554321289062
162,948.2835075295981,2.960153310537888,65.53485756654588,-0.03317079431448954,3.473807363825643,12.738868409138334,FOLLOW,57.66025716445097,60.767579450769794,997.7039726277678,4.100003866087148,left,80.0,1.0,True,False,False,23.259639739990234
163,956.5672688922788,2.6862488118219185,65.94728422252581,-0.033282599119438656,3.1274888525736904,12.863337930656114,FOLLOW,56.999452011594826,60.884882970567816,1005.2829595411929,3.632262273416105,left,80.0,1.0,True,False,False,23.365497589111328
164,964.8904410838453,2.414043068486416,66.31731607635727,-0.03248670323098506,2.7982564536005037,12.734912385336157,FOLLOW,56.28645062878354,61.00292898581705,1012.8537195210623,3.09548958300112,left,80.0,1.0,True,False,False,24.10149574279785
165,973.2484888049371,2.149632787926884,66.64320670924002,-0.031141644532258053,2.4677710788439664,12.429367612968775,FOLLOW,55.5359384411737,61.1352348627626,1020.426379525019,2.493342677748581,left,80.0,1.0,True,False,False,26.732921600341797
166,981.6376633670561,1.8966255015003806,66.94322944663855,-0.029522241971226736,2.347081643619432,11.9910065052867,FOLLOW,54.769895169557685,61.26748513758073,1028.0183839744948,1.8567602104864567,left,80.0,1.0,True,False,False,24.07073974609375
167,990.0590231025325,1.6533187939941434,67.23529785600567,-0.029141096802379165,2.2691820610474536,11.376547075406098,FOLLOW,54.00103747753633,61.401627090275454,1035.6387008445924,1.2285849938604207,left,80.0,1.0,True,False,False,31.453609466552734
168,998.515264276475,1.3908791445826516,67.49432707962923,-0.034087254248526294,1.911849208744135,10.67756244902121,FOLLOW,53.222788440021645,61.52391867616666,1043.2818115425541,0.6422241104204032,left,80.0,1.0,True,False,False,25.191307067871094
169,1006.9972196946181,1.0572833173435074,67.71352005591126,-0.04542891349101854,1.5729506459475373,9.85723164955493,FOLLOW,52.429136970589866,61.626071528853046,1050.944401247065,0.1137667652168457,left,80.0,1.0,True,False,False,25.565147399902344
170,1015.4876324860447,0.6107595122751498,67.9054288703134,-0.05849314897752565,1.6530690202765623,8.986222768753706,FOLLOW,51.62946982286746,61.75658286319632,1058.6266895174856,-0.34958321745101284,left,80.0,1.0,True,False,False,24.534940719604492
171,1023.9810924355331,0.08452382859053431,68.11916479283175,-0.06343504878679487,1.6139629074463626,8.070618980881585,FOLLOW,50.84261279631164,61.867266239500005,1066.3302452823564,-0.7467953513117234,left,80.0,1.0,True,False,False,28.38730812072754
172,1032.4905651024615,-0.44267716975573945,68.30730831889883,-0.05897424537059029,1.5954890717475152,7.306941814691735,FOLLOW,50.07157847936719,61.978332357055194,1074.0526709149003,-1.0774895134475324,left,80.0,1.0,True,False,False,25.21657943725586
173,1041.02651783336,-0.9059202765898736,68.49245590559914,-0.049706656593353854,1.2861834739041038,6.772658954124839,FOLLOW,49.30312218628001,62.09386811250473,1081.7936872887415,-1.3445318586177475,left,80.0,1.0,True,False,False,24.881362915039062
174,1049.5851440241406,-1.2887513946106839,68.60907576020769,-0.040080761665231265,0.7695123609634942,6.449052775670426,FOLLOW,48.524841887467346,62.21141289166241,1089.5513597208273,-1.551226997385343,left,80.0,1.0,True,False,False,27.029752731323242
175,1058.1600664209345,-1.5877593354580686,68.70956278744025,-0.02998071649543338,0.8882911052293777,6.331610957584777,FOLLOW,47.739124349677695,62.338607836688695,1097.3242683738183,-1.7040666012291585,left,80.0,1.0,True,False,False,28.61952781677246
176,1066.7516363169912,-1.7986373677631926,68.80654961105597,-0.0195825853626595,0.6768140737506473,5.8715157754196845,FOLLOW,46.95424061657695,62.4797413559808,1105.1143070375115,-1.8103866620882634,left,80.0,1.0,True,False,False,44.58355903625488
177,1075.3585460997683,-1.9212331966541552,68.91955958213093,-0.009489200464225305,1.2097235730059186,5.079775851903915,FOLLOW,46.16974923354451,62.616541858149866,1112.9213855505357,-1.8775989477079231,left,80.0,1.0,True,False,False,33.574819564819336
178,1083.9855511203396,-1.961370330523468,69.07665007443724,-0.0005721216799073007,1.0635889625420056,3.8763031225652225,FOLLOW,45.38581878006062,62.73715487416093,1120.744364879829,-1.9135898728468643,left,80.0,1.0,True,False,False,38.90514373779297
179,1092.6277401774298,-1.9337648557445828,69.15107058982295,0.006243012653014471,0.42264481956538036,2.714152410708781,FOLLOW,44.593779254259516,62.80270229449182,1128.579330374599,-1.9254105309576612,left,80.0,1.0,True,False,False,32.14001655578613
180,1101.2768053579055,-1.8573138155011226,69.21678792309461,0.010820021180159393,0.6693565851358287,1.5288821872521632,FOLLOW,43.78938934094231,62.776422617801785,1136.4171295183721,-1.9201258546511495,left,80.0,1.0,True,False,False,28.812646865844727
181,1109.9355389281707,-1.7511776550858975,69.31191207245938,0.013207077431520609,0.8350913758441018,0.413599281339764,FOLLOW,42.967625577685794,62.622108042048104,1144.2444309355913,-1.9041526404780358,left,80.0,1.0,True,False,False,25.75540542602539
182,1118.6063296067086,-1.6334337127323797,69.40684477511853,0.013599836924808423,0.5913035371468791,-0.5677270762740542,FOLLOW,42.10847177572782,62.314617892566176,1152.0440107038985,-1.8833355168722865,left,80.0,1.0,True,False,False,24.064302444458008
183,1127.2859993532732,-1.520111787576895,69.46274829028012,0.012303871685848797,0.4741289579807083,-1.3565151082795055,FOLLOW,41.18992231126549,61.832969704354554,1159.7962519179741,-1.8627226943086683,left,80.0,1.0,True,False,False,24.536848068237305
184,1135.9726045117395,-1.4242075503743983,69.51517398914105,0.009703639038815173,0.2766116189274862,-1.910715245386923,FOLLOW,40.19063034976148,61.1594331173325,1167.4766297030346,-1.8466604693180693,left,80.0,1.0,True,False,False,25.70199966430664
185,1144.6625806492978,-1.3550494883961293,69.50659125001242,0.006271206983065722,-0.46539388466686527,-2.173967675029309,FOLLOW,39.09161065326475,60.289957099970664,1175.0642151650043,-1.8384657459938778,left,80.0,1.0,True,False,False,28.134822845458984
186,1153.3441098550143,-1.317875985359228,69.37564626670073,0.002428031105514362,-1.6433701362956294,-2.248801668741648,FOLLOW,37.86828338547389,59.21762166718113,1182.5308640347716,-1.8404005442234346,left,80.0,1.0,True,False,False,26.067018508911133
187,1161.9984387693366,-1.3146505120470207,69.07219128053923,-0.0014839621795860384,-3.2048288803411413,-2.126220732502906,FOLLOW,36.511020038674815,57.950025406483995,1189.855129893689,-1.853729007713288,left,80.0,1.0,True,False,False,23.94413948059082
188,1170.6007850056328,-1.3441281663287594,68.54984781788207,-0.005126831425048191,-5.11203882300039,-1.8183786339282486,FOLLOW,35.01001084700465,56.4945471063399,1197.0084496163413,-1.8783616516716526,left,80.0,1.0,True,False,False,24.274110794067383
189,1179.121159941861,-1.402154079200468,67.77221141883545,-0.008239382286954483,-7.2632319317821885,-1.397827118728534,FOLLOW,33.375236855050616,54.86898738183004,1203.9760218606834,-1.9132137089959902,left,80.0,1.0,True,False,False,24.169921875
190,1187.5259624861558,-1.4825698660590398,66.716252673138,-0.010652999007854465,-9.542875828279215,-0.9166364824834414,FOLLOW,31.60794493817184,53.086850599410575,1210.7291048800328,-1.955841064962016,left,76.83004227477977,1.0,True,False,False,24.043560028076172
191,1195.7807527875361,-1.5624049139085134,65.39191682991789,-0.007048179160443962,-11.560757461571473,4.4286895852396135,SHADOW,29.723879398162808,51.18060635829292,1217.2498418843186,-2.0027155950889353,left,80.0,1.0,True,False,False,32.041311264038086
192,1203.8523377681106,-1.575924074993139,63.781874830115584,0.0042734465323591465,-14.003436509828026,7.272660775461533,SHADOW,27.746531601580955,49.17242626626291,1223.527284389117,-2.049875428334638,left,57.31957066240244,1.0,True,False,False,25.522708892822266
193,1211.7014246191218,-1.482885352397368,61.839355839548425,0.019302238648074052,-16.795550097172782,8.094740198986706,SHADOW,25.693437545581446,47.09305089634249,1229.545775313692,-2.0942817241970655,left,49.06668797112053,1.0,True,False,False,25.796175003051758
194,1219.2800021289725,-1.2750385188652988,59.49390823998145,0.03489071027524089,-20.303336652726006,7.529163659182206,SHADOW,23.594848977954598,44.97503090746098,1235.2962735970764,-2.1332813183925903,left,41.11921998935891,1.0,True,False,False,28.70631217956543
195,1226.5342912136741,-0.9687070941901474,56.78281115716173,0.04833553571554435,-22.65028082782519,6.181153364401204,SHADOW,21.496026884053663,42.85223930944043,1240.7760290130261,-2.163438940119529,left,33.86433707225129,1.0,True,False,False,26.585102081298828
196,1233.4280200794458,-0.5997063515094301,53.84832963024594,0.057188082781236355,-23.726000138233662,4.067675344069997,SHADOW,19.454632003102688,40.7575548515205,1245.9889232167768,-2.1800550382057904,left,27.678183719192077,1.0,True,False,True,35.56561470031738
197,1240.0487278520682,-0.33449100721135594,52.696441348418,0.014990894824220675,-4.245269783045771,-23.300267682576585,OVERTAKE,17.510803014414478,38.72214333068958,1250.9388230938603,-2.1766871030799146,left,80.0,1.0,True,False,False,47.00660705566406
198,1246.5836080903264,-0.4577649420654581,51.84704845094117,-0.04917352827838673,-10.17671885576657,-22.442681408443825,OVERTAKE,15.5849621769446,36.78544332911085,1255.6336900290128,-2.146121797131499,left,80.0,1.0,True,False,False,34.16013717651367
199,1252.92924420981,-0.9340264198419901,49.971955675708145,-0.0909952375217285,-18.28967342287646,-4.711592678080102,OVERTAKE,13.502878217778289,34.97659823773023,1260.0864863081047,-2.081930507247515,left,80.0,1.0,True,False,False,31.749963760375977
200,1258.984171100222,-1.4934428760255525,47.57294070912701,-0.08553226846009782,-18.708447508847684,12.056677490329765,OVERTAKE,11.398410920681954,33.285637625991974,1264.3276551304918,-1.9764365011393292,left,80.0,1.0,True,False,False,30.52544593811035
201,1264.7615109779986,-1.9032972140089406,45.490678819835395,-0.054931779894442034,-14.78108643900391,15.290731624619838,OVERTAKE,9.394505985969317,31.690767095001107,1268.3786770861914,-1.8167856678736303,left,80.0,1.0,True,False,False,38.13886642456055
202,1270.3165392728292,-2.784661830267494,43.66391218584799,-0.014024253097759745,-14.590945691450036,16.14039628886088,OVERTAKE,7.504617157926759,30.225814400861292,1272.2661281359253,-1.579127406423264,left,80.0,1.0,True,False,False,30.12704849243164
203,1275.7103848202682,-2.8533884621059187,42.40240495222018,0.05061723462757456,-8.364570564293583,19.08026305414814,OVERTAKE,5.678853365597433,28.9172798185888,1275.9953926384267,-1.241783279720831,left,80.0,1.0,True,False,False,69.77653503417969
204,1280.9669993514851,-2.4193397040818145,41.3973859622652,0.12380908716717912,-8.399878655973207,18.248440781998205,OVERTAKE,3.825322398935441,27.79397287379055,1279.5357072192037,-0.7868369495825592,left,80.0,1.0,True,False,False,72.81851768493652
205,1285.9900133997455,-1.7404358970717926,40.234339744412544,0.16675787104243323,-10.31022321070356,16.7146620690324,OVERTAKE,1.9021369255171976,26.82183606104682,1282.8691362770023,-0.22784510749807663,left,80.0,1.0,True,False,False,66.34712219238281
206,1290.7889637434346,-1.0344091054577667,38.72282241005157,0.162711888632532,-13.158213207153178,13.000130129400013,OVERTAKE,0.04824534609429065,25.93756052591187,1286.0382587458398,0.4028977239061634,left,80.0,1.0,True,False,False,68.64595413208008
207,1295.4178985687522,-0.4147809752031716,37.007881208063075,0.12306549517428841,-14.349186235817713,9.452649361179436,OVERTAKE,999.0,25.141879445658184,1289.091831537799,1.0737513086627586,left,80.0,1.0,True,False,False,64.65530395507812
208,1295.5775170110046,-0.33483146322074414,36.94874530454623,0.1216983781584869,-14.390254271288905,9.330322438137348,RACELINE,999.0,24.443724301228425,1292.068443185543,1.758588767555635,left,80.0,1.0,False,False,False,52.33192443847656
209,1300.0395036415066,0.07701652018934496,34.98262712891475,0.06330086571004742,-16.549688120491034,5.546938369775594,FOLLOW,999.0,23.838658064649188,1294.9927856959464,2.441356137325995,left,80.0,1.0,True,False,False,74.16152954101562
210,1304.2816439814137,0.18887768577702826,32.83796987742722,-0.008568233887319351,-17.684793396626894,2.1018680957380513,FOLLOW,999.0,23.32353655719377,1297.878950989057,3.1160398205108284,left,80.0,1.0,True,False,False,75.13880729675293
211,1308.233540261923,0.007591394009115043,30.457969118267993,-0.0799537233567029,-16.327716674367387,3.114068773250882,FOLLOW,999.0,22.89747110952227,1300.7401533635598,3.78261745554431,left,80.0,1.0,True,False,False,72.53742218017578
212,1311.8753220801316,-0.40626064252428873,28.641903461919977,-0.13778814827998892,-13.180908367463328,7.916806048670242,FOLLOW,999.0,22.557219372402347,1303.5921259496422,4.442949598270029,left,80.0,1.0,True,False,False,64.24808502197266
213,1315.2449664767705,-0.9636072058615622,27.072077362592527,-0.17925606796785737,-12.147479812344663,8.724678281524707,FOLLOW,999.0,22.296127723586785,1306.452315367769,5.098554956602026,left,80.0,1.0,True,False,False,66.09177589416504
214,1318.3640441155592,-1.606575382946081,25.65530148662438,-0.20929265966719182,-10.791292859750836,9.861232945481964,FOLLOW,999.0,22.10572342992266,1309.3377475294828,4.674095669262599,left,80.0,1.0,True,False,False,62.161922454833984
215,1321.2614296766676,-2.28901471423303,24.40639573533487,-0.22791284291222466,-9.44560043877948,10.767231126634423,FOLLOW,999.0,21.97590752249256,1312.2641412334906,4.515722431898628,left,80.0,1.0,True,False,False,62.18075752258301
216,1323.9679344921294,-2.977248217759178,23.3290733619344,-0.2367493319388984,-8.060020127078221,11.542577288317396,FOLLOW,999.0,21.895886819338376,1315.2440265233229,4.554551245087464,left,80.0,1.0,True,False,False,62.86740303039551
217,1326.514329145301,-3.646940647072462,22.435023793713768,-0.23634460862719522,-6.52413494069347,12.47259820568154,FOLLOW,999.0,21.855139948149652,1318.286736121627,4.737951050822446,left,80.0,1.0,True,False,False,62.84046173095703
218,1328.9317183935327,-4.278624521572574,21.736255907391467,-0.22698004346770798,-4.93444093083607,13.461141433327668,FOLLOW,999.0,21.84502628904198,1321.4021790002444,5.024693823438636,left,80.0,1.0,True,False,False,47.72377014160156
219,1331.2485203281042,-4.857586486879371,21.214760600220096,-0.21031729122365247,-3.620620749699867,14.202137940450354,FOLLOW,999.0,21.858041809388123,1324.604039838924,5.38099466338237,left,80.0,1.0,True,False,False,24.08432960510254
220,1333.487776605267,-5.374173663003829,20.838103282026587,-0.188338893285308,-2.562178545185625,14.765589827720518,FOLLOW,999.0,21.888879537852578,1327.9084151990858,5.777628072035122,left,80.0,1.0,True,False,False,26.118040084838867
221,1335.6686459204398,-5.8218546448380355,20.580681382784515,-0.16239872904503755,-1.6742633674571215,15.224588660490273,FOLLOW,999.0,21.93232256055887,1331.3255672000876,5.097579048457835,left,80.0,1.0,True,False,False,25.55108070373535
222,1337.8081027170579,-6.195837668621023,20.419621445843816,-0.13368119817799753,-0.9858105692340509,15.509738854257433,FOLLOW,999.0,21.984876848849574,1334.8598542480236,4.937907791819684,left,80.0,1.0,True,False,False,25.25806427001953
223,1337.881877089355,-6.208733634958367,20.414067654914827,-0.13269093849292718,-0.9620708175711863,15.519571619559748,SHADOW,0.6795038137581741,22.045274402359777,1338.487606530816,4.984218852321785,right,5.0,1.0,False,False,True,21.550893783569336
224,1337.881877089355,-6.208733634958367,20.414067654914827,-0.13269093849292718,-0.9620708175711863,15.519571619559748,OVERTAKE,4.289385463124745,22.128572518564507,1342.1712625524797,5.0758399923886435,right,80.0,1.0,False,False,False,19.880056381225586
225,1337.881877089355,-6.208733634958367,20.414067654914827,-0.13269093849292718,-0.9620708175711863,15.519571619559748,OVERTAKE,8.013451813017355,22.274341682048597,1345.8953289023723,5.125283675330255,right,80.0,1.0,False,False,False,19.783496856689453
226,1337.881877089355,-6.208733634958367,20.414067654914827,-0.13269093849292718,-0.9620708175711863,15.519571619559748,OVERTAKE,11.77618054821528,22.461258354733463,1349.6580576375702,5.0877889205945,right,80.0,1.0,False,False,False,20.244598388671875
227,1337.881877089355,-6.208733634958367,20.414067654914827,-0.13269093849292718,-0.9620708175711863,15.519571619559748,OVERTAKE,15.564133266839008,22.64877033869335,1353.446010356194,4.9322641682101445,right,80.0,1.0,False,False,False,21.23284339904785
228,1337.881877089355,-6.208733634958367,20.414067654914827,-0.13269093849292718,-0.9620708175711863,15.519571619559748,OVERTAKE,19.332568194345868,22.80574372439364,1357.2144452837008,4.629670526735746,right,80.0,1.0,False,False,False,20.115375518798828
229,1337.881877089355,-6.208733634958367,20.414067654914827,-0.13269093849292718,-0.9620708175711863,15.519571619559748,OVERTAKE,22.954512216509784,22.942866527655184,1360.8363893058647,4.145621807502673,right,80.0,1.0,False,False,False,20.478248596191406
230,1337.881877089355,-6.208733634958367,20.414067654914827,-0.13269093849292718,-0.9620708175711863,15.519571619559748,OVERTAKE,26.342295016984735,23.109901382519467,1364.2241721063397,3.489923734487154,right,80.0,1.0,False,False,False,20.548582077026367
231,1337.881877089355,-6.208733634958367,20.414067654914827,-0.13269093849292718,-0.9620708175711863,15.519571619559748,OVERTAKE,29.532563534673727,23.292775168040585,1367.4144406240287,2.6905424614433167,right,80.0,1.0,False,False,False,31.829833984375
232,1337.881877089355,-6.208733634958367,20.414067654914827,-0.13269093849292718,-0.9620708175711863,15.519571619559748,OVERTAKE,32.58695891216803,23.46217709273364,1370.468836001523,1.7811370948097647,right,80.0,1.0,False,False,False,30.45487403869629
233,1339.9890198204735,-6.492069055433018,20.148496940385453,-0.09250548140797321,-3.03011751737598,18.19268335149103,HOLD,35.55584070783948,23.631214933136913,1373.4377177971944,0.7993464304752074,right,75.27776471158361,1.0,True,False,False,58.415889739990234
234,1342.061381337399,-6.658304172454661,19.86205149281853,-0.04558202586981761,-1.6905442938464819,17.2236529084594,HOLD,36.369413424179356,23.810329719417442,1376.3584332446528,-0.2198180916840431,right,80.0,1.0,True,False,False,33.942222595214844
235,1344.1140309668383,-6.7137773989214855,19.74530857167943,-0.004072410987785213,-0.3080110647887464,15.875665542360554,HOLD,37.19278042853898,23.98173183187352,1379.254161765938,-1.2471224075023783,right,80.0,1.0,True,False,False,39.74032402038574
236,1346.1615578315973,-6.67328071977136,19.719593799698035,0.033551742797645744,-0.12072590809961212,15.716077684935831,HOLD,38.02120989100695,24.136342946185277,1382.1352408578452,-2.2574244016505007,right,80.0,1.0,True,False,False,42.43302345275879
237,1348.2064920968091,-6.5416476677889435,19.694500934501946,0.07006431465213121,-0.2840807299543142,15.594819237594342,HOLD,38.845841879237696,24.30247211840274,1385.007399710835,-3.230286094820658,right,80.0,1.0,True,False,False,28.590679168701172
238,1350.2446612550102,-6.325544951531809,19.59004404258745,0.10229660608115823,-1.3024401973528654,14.561024883344443,HOLD,39.67699759192942,24.51586798248238,1387.8834896887386,-4.149706464086392,right,80.0,1.0,True,False,False,31.57329559326172
239,1352.2697528852282,-6.056297878355218,19.45101663739299,0.11228891946672406,-0.9511952540275534,9.13928461652508,HOLD,40.540592462338964,24.788885804144325,1390.7852537173492,-5.0029288605148,right,80.0,1.0,True,False,False,25.263547897338867
240,1354.2916520592794,-5.805488711490455,19.43025083114911,0.091935086843535,0.5065722102435501,5.475993705009911,HOLD,41.465415804566874,25.124606372262402,1393.735168689795,-5.778542309277289,right,80.0,1.0,True,False,False,28.373241424560547
241,1356.3264418828269,-5.626284732815669,19.569872710426566,0.0574921071992363,1.634774381053271,5.4165459456731995,HOLD,42.461998595752675,25.52998166713557,1396.753650655032,-5.739886400222115,right,80.0,1.0,True,False,False,24.039506912231445
242,1358.3829291516702,-5.528835528040581,19.85364854297607,0.025962662964338974,2.801272791058811,7.4451033732393865,HOLD,43.53221580969466,26.009464151307284,1399.8586576925215,-5.6905996770136404,right,80.0,1.0,True,False,False,28.78713607788086
243,1360.472377821648,-5.495272806381043,20.269478138803546,0.004822829438926927,3.7559875406052647,9.977627780327687,HOLD,44.680998820711466,26.55956737449625,1403.0639279723816,-5.673089840181663,right,80.0,1.0,True,False,False,24.048566818237305
244,1362.6111610584253,-5.500034343916152,20.79107437298186,-0.005677322763647432,4.5013795107053145,12.062766085381561,HOLD,45.90038778331177,27.15437062556543,1406.3727656049598,-5.655366657004219,right,80.0,1.0,True,False,False,24.88255500793457
245,1364.8155094817587,-5.522352076044218,21.30625799498864,-0.010119157628638693,3.82426661738221,12.735911259806983,HOLD,47.1625823346194,27.753190700272896,1409.7737433930447,-5.625185777341084,right,80.0,1.0,True,False,False,38.72966766357422
246,1367.0856985851867,-5.55260896738447,21.587493016986414,-0.011887062600940976,1.0660303625534393,12.50633122189824,HOLD,48.4351531702855,28.31700403037088,1413.2506626520442,-5.5856347122400765,right,80.0,1.0,True,False,False,48.47240447998047
247,1369.3969413835237,-5.5872185578340385,21.595453023178656,-0.0137407917332719,-0.6832660448235632,11.218070634471813,HOLD,49.704607285651264,28.81200731158798,1416.790305870838,-5.556684109317222,right,80.0,1.0,True,False,False,29.22511100769043
248,1371.7257862328631,-5.631647170944447,21.388545098262963,-0.019291227465548788,-2.370041859321291,9.146904078111152,HOLD,50.98662620850769,29.200692455470573,1420.3835675920313,-5.560210621386069,right,80.0,1.0,True,False,False,26.860713958740234
249,1374.0499982581098,-5.693387365522742,21.035944193019088,-0.025842778476086226,-3.1432463439654,8.279439500600635,HOLD,52.291012327409135,29.48461092449935,1424.0167985602723,-5.6105925228872335,right,80.0,1.0,True,False,False,28.452396392822266
250,1376.3587054541033,-5.75111019207555,20.666138863684576,-0.015539263374386564,-2.7975275557722985,11.65487683947104,HOLD,53.624358185949404,29.69233992566376,1427.6743564440592,-5.6812263348600975,right,80.0,1.0,True,False,False,33.20884704589844
251,1378.658296099727,-5.7397965077302295,20.428163212261797,0.023197445305666618,-1.2395338148081885,15.396815226046613,HOLD,54.99153806414847,29.85772889541862,1431.3502435182518,-5.7495907321861015,right,80.0,1.0,True,False,False,23.79465103149414
252,1380.965588158644,-5.602860998873586,20.369925045992684,0.07743356586072904,0.1146233668636969,15.75666838057036,HOLD,56.38321080231822,29.98997728228023,1435.0415069020453,-5.8044976624600695,right,80.0,1.0,True,False,False,23.995161056518555
253,1383.2948821598256,-5.322460197080661,20.485847098639162,0.13386551087564452,1.5464307696079889,15.092471417817661,HOLD,57.782360772581114,30.10836935334355,1438.7479489312252,-5.846227605824438,right,80.0,1.0,True,False,False,24.129629135131836
254,1385.6633131483677,-4.9050546718626284,20.802992253739333,0.18113862168626885,3.238737843458534,12.450067114834523,HOLD,59.17520429733236,30.241883458095522,1442.470086457158,-5.856601251927104,right,80.0,1.0,True,False,False,28.209447860717773
255,1388.0959034171244,-4.3792701452229155,21.324467558734437,0.2126792071631752,4.785433979748257,9.606273190639916,HOLD,60.549371799742175,30.437459657880908,1446.2126849481099,-5.797584566663591,right,80.0,1.0,True,False,False,23.911476135253906
256,1390.6165667622154,-3.7775037244952587,21.944738490896874,0.23013828306673523,5.0105275120853,7.266957252713349,HOLD,61.88700607745909,30.641175095722108,1449.9829094945835,-5.654121138683823,right,80.0,1.0,True,False,False,22.841453552246094
257,1393.2329897976304,-3.1288295361492056,22.527838571646186,0.23711671390168243,4.408555464221389,5.262054493892531,HOLD,63.163911146890996,30.75767261483855,1453.7804779091064,-5.4433343203069615,right,80.0,1.0,True,False,False,22.701263427734375
258,1395.9410204362305,-2.4577415038063277,23.035641977874427,0.23668675362306688,3.82049267587498,3.5246187598132313,HOLD,64.3648839159489,30.8471884280733,1457.5978737135792,-5.21874633754001,right,80.0,1.0,True,False,False,25.66695213317871
259,1398.732901942723,-1.7827008488355944,23.479048447296314,0.23135220675786008,3.356218957627495,2.0140696142182035,HOLD,65.49296463102814,30.944655748033984,1461.4339850672586,-5.006338092035373,right,80.0,1.0,True,False,False,23.80967140197754
260,1401.5992431749924,-1.1160749427220078,23.86881326320388,0.22336937354916986,2.9394890849550745,0.7690411221022806,HOLD,66.5557597826114,31.045494773655307,1465.2886617253344,-4.817888081502651,right,80.0,1.0,True,False,False,26.219844818115234
261,1404.5285797633635,-0.46464493052679023,24.206643674124734,0.2144296582438472,2.528018327352135,-0.3174804423866291,HOLD,67.56462022809296,31.181459921669084,1469.1638634030853,-4.658637882783161,right,80.0,1.0,True,False,False,24.47056770324707
262,1407.5079988444859,0.1682576244365349,24.49050118764937,0.20532677818294953,2.0725359649992803,-1.2076138412510375,HOLD,68.53344178111797,31.35004802111389,1473.0620215444815,-4.526348427406816,right,80.0,1.0,True,False,False,25.334835052490234
263,1410.5256342175567,0.7793878847943764,24.720050914050663,0.19546371754778175,1.6768440722339815,-1.9061297536577344,HOLD,69.47509209908458,31.50539881954848,1476.9830909435705,-4.417344173581231,right,80.0,1.0,True,False,False,23.110151290893555
264,1413.5756233236223,1.3624847788900714,24.920218037466203,0.18361687829213058,1.5615188165784915,-2.397094076569038,HOLD,70.40055728014704,31.658339382849896,1480.9261914977037,-4.327275272561568,right,80.0,1.0,True,False,False,24.845600128173828
265,1416.6569863911388,1.9091936364270627,25.086887144011545,0.1692655289507387,1.1122329313386565,-2.7968261971952773,HOLD,71.31506151538792,31.815696907890974,1484.8906848390102,-4.249746903488593,right,80.0,1.0,True,False,False,22.84550666809082
266,1419.764236004724,2.410256831305194,25.18593174722381,0.15270035377213115,0.6530039363085854,-3.07953921879411,HOLD,72.21832654367677,31.984333570449344,1488.8753129348156,-4.177823546878544,right,80.0,1.0,True,False,False,23.11229705810547
267,1422.8932519528519,2.8586050723127183,25.279415692890296,0.13463774510890472,0.8622273746474804,-3.1901197782069093,HOLD,73.11977133286291,32.189535567421636,1492.8840073375868,-4.103509095405105,right,80.0,1.0,True,False,False,25.308847427368164
268,1426.0479276329613,3.2508872026270033,25.428083040744678,0.11582600416530867,1.477232792075688,-3.167197895708815,HOLD,74.02604288511498,32.40757540008845,1496.9192948379668,-4.018259954454919,right,80.0,1.0,True,False,False,29.167890548706055
269,1429.2374246999534,3.5859082744342325,25.664499531707854,0.09664254738181402,2.1839397731609034,-3.1137589207165965,HOLD,74.93187538860252,32.64936580864136,1500.9798030215638,-3.9151557399004115,right,80.0,1.0,True,False,False,22.88031578063965
270,1432.4704574632087,3.8627706587805246,25.955123282834553,0.07740064343425068,2.401254894010708,-2.9738330745619193,HOLD,75.83652434426313,33.017633989866404,1505.0739490442165,-3.788049275404614,right,80.0,1.0,True,False,False,24.956464767456055
271,1435.7500082907316,4.080776817359065,26.27169325388688,0.05841594584357647,2.7316324134326595,-2.771518123733252,HOLD,76.7490945083,33.52754835929886,1509.2195519715087,-3.6354885849649774,right,80.0,1.0,True,False,False,25.011539459228516
272,1439.0819592195294,4.23992395902454,26.674779337769127,0.039839375424166934,3.6168036342683605,-2.544689225463382,HOLD,77.67768435930566,34.08965384178628,1513.4276926500372,-3.459015997259775,right,80.0,1.0,True,False,False,25.23064613342285
273,1442.4761102130851,4.340313590774403,27.128584518468735,0.021707470564758066,3.346316746272308,-2.3036682555291694,HOLD,78.62564485050962,34.65857860082676,1517.707604070039,-3.2597256291643646,right,80.0,1.0,True,False,False,26.70598030090332
274,1445.9253531136653,4.381312756922413,27.469187872992542,0.004000955869382341,2.4597057090282193,-2.0488992074962136,HOLD,79.58127807220535,35.274682518576576,1522.0573882852905,-3.0416048805342433,right,80.0,1.0,True,False,False,24.77240562438965
275,1449.4257685538835,4.362446797106321,27.940078540262377,-0.01334661474640779,4.632812489482433,-1.8005537028358876,HOLD,80.56097806406797,35.91158096166758,1526.4863311777333,-2.8083583079978824,right,80.0,1.0,True,False,False,26.29852294921875
276,1452.9983882857132,4.282799659915606,28.521527361542294,-0.03036644063163122,4.368736203294907,-1.5601413245634255,HOLD,81.56914909285138,36.56218624406711,1530.9949176467348,-2.564524218311666,right,80.0,1.0,True,False,False,24.22785758972168
277,1456.6340700230642,4.142015754353336,28.95786875077126,-0.04661063567564233,2.841231429251802,-1.3370076409880642,HOLD,82.58676776252264,37.171878282317714,1535.5851560482358,-2.315228939276837,right,80.0,1.0,True,False,False,21.40974998474121
278,1460.3121983796661,3.943435584497989,29.38467573883233,-0.06103866336249002,3.873819807792489,-1.1361840712247104,HOLD,83.6122852423664,37.66661419938904,1540.2463552654306,-2.066711640085762,right,80.0,1.0,True,False,False,20.952701568603516
279,1464.0395791423762,3.693128369223413,29.920842310812063,-0.07296104338793359,4.780303750357922,-0.9580119803282054,HOLD,84.65717382680714,38.12088820060577,1544.9693722064733,-1.825540156317658,right,80.0,1.0,True,False,False,27.01735496520996
280,1467.830049239108,3.398134250993057,30.576675669856446,-0.08228712708105029,5.627126725233137,-0.8019528613993456,HOLD,85.70824834410496,38.531230713144346,1549.7478274864811,-1.5981393158522303,right,80.0,1.0,True,False,False,22.90940284729004
281,1471.6967790864471,3.065777434135614,31.30566938004164,-0.08901251843427861,5.970820583797252,-0.6582110266356899,HOLD,86.74611917594507,38.90880593585868,1554.576168415053,-1.3886672105392175,right,80.0,1.0,True,False,False,22.228240966796875
282,1475.6474224167098,2.704200546366999,32.05472728643701,-0.0930924664454849,5.967036986939005,-0.5388070284565314,HOLD,87.75667098915915,39.347319188993275,1559.4534500756063,-1.19836044329538,right,80.0,1.0,True,False,False,24.51014518737793
283,1479.6835487917288,2.323283213365438,32.7816409716053,-0.09450248494827773,5.641053912742192,-0.4404351022108798,HOLD,88.74293468961696,39.873103606279216,1564.3903571063267,-1.0276515728406619,right,80.0,1.0,True,False,False,24.911880493164062
284,1483.802206031719,1.9342241917818082,33.45042444680764,-0.09320362290671313,5.064721348574021,-0.36104868306963217,HOLD,89.7090862333082,40.36468054089382,1569.392635025037,-0.8753911743909703,right,80.0,1.0,True,False,False,24.465084075927734
285,1487.9968624030575,1.549452095683351,34.03508166802403,-0.08914250259514249,4.3230973344131005,-0.29614075706337684,HOLD,90.65074856300043,40.85721546810782,1574.4529545947194,-0.7407766928320858,right,80.0,1.0,True,False,False,22.25470542907715
286,1492.2586786222973,1.182374025854297,34.52356187339468,-0.0822721615536636,3.5471638643648795,-0.24728320197736925,HOLD,91.58455828247975,41.47891627503736,1579.5814206855373,-0.6226197568790843,right,80.0,1.0,True,False,False,24.496078491210938
287,1496.5789136259425,0.8469162930780032,34.946710316232966,-0.07255868355347149,3.597447815733976,-0.20807700184171932,HOLD,92.53255722808558,42.167591411203304,1584.791235850383,-0.519094526640204,right,80.0,1.0,True,False,False,20.885467529296875
288,1500.9663288806714,0.5557980243535265,35.551616734080305,-0.06027066066041252,5.781960311221578,-0.18040962648934236,HOLD,93.51081310266636,42.90901131992741,1590.0897267286089,-0.42866485070791677,right,80.0,1.0,True,False,False,30.719280242919922
289,1505.4509802955965,0.3173973865771188,36.36490543939283,-0.04689869931803918,7.009256778846854,-0.16163814726948986,HOLD,94.51421684341858,43.635034394679806,1595.48054572409,-0.3497872371909817,right,80.0,1.0,True,False,False,24.951696395874023
290,1510.0507103320256,0.1333631840380321,37.27432986217311,-0.03427468867519813,7.393719699947858,-0.14617551576035168,HOLD,95.50792719350352,44.296685547752254,1600.9589074891,-0.2810858930495255,right,80.0,1.0,True,False,False,26.734590530395508
291,1514.7696401187982,0.0010298582460587513,38.19913743985429,-0.022961309279656207,7.372879855084437,-0.13295782973092754,HOLD,96.46516586165126,44.86685170018127,1606.5158761936768,-0.221460139136098,right,80.0,1.0,True,False,False,25.765419006347656
292,1519.604786407292,-0.08362718460044906,39.0923301352943,-0.013120088962465094,7.023645316285664,-0.12165298641177276,HOLD,97.37005437158518,45.35023731657269,1612.1396944903834,-0.17009652648375517,right,80.0,1.0,True,False,False,24.35469627380371
293,1524.552234433293,-0.12584790036793686,39.99631521774774,-0.004889046120333897,7.334557186694095,-0.11104597905573835,FOLLOW,98.21885295143261,45.841959705948064,1617.8236393587247,-0.12629970369756655,right,80.0,1.0,True,False,False,24.64127540588379
294,1529.6136414875361,-0.13211528127850025,40.90928500683272,0.0016048698486494511,7.384662120512823,-0.10089695892829069,FOLLOW,99.0193449744545,46.367818823876114,1623.5715794077475,-0.08943973051867568,right,80.0,1.0,True,False,False,28.98883819580078
295,1534.7905838918266,-0.1101023436708257,41.85606305455582,0.006226500550616854,7.619186882107673,-0.09261404317230601,FOLLOW,99.76993814381785,46.85862342149099,1629.383579631354,-0.05880635908613045,right,80.0,1.0,True,False,False,24.66106414794922
296,1540.0846257772782,-0.06877260875827933,42.777662459199966,0.008841407576489348,7.037640762031189,-0.08613114637102105,FOLLOW,100.46558772233948,47.34427684598696,1635.256171614166,-0.03375913019747897,right,80.0,1.0,True,False,False,24.89757537841797
297,1545.4878113352597,-0.01857416894560253,43.618717199304676,0.009326704058676022,6.547745332890433,-0.08045458907065577,FOLLOW,101.10348708615811,47.779667856282366,1641.1881128634363,-0.013700072996104356,right,80.0,1.0,True,False,False,24.75714683532715
298,1550.991612797179,0.029750199147025966,44.38736570853947,0.008116369126303605,5.746040258988952,-0.0750374364577334,FOLLOW,101.68016580459516,48.10944153074184,1647.1679771398549,0.0019219834421815105,right,80.0,1.0,True,False,False,27.332544326782227
299,1556.5838150917668,0.07044120304737708,45.032506271828716,0.006536087002598583,4.576629177010556,-0.07007007878746468,FOLLOW,102.19684227235325,48.419738616697906,1653.1884550695322,0.013624936985376803,right,80.0,1.0,True,False,False,31.892061233520508
300,1562.249354069264,0.10324402107663927,45.594935836317134,0.0051436570511149485,4.666220114995605,-0.06638576150750088,FOLLOW,102.65894139985153,48.63226450259244,1659.2427564916184,0.0218939943498268,right,80.0,1.0,True,False,False,24.533510208129883
301,1567.9878782087612,0.12913010517555096,46.20159607924434,0.003964711895767616,4.848895160266294,-0.0636075652641755,FOLLOW,103.07025746753175,48.77010278804697,1665.3196115367957,0.027182209967918616,right,80.0,1.0,True,False,False,27.78148651123047
302,1573.800162647355,0.14916685765520465,46.752718533581216,0.0030058398911705295,3.911346490569965,-0.061172638432757186,FOLLOW,103.42312360918913,48.86826549586893,1671.4110018179504,0.029918672587102443,right,80.0,1.0,True,False,False,19.93083953857422
303,1579.6806264918732,0.1644854647538795,47.351515460268516,0.002275410637608788,5.687735762763241,-0.05914718446325436,FOLLOW,103.71402905787659,48.95179178693899,1677.5141917052315,0.03049304368080801,right,80.0,1.0,True,False,False,21.37899398803711
304,1585.6495056835288,0.1763931754410968,48.13729410639277,0.0017796768709572983,6.654894545842527,-0.057836279909089156,FOLLOW,103.94630320808596,49.02578873326686,1683.6269296999592,0.029260501330152924,right,80.0,1.0,True,False,False,25.88677406311035
305,1591.7236493055125,0.1862663768006628,49.028238618562,0.001527726360991609,7.567555258350006,-0.05669344359028436,FOLLOW,104.09969519692936,49.09982136962654,1689.7492008804581,0.026536055649259385,right,80.0,1.0,True,False,False,26.33500099182129
306,1597.9159996858348,0.19549945482400735,50.01039146905452,0.0014811298149993986,8.028520430405838,-0.055574186225155614,FOLLOW,104.15563636723596,49.14790862348239,1695.8792856727484,0.022615193443028682,right,80.0,1.0,True,False,False,22.731781005859375
307,1604.233135879939,0.20489684567097435,51.005394689851514,0.0014950049148535554,7.758991341336333,-0.054773341990125575,FOLLOW,104.09950873920843,49.208587878097,1702.0155084250432,0.017794362466128717,right,80.0,1.0,True,False,False,25.27308464050293
308,1610.670150463881,0.2145709355177989,51.915402410426424,0.0015089955983436415,6.773145131516885,-0.0532568825129251,FOLLOW,103.92685516044162,49.270591783036906,1708.1599910403806,0.012349173395491334,right,80.0,1.0,True,False,False,24.855375289916992
309,1617.2125565495896,0.22447542974227433,52.70443429935504,0.0015171729673983604,6.089536315584706,-0.051533726854519554,FOLLOW,103.64090000101055,49.31982643383405,1714.3110504648917,0.006525494479363171,right,80.0,1.0,True,False,False,20.949363708496094
310,1623.851386074943,0.2345560393332322,53.479734299601226,0.0015182263998472767,6.3073392900302405,-0.050083006005665294,FOLLOW,103.25644052942062,49.38336806731015,1720.4689970790103,0.00054738725735073,right,80.0,1.0,True,False,False,22.614717483520508
311,1630.5882522782902,0.2447643232613224,54.26328709712345,0.0015112529546420991,6.139028647815968,-0.048537838956897,FOLLOW,102.78368173108015,49.45095170654024,1726.6350678060232,-0.005382564221441555,right,80.0,1.0,True,False,False,21.04783058166504
312,1637.4210508876442,0.2550398951635766,55.01915724102734,0.001495794626335451,6.013705218576172,-0.046740172374234716,FOLLOW,102.22153587301659,49.5258277287835,1732.8097881513067,-0.011095478799157059,right,80.0,1.0,True,False,False,21.136045455932617
313,1644.3454428604502,0.26531307000187915,55.70538473827153,0.0014710302587663062,4.744277889075855,-0.0451155019512113,FOLLOW,101.57343804761172,49.61529183634846,1738.994488935256,-0.016449385637125388,right,80.0,1.0,True,False,False,22.82547950744629
314,1651.3437336914974,0.2754846937810312,56.22659747563424,0.0014358667137349462,4.083084291667578,-0.043233525448618595,FOLLOW,100.845269811045,49.71128953865643,1745.1907126714952,-0.021314856052766673,right,80.0,1.0,True,False,False,21.352767944335938
315,1658.4041855272728,0.2854572325194124,56.6930895395663,0.0013893521975886873,3.100003137515036,-0.041714692794533874,FOLLOW,100.05557492067646,49.817352396149296,1751.3993086121739,-0.025585865230296018,right,80.0,1.0,True,False,False,25.663375854492188
316,1665.5127427986401,0.29512273818673707,57.004686531509975,0.0013310344378920183,1.9998397271518595,-0.03959854228212301,FOLLOW,99.21770375514575,49.937131052077675,1757.6218892824186,-0.029172023007237077,right,80.0,1.0,True,False,False,20.78700065612793
317,1672.6515285832422,0.3043795243145644,57.19128092723739,0.001264348609545295,1.3367304173798589,-0.038633542008467865,FOLLOW,98.34724440606351,50.06804455478899,1763.8599872047037,-0.03199769748116293,right,80.0,1.0,True,False,False,24.931669235229492
318,1679.811236849431,0.31313148133283575,57.34804843447904,0.0011829241599493263,1.0067800114276864,-0.03726517932272519,FOLLOW,97.46367919428758,50.21410442008844,1770.1152077775298,-0.034010109015949835,right,80.0,1.0,True,False,False,21.477937698364258
319,1686.987588627417,0.32128075495856295,57.47070457028126,0.0010903675801592146,1.0955066790397,-0.03587076728075796,FOLLOW,96.57848189836955,50.38131810998205,1776.3897187478005,-0.035171921389057295,right,80.0,1.0,True,False,False,21.000385284423828
320,1694.1802752770793,0.3287338872715924,57.59889932174914,0.000986542983247412,0.8019006258034317,-0.03471485411752524,FOLLOW,95.69847553880982,50.56305081843904,1782.6860641662267,-0.03544717672842022,right,80.0,1.0,True,False,False,25.004863739013672
321,1701.3853774094484,0.33546056889705905,57.67624200999157,0.0008878044659448988,0.6814805839005383,-0.03336162178877189,FOLLOW,94.82591137090412,50.76688076812351,1789.0061866479834,-0.03480950546885546,right,80.0,1.0,True,False,False,22.668838500976562
