step,s,n,V,chi,ax,ay,mode,gap,opp_V,opp_s,opp_n,speed_cap,speed_scale,planner_ok,collision,ot_ready,t_plan_ms
0,56.230997907357434,-0.0010103932636441795,49.590261072090925,-0.00045695497778285504,-5.760191485642344,-0.34476266964883395,FOLLOW,30.0,42.0,80.0,0.0,44.1,1.0,True,False,False,58.873653411865234
1,62.383326198236034,-0.007369294129310766,48.89318231299281,-0.0016686684518994897,-5.260721346370444,-0.5921352406262763,FOLLOW,30.951764623490746,57.67842033738935,87.18276253084818,-0.6403096796376737,60.56234135425882,1.0,True,False,False,26.801347732543945
2,68.45879793332868,-0.022872297462320026,48.39183706114786,-0.003440411861843414,-2.856954337801542,-0.7697433039595627,FOLLOW,32.007995231399576,57.88731738099762,94.39132142963561,-1.1302328310463894,60.78168325004751,1.0,True,False,False,24.189233779907227
3,74.4925847429552,-0.0503912280334328,48.219002787528865,-0.0056521512527038815,-0.09240524727642452,-0.9192994156961893,FOLLOW,33.16522781087065,58.06455709178717,101.62402574419933,-1.5127003856442847,60.96778494637653,1.0,True,False,False,24.45197105407715
4,80.52662038158167,-0.09250201139383735,48.3759609851726,-0.008249982462664575,2.397324591379496,-1.0624502994561746,FOLLOW,34.38296014612425,58.16969965270281,108.87554488907945,-1.820015878672288,61.078184635337955,1.0,True,False,False,23.67544174194336
5,86.59893532763462,-0.15197132390618406,48.808036026649766,-0.011268662458886018,4.318645891928559,-1.2447790028234216,FOLLOW,35.60796095602842,58.171975000902016,116.13458133761009,-2.0764846369003744,61.08057375094712,1.0,True,False,False,26.675939559936523
6,92.73898915446155,-0.23210573549867045,49.438805723570866,-0.014728813338075136,5.6060847616152785,-1.4274675179797434,FOLLOW,36.78752036617634,58.036861184999644,123.38645569381096,-2.300417504909152,60.93870424424963,1.0,True,False,False,23.66805076599121
7,98.96634493429734,-0.3360614220457101,50.18913675673747,-0.018482489236366723,6.27183092661239,-1.5166113701356596,FOLLOW,37.87433190763009,57.74772108131891,130.61332106209164,-2.5051663512476785,60.63510713538486,1.0,True,False,False,23.509740829467773
8,105.2910547325602,-0.4657118234924271,50.98865117950643,-0.022284210053156513,6.429501313793136,-1.5130944178979262,FOLLOW,38.82851570743291,57.28428782414253,137.79486064173025,-2.700580024850129,60.14850221534966,1.0,True,False,False,26.413679122924805
9,111.71513521069555,-0.62144881291203,51.77774892463748,-0.025943524370579892,6.141265708510281,-1.447169470056844,FOLLOW,39.616265014356586,56.636611728342615,144.90731974691678,-2.8933856735226495,59.46844231475975,1.0,True,False,False,23.71811866760254
10,118.23359070859027,-0.8024658421379942,52.50258159670902,-0.029324768667377713,5.435881318820051,-1.322955263647941,FOLLOW,40.21639489323256,55.80492183305006,151.9315301039281,-3.0881098943809113,58.595167924702565,1.0,True,False,False,24.762630462646484
11,124.83510006333157,-1.0063838718370044,53.11523822927033,-0.03213832308923327,4.378228454492243,-1.0185085943954195,FOLLOW,40.60628988335145,54.781102908260536,158.83988059194172,-3.287269339942769,57.52015805367356,1.0,True,False,False,23.991823196411133
12,131.5032989042896,-1.2283635013769183,53.58264065525171,-0.034149073750151686,3.13256812768972,-0.6611936909701992,FOLLOW,40.77415164797367,53.58268386154232,165.60925171130523,-3.4916837309184614,56.26181805461944,1.0,True,False,False,24.190425872802734
13,138.21857194649726,-1.4624224439730935,53.88321072120545,-0.035316840904728516,1.8638158051408307,-0.3028617927039274,FOLLOW,40.72036742052734,52.220157232123746,172.22366632481695,-3.701003608394242,54.831165093729936,1.0,True,False,False,23.926258087158203
14,144.94167335397418,-1.701901647687921,53.711384904817905,-0.035754313056273294,-1.78955529544616,-0.021402585795496976,FOLLOW,40.44042962153753,50.707237807681,178.6590015680348,-3.913609226174817,53.24259969806505,1.0,True,False,False,25.28834342956543
15,151.63290261668183,-1.9413387291151976,53.41416404391921,-0.035724496181208015,-2.8110162221711654,0.1211767082784943,FOLLOW,39.955672450437135,49.07155139568173,184.89734580441132,-4.126922308543411,51.52512896546582,1.0,True,False,False,24.297475814819336
16,158.27653438149497,-2.1777812282237945,52.94550708068314,-0.035387898879293986,-4.44193913954892,0.24949901316726766,FOLLOW,39.29296769271545,47.340006929121934,190.92587030939728,-4.337570575869745,49.707007275578036,1.0,True,False,False,24.66273307800293
17,164.84731987254233,-2.407977436369005,52.25346176193514,-0.034580101485245075,-6.332729933125928,0.5075758340407606,FOLLOW,38.45868501156525,45.54066831807378,196.73521939306022,-4.541380766154703,47.817701733977465,1.0,True,False,False,23.642539978027344
18,171.31492465707342,-2.62645135355661,51.29608560821946,-0.03282691682512012,-8.60219325002032,0.9967055423051504,FOLLOW,37.472077621767596,43.70439611307306,202.31939749430992,-4.733535458044292,45.88961591872671,1.0,True,False,False,26.259899139404297
19,177.64664257761314,-2.824815852519428,50.09588206080084,-0.02968908886759088,-10.266196006603765,1.5899586756132573,FOLLOW,36.36114767072448,41.864202591540575,207.6760723277979,-4.908664156414527,43.957412721117606,1.0,True,False,False,25.08711814880371
20,183.81477315633495,-2.9936127712891105,48.668300368175494,-0.02494179240630047,-12.181228250389651,2.1972763317448205,FOLLOW,35.15974081084872,40.05436741801143,212.80638338846185,-5.061063240655168,42.057085788912005,1.0,True,False,False,30.149221420288086
21,189.79331163224205,-3.1238630477841,47.066846066356604,-0.01857785859509717,-13.143051240110712,2.710588601918093,FOLLOW,33.89727091898774,38.30983139577224,217.7120440753227,-5.184958977539067,40.225322965560856,1.0,True,False,False,25.722265243530273
22,195.56608098520007,-3.208277953051255,45.35467110800917,-0.010608849760385617,-13.960611692614233,3.1714435041831877,FOLLOW,32.61326311432265,36.6678248739636,222.4065747465647,-5.273985313834184,38.501216117661784,1.0,True,False,False,26.949644088745117
23,201.1193553020874,-3.239400089471573,43.58037210407221,-0.0005874436471470512,-14.189441177873595,3.8441874930871047,FOLLOW,31.331999653159386,35.16505073416842,226.89808063835946,-5.320932603848821,36.92330327087684,1.0,True,False,False,25.416851043701172
24,206.44687801213303,-3.208391082308279,41.756814875449784,0.01207293449316701,-14.683043761437078,4.587511477954407,FOLLOW,30.093020185523756,33.83089180755291,231.21237548761115,-5.320414842959664,35.522436397930555,1.0,True,False,False,39.591312408447266
25,211.5429392569857,-3.1064529015108633,39.924009249625804,0.027472124718060757,-14.445372426759508,5.214428371261847,FOLLOW,28.913805494798083,32.68764140573497,235.3606835069311,-5.263459986585584,33.4555395142321,1.0,True,False,False,24.919509887695312
26,216.4110055186515,-2.9271065806553005,38.16316583555429,0.04540655117940208,-13.625525519929283,5.6946749144620386,FOLLOW,27.8286019355684,31.669524873255963,239.3715411925541,-5.144072241202309,32.90663673422521,1.0,True,False,False,24.988651275634766
27,221.0627544342525,-2.6673598796761806,36.52594933967197,0.06498444323598121,-12.514071689051333,5.738363364353254,FOLLOW,26.83461786500905,30.75881479804024,243.24562338366056,-4.949462269706503,32.29675553794225,1.0,True,False,False,26.833534240722656
28,225.51437649886876,-2.330469529066582,35.036027055027596,0.08464973750621659,-11.291086084089205,5.3158211572626355,FOLLOW,25.931329045382313,29.97742536237781,246.9940834796348,-4.667807991226191,31.476296630496705,1.0,True,False,False,27.205705642700195
29,229.7840197976219,-1.9201262873059834,33.707287669442614,0.10632177971817493,-9.959909902599586,6.154282948536722,FOLLOW,25.11990179054314,29.33178443239908,250.6342782894119,-4.1640544477542765,30.798373654019034,1.0,True,False,False,24.552583694458008
30,233.89021049222853,-1.4327337123653532,32.54493233047305,0.12841401878887,-8.630427633922634,5.354317964062283,FOLLOW,24.391836264645548,28.816923851222104,254.17585606226746,-3.5837793036164416,30.25777004378321,1.0,True,False,False,26.561975479125977
31,237.8538328261614,-0.8819803679864531,31.557265523855364,0.1459025780494863,-7.178930038838468,3.6437417934594754,FOLLOW,23.72574340066714,28.433880435293357,257.6159538928957,-2.9081280524152415,29.855574457058026,1.0,True,False,False,24.437904357910156
32,241.69939517369062,-0.29160326274227855,30.757655914712483,0.15738322847089725,-5.640013712724907,2.258370792985609,FOLLOW,23.113744415361907,28.160630493152105,260.9675772415233,-2.13124952541756,29.56866201780971,1.0,True,False,False,21.33917808532715
33,245.45246572518516,0.3189754056502091,30.142420966505806,0.16418698626339398,-4.262194578753515,1.3999527646715597,FOLLOW,22.592376806454467,27.980284539953413,264.2917719801451,-1.260748032027309,29.379298766951084,1.0,True,False,False,21.287918090820312
34,249.13709488131732,0.9376387888363732,29.68026010792028,0.1679176298299765,-3.2050598144953684,0.8803242396551775,FOLLOW,22.23421852244047,27.879365319121245,267.68668424762564,-0.44523079967619306,29.273333585077307,1.0,True,False,False,22.246837615966797
35,252.77143919696675,1.5591562549704914,29.331120206939104,0.17089147913050984,-2.463281878610312,1.1082071939190186,FOLLOW,22.112672920273127,27.842174935185742,271.24976780159045,0.43184219530677104,29.23428368194503,1.0,True,False,False,21.253585815429688
36,256.3683556937617,2.187243976272998,29.04591746689216,0.1750937520125429,-2.1678035041562427,1.928607258660774,FOLLOW,22.234350062590863,27.850501205336453,275.0057892595576,1.3139390630332837,29.243026265603277,1.0,True,False,False,20.586729049682617
37,259.950892925966,2.8217871164615396,28.77393221768963,0.17627973039295636,-2.215056168773182,3.181751668379764,FOLLOW,22.542646284563034,27.8877593283005,278.91100197832475,2.152117830661666,29.282147294715525,1.0,True,False,False,20.61319351196289
38,263.57771088084195,3.43023583097038,28.482508659780095,0.16216678632421025,-2.4554517760960923,4.7445588380520025,FOLLOW,22.966135883281254,27.940432270109422,282.91702880924726,2.9077524255933622,29.337453883614895,1.0,True,False,False,20.961761474609375
39,267.3283981330039,3.9358380477169765,28.149320066831546,0.12096243648671937,-2.8634495760668597,6.614756216994759,FOLLOW,23.405413162273476,28.004652321849743,286.9831240431154,3.5564129480029605,29.40488493794223,1.0,True,False,False,20.91360092163086
40,271.2274835018866,4.24215936080198,27.761409693979875,0.05368499917008207,-3.3176580431060394,8.686138888968175,FOLLOW,23.758748146313224,28.079760845174558,291.0871462793171,4.079991649277703,29.483748887433286,1.0,True,False,False,21.718263626098633
41,275.1662118625258,4.295816172639226,27.3227809457888,-0.01786923039912533,-3.660502213546961,10.789886873973463,FOLLOW,23.97902718696389,28.164309041533404,295.20651068885047,4.4634188776259816,29.572524493610075,1.0,True,False,False,22.351503372192383
42,279.0150537068239,4.131871970729598,26.855233385269674,-0.07379606609178813,-3.7721952743763008,12.803591188872154,FOLLOW,24.151829124565893,28.25704046681773,299.3180409870917,4.701170869843373,29.66989249015862,1.0,True,False,False,21.790266036987305
43,282.7363452701786,3.8149557853110743,26.3892083896347,-0.11237776802329119,-3.5933840471115692,14.47466784929514,FOLLOW,24.38330487119282,28.38437071157231,303.3983585780167,4.7826463265834445,29.803589247150924,1.0,True,False,False,20.751953125
44,286.3330488606201,3.3993539951567153,25.982315732052516,-0.1387774779166608,-2.9816896261784063,15.436608602262563,FOLLOW,24.684169817585143,28.57797956978276,307.42051508776376,4.7006485575873675,30.0068785482719,1.0,True,False,False,21.333932876586914
45,289.81709711877784,2.921898888075618,25.654942703017102,-0.15548890379909322,-2.294840014595618,16.24264908533789,FOLLOW,25.02521027767392,28.839848923333676,311.35825913829404,4.452993616241515,30.281841369500363,1.0,True,False,False,21.125316619873047
46,293.20384126919004,2.406437773258455,25.41109750549742,-0.16769408041423223,-1.6959317601586266,15.868954335507825,FOLLOW,25.353893704930783,29.181901351766832,315.1709908237086,3.905676289917695,30.640996419355176,1.0,True,False,False,22.116422653198242
47,296.50635772439375,1.8648067501477874,25.23040271194464,-0.17457311646267562,-1.1665670167283702,16.720060791644638,FOLLOW,25.635535291227256,29.595636614333166,318.8393765604173,3.34213310041157,31.075418445049827,1.0,True,False,False,26.027679443359375
48,299.73870066325907,1.3114276757005667,25.135240537938056,-0.17835014007862196,-0.455367040664744,16.737458607756356,FOLLOW,25.9020247126943,30.065337042875424,322.40838243708805,2.613694346253203,31.568603895019198,1.0,True,False,False,21.36373519897461
49,302.9138904969387,0.7497893121732144,25.11939910735483,-0.18076301775683112,0.11474229457677165,16.899332966030205,FOLLOW,26.23436655832421,30.608079931053826,325.9730672215833,1.7555469206816676,32.13848392760652,1.0,True,False,False,21.787643432617188
50,306.04170136715726,0.1825760633187491,25.166513349663024,-0.1818667413603777,0.5776353271114087,17.047840417930157,FOLLOW,26.726781003139592,31.25143171644298,329.64067150007827,0.821387288864991,32.81400330226513,1.0,True,False,False,23.953914642333984
51,309.13015351251227,-0.3886074687762604,25.271932253035562,-0.18242604059246967,1.062619589819261,17.050665648125282,FOLLOW,27.420590559778304,31.962373354658297,333.46229192693556,-0.13105480891802068,33.560492022391216,1.0,True,False,False,21.249055862426758
52,312.18685624634287,-0.9654788275564178,25.446357024253302,-0.18356585185120067,1.6562871918272526,17.004863916835816,FOLLOW,28.284691481757648,32.668154203433225,337.4148449942699,-1.0522886265652884,34.301561913604885,1.0,True,False,False,20.37978172302246
53,315.2197597350494,-1.5531764177017022,25.70104465400598,-0.18582723980146024,2.3347963422433082,16.9386801495177,FOLLOW,29.292979000630908,33.29352584875976,341.4798352469738,-1.9056395122889036,34.958202141197745,1.0,True,False,False,20.651578903198242
54,318.2460190155555,-2.153066646033267,26.048416834108007,-0.18595081362882124,3.099582370696469,16.808963309234578,FOLLOW,30.420817025402187,33.805098200154255,345.6405767604516,-2.6604602567318683,35.49535311016197,1.0,True,False,False,20.59459686279297
55,321.3068779981248,-2.7465442712184016,26.481466795685886,-0.17584357066081252,3.720700475011515,16.53861934866623,FOLLOW,31.62309954823081,34.267354865771,349.8691185637863,-3.3035316146134783,35.98072260905955,1.0,True,False,False,23.671865463256836
56,324.4622752386553,-3.2870646336196674,26.99352428721905,-0.14879069766050437,4.480310348743438,15.652942536899259,FOLLOW,32.85286142146737,34.78279756910786,354.15973941959214,-3.8304875711302384,36.52193744756326,1.0,True,False,False,24.751901626586914
57,327.76673848079565,-3.7168718923734474,27.640203659027215,-0.10583448253019476,5.727562607536356,13.920184010657332,FOLLOW,34.061766266960376,35.401489575990084,358.5240415056157,-4.241151176192148,37.17156405478959,1.0,True,False,False,23.010969161987305
58,331.23729584665904,-3.990963661935452,28.41533712566084,-0.05500822518100563,6.493770936826169,11.924635079516118,FOLLOW,35.20010674003544,36.046715391633576,362.9668452208311,-4.5444450662772855,37.84905116121526,1.0,True,False,False,22.301197052001953
59,334.8431839379834,-4.09528809966415,29.227820127693125,-0.007927862901812945,6.377285687980753,9.789777104302335,FOLLOW,36.2545273958267,36.64420713913568,367.49182324248574,-4.749402241074007,38.476417496092466,1.0,True,False,False,22.939682006835938
60,338.5497714373126,-4.047634988508464,29.97797413888768,0.029588172968946565,5.676703225541715,7.7520993548553,FOLLOW,37.24498579427427,37.203166126264875,372.08816973225765,-4.869607093529913,39.06332443257812,1.0,True,False,False,21.20232582092285
61,342.34004952583257,-3.876590925453821,30.68314052615172,0.05762353924627316,5.800801481799158,5.823142187728917,FOLLOW,38.20754863962975,37.75055732800338,376.75732007694234,-4.918278295363884,39.63808519440355,1.0,True,False,False,22.341251373291016
62,346.2145800178044,-3.6109102185623536,31.45917725787808,0.07702684830717993,6.548037666612279,4.030249744532151,FOLLOW,39.151937828163966,38.234179353006404,381.49198735399654,-4.9099407924878555,40.145888320656724,1.0,True,False,False,22.14670181274414
63,350.18447321450964,-3.27760285480449,32.288132429351734,0.08846052683915229,6.562707620292457,2.317992272070395,FOLLOW,40.0706045758871,38.65725340789843,386.2851845936915,-4.8590144772076105,40.590116078293356,1.0,True,False,False,22.624969482421875
64,354.25114558828545,-2.9044167102004073,33.04492024074309,0.09305718511608119,5.474878094094921,0.8275796806804383,FOLLOW,40.944056138301676,38.99601042008081,391.1285293528113,-4.779478567839009,40.94581094108485,1.0,True,False,False,22.359371185302734
65,358.40320163537865,-2.5165543686047966,33.6784348690498,0.09232143800592152,4.9747026829830165,-0.4774450735114051,FOLLOW,41.75912194619042,39.25375538255918,396.0102675344759,-4.6848049411206905,41.21644315168714,1.0,True,False,False,22.844552993774414
66,362.63645916286686,-2.133921279446908,34.32520607509911,0.0876245549485015,5.285427364908909,-1.5145324624706806,FOLLOW,42.52022721574633,39.47176271276033,400.923428851125,-4.58709454745596,41.44535084839835,1.0,True,False,False,22.35698699951172
67,366.9545236063075,-1.7712432153702933,34.96870343074446,0.08007118445896108,4.939866672394878,-2.330790558650235,FOLLOW,43.225781000808524,39.64532666215406,405.8622401636754,-4.496743677789132,41.627592995261764,1.0,True,False,False,22.75681495666504
68,371.3534955286504,-1.440515284999095,35.572207768000816,0.07044360099751205,4.936427091121347,-2.993773307963489,FOLLOW,43.86628664602347,39.78195074889593,410.82081025233094,-4.422878295851243,41.77104828634073,1.0,True,False,False,22.870540618896484
69,375.8336854771376,-1.1507983614386474,36.21133124688797,0.05939435395392939,5.168881007396313,-3.4774058907699548,FOLLOW,44.4422791458141,39.91391108655665,415.7957746744645,-4.372118028552711,41.90960664088448,1.0,True,False,False,22.89557456970215
70,380.3967658323869,-0.9088838932393493,36.83599819084621,0.04736651040315865,4.776649422962137,-3.8064520224353906,FOLLOW,44.953084186443334,40.06241683099422,420.7867696635809,-4.349295789666213,42.06553767254394,1.0,True,False,False,21.831274032592773
71,385.03748661399493,-0.7205341000557047,37.43126753488291,0.03471275849579748,4.9927348943522984,-3.978881697512607,FOLLOW,45.40039937787577,40.253217890048866,425.7971652102627,-4.357322173041513,42.26587878455131,1.0,True,False,False,22.017240524291992
72,389.75916761517203,-0.5889309098477428,38.10406997486995,0.022112351508363725,5.653305287791021,-3.9014615214602264,FOLLOW,45.79388836697592,40.47938271095333,430.83137498097085,-4.396433721629214,42.503351846501,1.0,True,False,False,20.26844024658203
73,394.57075413561375,-0.5119559219047221,38.84101772976841,0.011226647960833901,6.0371318670475285,-3.1246917998077697,FOLLOW,46.13545512855626,40.7672503541838,435.8946227437283,-4.464928823459421,42.80561287189299,1.0,True,False,False,23.885726928710938
74,399.4772015862923,-0.4789347970148006,39.60739627927829,0.0034469670341872602,6.14961858586313,-2.0852789967975007,FOLLOW,46.425254568543664,41.13513336189478,440.9960087041574,-4.558790590570796,43.19189002998952,1.0,True,False,False,23.2546329498291
75,404.4794452238352,-0.47609522148108163,40.36864308940976,-0.0015177309004070832,5.993354178669466,-1.3456878931568843,FOLLOW,46.66710540395866,41.555799776786564,446.144306990251,-4.67155865625546,43.63358976562589,1.0,True,False,False,22.75872230529785
76,409.57506774481686,-0.492937865677429,41.10396061343896,-0.004601099971714302,5.736155830660774,-0.8516118376715172,FOLLOW,46.86538548459674,41.99931305537056,451.34483070843197,-4.794400721140659,44.09927870813909,1.0,True,False,False,21.16560935974121
77,414.75996172158773,-0.5224246863707843,41.801372640375845,-0.0064698967028553765,5.397893473816786,-0.5139186586960018,FOLLOW,47.02375645619645,42.4359916869732,456.5988242010133,-4.915609317522347,44.55779127132187,1.0,True,False,False,21.123170852661133
78,420.0289458918991,-0.5599353579411607,42.455481277780244,-0.0075947809460748215,5.045320120552668,-0.30639080355616743,FOLLOW,47.143962134835704,42.8444752718531,461.90392385642343,-5.020794464904804,44.98669903544575,1.0,True,False,False,21.252870559692383
79,425.3766388523093,-0.6028666724031893,43.067407330251754,-0.00837962911314022,4.721483512759875,-0.21962527386301464,FOLLOW,47.22631091490797,43.207959138144126,467.2552568068071,-5.093327705036332,45.36835709505134,1.0,True,False,False,23.567914962768555
80,430.7978146349115,-0.6501676656951152,43.636243544673185,-0.009006258761711043,4.361180110729419,-0.13968872951245048,FOLLOW,47.27159898268428,43.513925140681835,472.6482378349936,-5.113169253581435,45.689621397715925,1.0,True,False,False,22.359848022460938
81,436.28675143150593,-0.7009597207811802,44.156341257778635,-0.009427597683731921,3.949786404009659,-0.014342854024569113,FOLLOW,47.28200067479088,43.75520255635475,478.0798153097024,-5.055299266865543,45.94296268417249,1.0,True,False,False,20.651817321777344
82,441.83711479052874,-0.7537765230986454,44.62467436079848,-0.00952457141443051,3.537408884798558,0.16201648743742886,FOLLOW,47.253434057232084,43.934035801497586,483.540185488738,-4.891488384843637,46.13073759157247,1.0,True,False,False,20.643949508666992
83,447.4424181592361,-0.8061247752307621,45.04000321249322,-0.009034949042864596,3.104573267753893,0.47626052555782455,FOLLOW,47.17536725281025,44.054671998629395,489.012482043339,-4.59124306785283,46.257405598560865,1.0,True,False,False,21.312952041625977
84,453.09592298590275,-0.8533277841451731,45.39974206145354,-0.007493763268276196,2.6535846632516478,0.9939140035961229,FOLLOW,47.02060844268016,44.12470073114075,494.4630266019163,-4.125796447997465,46.33093576769779,1.0,True,False,False,21.097660064697266
85,458.7905697978536,-0.8875350392207432,45.70101372052858,-0.0042975454790706415,2.174088797547591,1.76009056446906,FOLLOW,46.75592764546303,44.15485991204215,499.8518506313658,-3.4792527105380575,46.36260290764426,1.0,True,False,False,21.013259887695312
86,464.5187349951113,-0.8968967369290599,45.93791907710419,0.0013098362913326125,1.635464371436214,2.836737305469151,FOLLOW,46.410272203853765,44.15487048695712,505.2008420017074,-2.6601556197468224,46.36261401130498,1.0,True,False,False,20.412921905517578
87,470.2720729224727,-0.8646661471714097,46.107024339415815,0.010283507349998649,1.098881292331361,4.196564375028106,FOLLOW,46.06337593169394,44.13625827899843,510.5821109268052,-1.7054972586107382,46.34307119294836,1.0,True,False,False,20.572185516357422
88,476.0424266755768,-0.765979871677927,46.21021786281327,0.024543779989574244,0.5951112322209285,5.880712844868239,FOLLOW,45.81345506347054,44.10776959947482,516.0855279859433,-0.6757832422548304,46.31315807944856,1.0,True,False,False,23.261308670043945
89,481.82000440191814,-0.5642484625376615,46.2485483336503,0.04585946712139434,0.10436295170161575,7.86914922789349,FOLLOW,45.71178463965299,44.07773516062803,521.7542113152298,0.35593531426776304,46.28162191865943,1.0,True,False,False,24.417638778686523
90,487.5921198764513,-0.21595902931064065,46.242564552088965,0.07512982147995004,-0.11500837808612124,10.144696825934895,FOLLOW,45.732375448446646,44.053217411690355,527.5523798503648,1.3235083887986931,46.25587828227487,1.0,True,False,False,25.66242218017578
91,493.34508018892905,0.32386200553274885,46.21499710354955,0.11132067813381898,-0.2475797649006344,12.466864704484752,FOLLOW,45.84616863454869,44.03975347444012,533.438288511,2.1771934443107517,46.24174114816213,1.0,True,False,False,25.030851364135742
92,499.0766644562904,1.0666767299846744,46.182753970466955,0.1429667691771419,-0.2568199694265168,14.742854159467573,FOLLOW,46.02994039815462,44.04126825301474,539.3750205870837,2.8826544006526094,46.24333166566548,1.0,True,False,False,29.721975326538086
93,504.82772126165463,1.9398679634976022,46.154360748478986,0.15663462200806239,-0.20285916132917192,16.970385472567912,FOLLOW,46.251733671702425,44.061708277511514,545.3283981279928,3.416346894374189,46.26479369138709,1.0,True,False,False,28.079509735107422
94,510.66781609713706,2.825893773133963,46.13213343000145,0.14773899524231973,-0.1576204101301598,18.84769928176187,FOLLOW,46.438871671623986,44.11405126496814,551.2665929332786,3.761035148029884,46.31975382821655,1.0,True,False,False,25.973081588745117
95,516.6691279202047,3.5843236663769376,46.11574592062696,0.1135047604208335,-0.1046722529086912,20.492353555298223,FOLLOW,46.491101592804796,44.20162697107728,557.1589176899419,3.904304193208237,46.411708319631146,1.0,True,False,False,26.325702667236328
96,522.8108301197159,4.097563764899176,46.10149309163059,0.06698383300329565,-0.11462242982195475,21.383370966793553,FOLLOW,46.294498860332396,44.321994002941466,562.9636267805371,3.8359110224874327,46.53809370308854,1.0,True,False,False,22.977113723754883
97,529.0000025886692,4.349168364814479,46.09255222975244,0.0233235156260823,-0.024312947255578393,21.532454942119557,FOLLOW,45.82350326520236,44.49711889708034,568.6343333849182,3.55602555871036,46.72197484193436,1.0,True,False,False,22.820711135864258
98,535.1916931734968,4.361833445467252,46.10553770548939,-0.016218845057408587,0.2207148596982966,21.755265057681935,FOLLOW,45.21097637463777,44.75601444472027,574.210978963307,3.0938470737803487,46.99381516695629,1.0,True,False,False,23.212909698486328
99,541.3604773471155,4.156964956485745,46.148045951514376,-0.05269373185292163,0.4415932293527973,21.52063225440459,FOLLOW,44.5835893250312,45.092626617591264,579.775282498528,2.505326724152206,47.347257948470826,1.0,True,False,False,23.44369888305664
100,547.4870386589816,3.744825338673155,46.21799476595777,-0.08838379538763527,0.6791208332651117,21.166023174561733,FOLLOW,44.028024555656884,45.48702576302687,585.3885019027724,1.863961954868473,47.761377051178215,1.0,True,False,False,21.216154098510742
101,553.5545108378927,3.1298206809029745,46.32761695353931,-0.12292222890039575,1.0374077134766566,21.25087221414183,FOLLOW,43.588651148024496,45.91617104049897,591.0756898070061,1.2474564247893087,48.211979592523925,1.0,True,False,False,20.98536491394043
102,559.5467704903331,2.313671599012914,46.48248473110516,-0.15811497506811933,1.408149542505917,20.742121261626544,FOLLOW,43.27233377694256,46.3564602375048,596.8268446148353,0.7144398769066884,48.67428324938004,1.0,True,False,False,21.596670150756836
103,565.4384573500288,1.2928188964960619,46.68344190068461,-0.1915027592630516,1.7837594065203146,19.95262158287637,FOLLOW,43.08120957354561,46.78557422110967,602.6279800638787,0.2914875686131827,49.124852932165155,1.0,True,False,False,21.67224884033203
104,571.2215573836003,0.12182823153677491,46.943183728495654,-0.20611392781113455,2.327985604415699,19.889962052444904,FOLLOW,43.03669341112584,47.18462769033446,608.4751507611546,-0.023609562320717314,49.543859074851184,1.0,True,False,False,21.119117736816406
105,576.9728501961681,-1.060907670827737,47.27088509866224,-0.19431486125677894,2.852781810042066,19.235223640048876,FOLLOW,43.14931292020822,47.53884771660199,614.3708703038085,-0.25433511143678833,49.91579010243209,1.0,True,False,False,22.88222312927246
106,582.7935092054363,-2.1100329317559985,47.658289748037824,-0.15838048754775255,3.2803598255027238,17.99679062765094,FOLLOW,43.34058310394448,47.83824771312742,620.3134333001126,-0.43419093824869637,50.2301600987838,1.0,True,False,False,23.55360984802246
107,588.756804374676,-2.8879017781333043,48.08267555152463,-0.10245926804904221,3.4538391571844023,16.105223392717956,FOLLOW,43.499603843477985,48.07806899635387,626.2931130489143,-0.6000742064199787,50.48197244617157,1.0,True,False,False,21.195173263549805
108,594.8341392512358,-3.3229012892832737,48.52423898122033,-0.04659632176670246,3.5536889633579056,13.582289202500474,FOLLOW,43.541265136403695,48.25879030700925,632.2980695110797,-0.7905388833931584,50.671729822359715,1.0,True,False,False,23.255348205566406
109,600.9588587597015,-3.4681126712834565,48.964594630065,-0.0061435862786556675,3.4954564311895906,10.6286398225289,FOLLOW,43.492019085299034,48.38541414641068,638.3261583365348,-1.0404036248032784,50.80468485373122,1.0,True,False,False,23.360490798950195
110,607.1083859547758,-3.4219496076702067,49.39531173114521,0.016855828639066574,3.3589325075771344,7.404533660039187,FOLLOW,43.43254022271958,48.46625094467932,644.391398982421,-1.365566831485139,50.889563491913286,1.0,True,False,False,22.838830947875977
111,613.283715181841,-3.2876683148061163,49.79833808238199,0.023713964984565426,3.067591413659687,3.9808121491253847,FOLLOW,43.40941034319417,48.51155121635209,650.51779629797,-1.7559422434872114,50.9371287771697,1.0,True,False,False,24.225234985351562
112,619.5019914634752,-3.1466860549877667,50.151226996797405,0.02016196107308658,2.5799572511815363,0.4970376572469486,FOLLOW,43.44860178369095,48.5321336725744,656.7323169655319,-2.177866071310002,50.95874035620312,1.0,True,False,False,23.041248321533203
113,625.7646189089619,-3.0535012241645623,50.43560875664022,0.008703111836199193,1.9908785008791514,-3.0236965532408737,FOLLOW,43.50530353557474,48.53788508467421,663.0072949990499,-2.5883675822471757,50.964779338907924,1.0,True,False,False,23.153066635131836
114,632.0622268653862,-3.0578631457956513,50.64142469343504,-0.010259183766082848,1.3431495006075511,-6.494687788306784,FOLLOW,43.52681236799697,48.53611373835123,669.2914312769589,-2.9608596840226795,50.962919425268794,1.0,True,False,False,23.407459259033203
115,638.3986137612823,-3.1955457917812464,50.77129989583939,-0.03113897744835655,0.7814640879201058,-9.804096484366259,FOLLOW,43.500540252554856,48.531479091858046,675.562767117941,-3.2878864011604465,50.95805304645095,1.0,True,False,False,23.125648498535156
116,644.8068888647771,-3.434774093736921,50.83803847607963,-0.04096711453908119,0.33483258249585773,-12.880812393613368,FOLLOW,43.41205653180498,48.53036358475092,681.8106702930872,-3.5766231940162103,50.95688176398847,1.0,True,False,False,23.568391799926758
117,651.3090941830108,-3.682832002484532,50.86090937319591,-0.034319922974984624,0.06894620600894386,-15.635575251655238,FOLLOW,43.24601645952828,48.53679813409785,688.0529053243054,-3.838547787804035,50.96363804080274,1.0,True,False,False,23.585796356201172
118,657.9103835860794,-3.8294558616552052,50.85754180766382,-0.01077892437963535,-0.09379878166747413,-17.87937525572567,FOLLOW,43.0006558078984,48.55370568195591,694.3097499909092,-4.078595981840309,50.98139096605371,1.0,True,False,False,20.984411239624023
119,664.5375542374904,-3.8093005762096888,50.84157516310556,0.013836019079144474,-0.14175590343706448,-19.461021087427262,FOLLOW,42.68070338072175,48.583911955569995,700.5910869668012,-4.296433689829557,51.0131075533485,1.0,True,False,False,20.765304565429688
120,671.1189710162208,-3.674575015985089,50.83123482112353,0.025579394472615345,-0.027835144596751626,-20.43193511719018,FOLLOW,42.362815403629384,48.626107488124596,706.9003696411198,-4.487004420909562,51.057412862530825,1.0,True,False,False,24.08623695373535
121,677.6529280379065,-3.506628685929566,50.834593306468506,0.025383594560122236,0.06706183056143217,-20.906952813751218,FOLLOW,42.110410139522855,48.67840804991127,713.2293811557437,-4.643969987737684,51.112328452406835,1.0,True,False,False,23.5137939453125
122,684.1557472155808,-3.3700941719228816,50.848540637889045,0.017411423805715396,0.14294919155603958,-20.864521282245175,FOLLOW,41.9192678800498,48.74357936454061,719.5721959179563,-4.762828849385384,51.18075833276764,1.0,True,False,False,21.539926528930664
123,690.6583777604086,-3.285520199521042,50.872169817787224,0.010181087140864948,0.23393067064023104,-20.874962189219104,FOLLOW,41.77146373088476,48.84735217783564,725.9272109464656,-4.846489916089512,51.289719786727424,1.0,True,False,False,23.448705673217773
124,697.1738831746607,-3.2362466977539412,50.90395358530166,0.0061390456414947584,0.26531554283702624,-21.00956858010745,FOLLOW,41.64209051464945,49.037851136725834,732.300468275058,-4.904250098387125,51.489743693562126,1.0,True,False,False,24.851322174072266
125,703.7031885773483,-3.20074985418893,50.94257517314256,0.005646672039367522,0.3449544662649132,-20.90435210037083,FOLLOW,41.528069318085045,49.30014109149783,738.7019524927457,-4.946251934178231,51.76514814607272,1.0,True,False,False,22.488117218017578
126,710.2419595859445,-3.159648028235934,50.99714590743252,0.007298812895582308,0.5072089734795124,-20.748561618455334,FOLLOW,41.43525320243293,49.593269989468254,745.1384417797813,-4.977990039278728,52.07293348894167,1.0,True,False,False,22.032976150512695
127,716.786016679215,-3.1078151637237226,51.07812084834274,0.008532504169673931,0.7902664300471547,-21.37653176598697,FOLLOW,41.36590801863383,49.85949219197337,751.6078676045784,-4.99480574117407,52.352466801572035,1.0,True,False,False,22.780179977416992
128,723.3394820552107,-3.055826605842422,51.200160205666876,0.007430837189738125,1.1148082147467817,-22.253783963371106,FOLLOW,41.310523372203875,50.07166594966662,758.0965400514189,-4.979709644071214,52.57524924714995,1.0,True,False,False,22.30978012084961
129,729.9087371658305,-3.015971693717284,51.36044380238938,0.005047426317274527,1.4054299335618967,-22.64441501679363,FOLLOW,41.255754286990395,50.296135832833194,764.5952363422011,-4.914074177009855,52.810942624474855,1.0,True,False,False,24.75881576538086
130,736.49974126864,-2.991103981047681,51.55082895822092,0.00300425710453845,1.5985051155796093,-22.48721075587068,FOLLOW,41.19267941376427,50.48518023720426,771.1014165795948,-4.791258050303955,53.00943924906448,1.0,True,False,False,22.066831588745117
131,743.1168223610365,-2.97373169451034,51.7583414594255,0.002849239273407748,1.6782715674205808,-21.841401219047707,FOLLOW,41.112983863850445,50.704906848345246,777.6127251324905,-4.613831163524524,53.24015219076251,1.0,True,False,False,22.30048179626465
132,749.7614756122314,-2.946479331869074,51.965626751021894,0.006092050162843175,1.6152245837620833,-20.613845082090716,FOLLOW,41.02442950018394,51.05314966625805,784.1412518612204,-4.389213780486431,53.60580714957096,1.0,True,False,False,21.68440818786621
133,756.4297771024908,-2.8842928290574865,52.160638690337045,0.013161496837173069,1.5054579454782493,-19.369370039928814,FOLLOW,40.940695484661205,51.461150896905956,790.7021710968926,-4.125777721471726,54.034208441751254,1.0,True,False,False,22.79043197631836
134,763.1152068185716,-2.7704972429898644,52.35449724234616,0.021016285668231355,1.6013773412732464,-19.670350107180735,FOLLOW,40.86888791615911,51.828049968987415,797.2986650186499,-3.8282253744614287,54.41945246743679,1.0,True,False,False,20.940065383911133
135,769.8163058290547,-2.611586450863235,52.57259601141539,0.02661988157849761,1.857726264527983,-20.722913175511955,FOLLOW,40.80538604003664,52.14062391350127,803.9205928586082,-3.4939184707745374,54.747655109176335,1.0,True,False,False,20.54619789123535
136,776.5351978921608,-2.4240741500798797,52.81635007089261,0.02979755683294095,2.0045555477365755,-21.45651236081463,FOLLOW,40.73681365462767,52.483519273471096,810.5531194836824,-3.1131288007126177,55.107695237144654,1.0,True,False,False,20.854949951171875
137,783.2735448689034,-2.2199904892084703,53.06983647778727,0.031629342799662306,2.035291058186861,-21.785282753166534,FOLLOW,40.65033532308166,52.90493728599553,817.1855332152425,-2.670363369310691,55.55018415029531,1.0,True,False,False,20.803451538085938
138,790.0315091287982,-2.004444364744379,53.321111345586814,0.033146740679992084,1.9843551213842914,-21.736651051892963,FOLLOW,40.53371022031547,53.39607527327414,823.8072550892189,-2.145796899246685,56.06587903693785,1.0,True,False,False,21.18682861328125
139,796.8081164811293,-1.7760074404559525,53.56510309221349,0.03536172386258402,1.9578645005284563,-21.351295375916884,FOLLOW,40.40029538404781,53.90399234827215,830.431804512846,-1.5313328210197081,56.599191965685755,1.0,True,False,False,24.058818817138672
140,803.6053198075372,-1.5238535285142918,53.847321323071114,0.04024287156784674,2.5353569897715005,-20.689689881151185,FOLLOW,40.28782447881247,54.386527878662264,837.0959409599418,-0.8409003875125038,57.10585427259538,1.0,True,False,False,19.703149795532227
141,810.4296996466303,-1.2200614371966974,54.20190573981997,0.050235745417629686,3.0672150160285088,-19.759981868397652,FOLLOW,40.2228339905779,54.83173227610699,843.8281537981151,-0.10605706199420006,57.57331888991234,1.0,True,False,False,20.631074905395508
142,817.2816043223072,-0.8238280047102359,54.617827906194506,0.06662921010424067,3.5123417250444797,-18.534867289579484,FOLLOW,40.20233450492651,55.194368129542575,850.6320341515568,0.6351460747790096,57.95408653601971,1.0,True,False,False,20.235300064086914
143,824.1525177282479,-0.29188354187110155,55.08278993749063,0.08738811417702376,3.8543318526930106,-17.00532530605042,FOLLOW,40.215366914674405,55.526553437624976,857.4969712369816,1.3520181042211825,58.302881109506224,1.0,True,False,False,22.930622100830078
144,831.0372046793148,0.3690354300514863,55.5767880546686,0.10112888340521439,3.986955623859638,-15.24214479022094,FOLLOW,40.27589273413673,55.95171731465082,864.4284104623846,2.022092668337394,58.749303180383365,1.0,True,False,False,28.332233428955078
145,837.9557227480117,1.0879539868957742,56.06788633667867,0.10302644851151135,3.8582051663596237,-13.278168671269553,FOLLOW,40.39883708149739,56.376570926122874,871.4360417608121,2.629007242943927,59.19539947242902,1.0,True,False,False,23.706912994384766
146,844.937184921327,1.7843150529526675,56.572051807288055,0.09393523051721563,4.161345321353178,-11.165407240719443,FOLLOW,40.56220070500615,56.712474853866006,878.5179234530178,3.1614480166157466,59.548098596559306,1.0,True,False,False,22.729158401489258
147,851.9996217447565,2.399754634454879,57.10513444210545,0.08020006890595864,4.27469421408039,-8.9543067710671,FOLLOW,40.72893862467947,57.039346662744556,885.6661235460065,3.6115727665214337,59.89131399588179,1.0,True,False,False,22.508621215820312
148,859.142723470851,2.924841967338195,57.62994051600265,0.06719762949506929,4.037043441074192,-6.755232326475615,FOLLOW,40.877301634765786,57.356803049557804,892.8769233795223,3.973574357521993,60.2246432020357,1.0,True,False,False,22.418737411499023
149,866.3640646058539,3.364262775854837,58.082630956437114,0.05511054075260588,3.2568098806160193,-4.528659226780318,FOLLOW,41.00191565784701,57.7407120513104,900.144639128698,4.245778633900962,60.62774765387593,1.0,True,False,False,22.53437042236328
150,873.6544095813747,3.7215464293337295,58.4229929794737,0.04366589279356427,2.1297247961846173,-2.368065728698094,FOLLOW,41.10014244012473,58.11615148324189,907.4642070459786,4.430399704296139,61.02195905740399,1.0,True,False,False,23.809432983398438
151,880.9988122521111,3.9981287601422713,58.627250705496806,0.03248616867653698,1.5870927563039174,-0.332877107207314,FOLLOW,41.18111962806938,58.52867511149633,914.8355292094441,4.532240698147277,61.45510886707115,1.0,True,False,False,23.919343948364258
152,888.3911553676836,4.193483418622261,58.85267230121747,0.02119822656072574,1.9115508164265747,1.5720367862283697,FOLLOW,41.258264151198205,58.92741463603541,922.2570764033093,4.557548979605691,61.87378536783718,1.0,True,False,False,23.636579513549805
153,895.831872164513,4.306551907257596,59.092139456518275,0.010177177263536404,2.084824093658808,3.340471960502234,FOLLOW,41.33241304751789,59.27751789763048,929.7235684152015,4.511858425615518,62.24139379251201,1.0,True,False,False,23.74410629272461
154,903.3150678841043,4.3450193209605255,59.39237470911389,0.000978739968732904,2.6679415426297006,4.910772002794261,FOLLOW,41.39393063460477,59.58768801739542,937.2258027991178,4.400509165637056,62.5670724182652,1.0,True,False,False,22.736072540283203
155,910.8457639009619,4.32250727836426,59.75914368648382,-0.0064462539864231635,3.1274091195290787,6.2586290278971,FOLLOW,41.44018771187166,59.87681804816789,944.755255595976,4.227920357622566,62.870658950576285,1.0,True,False,False,22.059917449951172
156,918.4298661038854,4.249300467899771,60.175228265370066,-0.012665867050020527,3.470654272084279,7.387121205166281,FOLLOW,41.458097988187546,60.076908578802495,952.3038618891494,4.000369742236307,63.08075400774262,1.0,True,False,False,22.540569305419922
157,926.0712757635778,4.131580070261841,60.62263656932853,-0.018229762582332068,3.637207444383441,8.297462814832295,FOLLOW,41.42972520965736,60.18949455568752,959.8595913135428,3.725276408295095,63.1989692834719,1.0,True,False,False,24.224519729614258
158,933.7712233739796,3.9715783890586205,61.080142137748794,-0.02365269161863401,3.642310553343103,9.001955207656765,FOLLOW,41.346965168700535,60.29196766595708,967.4182409322783,3.41097105730109,63.30656604925494,1.0,True,False,False,23.344755172729492
159,941.5267547387045,3.768254322334275,61.52355444048662,-0.02916600414782049,3.4320912762846496,9.43880602771768,FOLLOW,41.20831753916411,60.391625155091965,974.9795409131438,3.0656311762395747,63.41120641284657,1.0,True,False,False,23.697853088378906
160,949.3281287386166,3.524009764292631,61.93968682501673,-0.03372334027869486,3.205741045581952,9.740345277401172,FOLLOW,41.01940791470656,60.52037827684515,982.5461626534111,2.6969576001376616,63.54639719068741,1.0,True,False,False,21.889686584472656
161,957.1689046967423,3.2480592911738655,62.319842569599544,-0.037009344476669204,2.8685686965900796,9.905590654229155,FOLLOW,40.79405857736924,60.64863435005525,990.1221873159858,2.310397062901668,63.681066067558014,1.0,True,False,False,22.867679595947266
162,965.0441120624834,2.949297121502476,62.65964688498861,-0.03923144569170765,2.561378469106772,9.958804145746406,FOLLOW,40.53506793102554,60.767579450769794,997.7039726277678,1.9045635923964466,63.80595842330829,1.0,True,False,False,21.703004837036133
163,972.9492283537331,2.635523106654932,62.961177228744205,-0.04048799456454862,2.257695788634802,9.988046326939855,FOLLOW,40.238847478709545,60.884882970567816,1005.2829595411929,1.4695528644836005,63.92912711909621,1.0,True,False,False,23.266077041625977
164,980.8801263453479,2.3141736737894387,63.22456872096123,-0.04085194667264923,1.955739942845406,9.958343310631703,FOLLOW,39.904491167329184,61.00292898581705,1012.8537195210623,0.9918438715092341,64.0530754351079,1.0,True,False,False,24.6427059173584
165,988.8345282340638,1.9903659690451911,63.45214371597429,-0.04122266156177664,1.6860203129131919,9.869034926178072,FOLLOW,39.54625317967111,61.1352348627626,1020.426379525019,0.46668184675593616,64.19199660590074,1.0,True,False,False,24.25241470336914
166,996.813832740731,1.650613213789923,63.649760226733115,-0.044982381519466826,1.4739234205737424,9.817648907578427,FOLLOW,39.183855740431,61.26748513758073,1028.0183839744948,-0.09494417912696484,64.33085939445976,1.0,True,False,False,22.657155990600586
167,1004.8120164177978,1.26189482572255,63.82358789248678,-0.05300320045239595,1.305580225571414,10.054604999692936,FOLLOW,38.82486810386149,61.401627090275454,1035.6387008445924,-0.6711056900366275,64.47170844478923,1.0,True,False,False,23.87547492980957
168,1012.8173365408117,0.7952784447911541,63.9791937297644,-0.06314672868228607,1.1802784270700108,10.067615409641924,FOLLOW,38.469795124756274,61.52391867616666,1043.2818115425541,-1.2393634607823742,64.600114609975,1.0,True,False,False,23.82183074951172
169,1020.819355139332,0.26776882004178626,64.12305010323864,-0.06693724888502832,1.1112895797386515,9.666194940340057,FOLLOW,38.127064706253236,61.626071528853046,1050.944401247065,-1.7831952405834586,64.7073751052957,1.0,True,False,False,23.699283599853516
170,1028.8271291701121,-0.25398694071561123,64.260394784287,-0.06189585029757424,1.072149904579324,8.951513258330975,FOLLOW,37.807334378153655,61.75658286319632,1058.6266895174856,-2.2906297304673116,64.84441200635614,1.0,True,False,False,23.035049438476562
171,1036.8534034875931,-0.705494764722297,64.39407224106354,-0.05038183314887506,1.04989690135026,8.064189440751795,FOLLOW,37.50311611224424,61.867266239500005,1066.3302452823564,-2.753974169143592,64.96062955147501,1.0,True,False,False,23.04816246032715
172,1044.9008251773769,-1.0605634774185697,64.52321621671376,-0.038500989852592454,1.002767445402018,7.056029883368645,FOLLOW,37.19926742730718,61.978332357055194,1074.0526709149003,-3.167526545753529,65.07724897490796,1.0,True,False,False,23.369312286376953
173,1052.9676214804995,-1.3259727105211596,64.64767853121997,-0.027976987569183313,0.9727119369563988,5.909977846885205,FOLLOW,36.89286211136459,62.09386811250473,1081.7936872887415,-3.5285384602621375,65.19856151812996,1.0,True,False,False,23.88143539428711
174,1061.0526204045175,-1.513513588504933,64.76897247348177,-0.019101264422910075,0.9511218131213197,4.597494164356089,FOLLOW,36.583738240327875,62.21141289166241,1089.5513597208273,-3.835884379234838,65.32198353624554,1.0,True,False,False,30.250072479248047
175,1069.1551560967455,-1.636892162269754,64.89319016509438,-0.011962194629515087,1.0105061797506267,3.322456529956408,FOLLOW,36.27164796930083,62.338607836688695,1097.3242683738183,-4.091139835694372,65.45553822852314,1.0,True,False,False,28.40566635131836
176,1077.2754972240127,-1.7091420095561913,65.02275816688406,-0.006321256794514468,1.0389100617299762,2.2358988826347277,FOLLOW,35.959150940765994,62.4797413559808,1105.1143070375115,-4.297531557507621,65.60372842377984,1.0,True,False,False,33.43772888183594
177,1085.4134890566781,-1.741459358778866,65.1572039295724,-0.0020986871755966433,1.0858735599949036,1.3126796017737326,FOLLOW,35.645888326522936,62.616541858149866,1112.9213855505357,-4.459351476462611,65.74736895105737,1.0,True,False,False,31.683683395385742
178,1093.5686706172287,-1.7468194773541603,65.29644012204942,0.00035339423265111705,1.1188707209068645,0.42070770908974076,FOLLOW,35.33087582315079,62.73715487416093,1120.744364879829,-4.58190880684341,65.87401261786898,1.0,True,False,False,30.88235855102539
179,1101.7412545271359,-1.739412968357323,65.43720656172181,0.0011529079119277186,1.1139577852697258,-0.32742241725013843,FOLLOW,35.01065975737038,62.80270229449182,1128.579330374599,-4.670739402399672,65.94283740921642,1.0,True,False,False,26.884078979492188
180,1109.930511016045,-1.7316389486964947,65.56178107607245,0.0005436796764974258,0.889458810023995,-0.9597264916803308,FOLLOW,34.67587499123624,62.776422617801785,1136.4171295183721,-4.731764846385913,65.91524374869188,1.0,True,False,False,23.769617080688477
181,1118.1327097563687,-1.734245761826981,65.64474743425555,-0.0013045649998289976,0.48434621991094745,-1.5262377383275139,FOLLOW,34.31391991954615,62.622108042048104,1144.2444309355913,-4.770868491365666,65.75321344415052,1.0,True,False,False,23.360729217529297
182,1126.3360235429607,-1.7563486763883351,65.58044203127463,-0.004091366860976971,-0.6848301161973578,-1.8660066891236264,FOLLOW,33.91130094752975,62.314617892566176,1152.0440107038985,-4.793780966840884,65.43034878719449,1.0,True,False,False,24.02019500732422
183,1134.525806351621,-1.8041666997934014,65.43780553577996,-0.007534387514250812,-1.418417607958384,-2.1058871117621436,FOLLOW,33.46022837501346,61.832969704354554,1159.7962519179741,-4.8058631930669256,64.92461818957229,1.0,True,False,False,26.622533798217773
184,1142.6908771569142,-1.8814863614427761,65.19240857520364,-0.011247721617203712,-2.3101843738459236,-2.0600346614504894,FOLLOW,32.950823351413646,61.1594331173325,1167.4766297030346,-4.812046955882062,64.21740477319912,1.0,True,False,False,27.42791175842285
185,1150.8168044997033,-1.988608320717415,64.82016646009313,-0.014946867731195572,-3.4255704748609492,-1.9631970273759074,FOLLOW,32.37333800809006,60.289957099970664,1175.0642151650043,-4.816602972578968,63.3044549549692,1.0,True,False,False,26.80802345275879
186,1158.8861683888717,-2.123822165568848,64.30043475973932,-0.018334099995204724,-4.661956342223737,-1.6401529865882272,FOLLOW,31.714059535068372,59.21762166718113,1182.5308640347716,-4.823036065047474,62.17850275054019,1.0,True,False,False,27.588844299316406
187,1166.8795338775533,-2.282517550938931,63.61762885731396,-0.021142396307225458,-6.026331582414961,-1.248675740837874,FOLLOW,30.968961504817344,57.950025406483995,1189.855129893689,-4.834041416586391,60.8475266768082,1.0,True,False,False,27.496814727783203
188,1174.7757233986556,-2.458603234993189,62.75912349291034,-0.02323483919636644,-7.469069806858789,-0.7973068440028673,FOLLOW,30.12891573878801,56.4945471063399,1197.0084496163413,-4.851279636347297,59.319274461656896,1.0,True,False,False,27.497053146362305
189,1182.5534238612142,-2.644880823403109,61.73839775832495,-0.02444468327029579,-8.664688925983661,-0.27360163023215256,FOLLOW,29.20029846202783,54.86898738183004,1203.9760218606834,-4.875476168840555,57.612436750921546,1.0,True,False,False,25.511741638183594
190,1190.1915692048383,-2.83351060580242,60.52809265330364,-0.02477603655273642,-10.437970821203129,0.16360425316182425,FOLLOW,28.175681018818523,53.086850599410575,1210.7291048800328,-4.906224231862426,54.64342825056374,1.0,True,False,False,28.590917587280273
191,1197.6632168425292,-3.0173573692308198,59.093079077554144,-0.02429796883298852,-12.245879808582114,0.5642123293486345,FOLLOW,27.058272679480297,51.18060635829292,1217.2498418843186,-4.9420657052007835,51.106417337871086,1.0,True,False,False,25.15697479248047
192,1204.9372349164537,-3.1894508197238762,57.369538966743235,-0.022889115502655787,-14.907601377200397,1.0246405107974144,FOLLOW,25.864067546587876,49.17242626626291,1223.527284389117,-4.980808094295673,47.89900455552494,1.0,True,False,False,29.327869415283203
193,1211.9736399727058,-3.3409543742873438,55.31853767263225,-0.019992990622372083,-17.43328134462161,1.7622506115043657,FOLLOW,24.608540397238357,47.09305089634249,1229.545775313692,-5.020278075736628,45.0230674556294,1.0,True,False,False,29.018640518188477
194,1218.734528523295,-3.46072843578053,52.99497828854432,-0.015408645633763152,-19.291749738581338,2.3323049232879853,FOLLOW,23.32263362437061,44.97503090746098,1235.2962735970764,-5.0582787849495,42.46357018394149,1.0,True,False,False,29.625892639160156
195,1225.191044352166,-3.5442257912228263,50.49592380386436,-0.010828393491273191,-20.31351139089845,2.2032254260845994,FOLLOW,22.041500489731106,42.85223930944043,1240.7760290130261,-4.967108229173742,40.161810097857796,1.0,True,False,False,28.88774871826172
196,1231.3265061472925,-3.599227855277802,47.91840337720512,-0.007395356958592933,-20.619125839396293,2.1244063530269006,FOLLOW,20.797878864610766,40.7575548515205,1245.9889232167768,-4.8994989559533195,38.068835825419775,1.0,True,False,False,28.944730758666992
197,1237.138503718226,-3.633020006540056,45.353913086157085,-0.0042017592129393036,-20.189878116859244,2.524535028943185,FOLLOW,19.612316946567717,38.72214333068958,1250.9388230938603,-4.8429540089535,36.15774791656448,1.0,True,False,False,27.03118324279785
198,1242.6288594379464,-3.6440601920290727,42.86877248738081,0.0003763487233297471,-19.398718963000547,3.354719297296951,FOLLOW,18.49518631078672,36.78544332911085,1255.6336900290128,-4.786104629510896,34.43021602825345,1.0,True,False,False,27.86874771118164
199,1247.8120926696995,-3.622466226513429,40.518310094338055,0.00822723598852843,-18.122793683909332,4.686273450985482,FOLLOW,17.457626870158265,34.97659823773023,1260.0864863081047,-4.719013276474055,32.8962419449068,1.0,True,False,False,25.053977966308594
200,1252.7091904767735,-3.552452893439656,38.33786284043983,0.020199809370784597,-16.729514362082853,5.815367149110997,FOLLOW,16.515562460792353,33.285637625991974,1264.3276551304918,-4.631995581113327,31.508005476283202,1.0,True,False,False,24.96790885925293
201,1257.3442304321395,-3.422188307705534,36.362260400865694,0.035101705081672166,-14.929144906926638,6.2283181858754855,FOLLOW,15.669486609417845,31.690767095001107,1268.3786770861914,-4.513280394486978,30.197313720789932,1.0,True,False,False,22.49431610107422
202,1261.7452185830402,-3.2320543745187473,34.60709255792507,0.0494909842456306,-13.217766472192555,5.334398532176365,FOLLOW,14.921897703785817,30.225814400861292,1272.2661281359253,-4.4703275821084585,28.992393886481416,1.0,True,False,False,21.689414978027344
203,1265.9387422707882,-2.993497671097891,33.011439307857394,0.06311686540580771,-12.271142760738707,5.12439247436811,FOLLOW,14.250174055386424,28.9172798185888,1275.9953926384267,-4.203855474835944,27.91625232174454,1.0,True,False,False,23.929595947265625
204,1269.9487994680776,-2.7071615235180992,31.52136540007946,0.07929476739957378,-11.494441450011923,4.552224071088949,FOLLOW,13.596964948415462,27.79397287379055,1279.5357072192037,-3.9858642609880297,27.071719552032906,1.0,True,False,False,24.376630783081055
205,1273.794293238499,-2.3590698093921425,30.138121504519546,0.10293509635700025,-10.557458393178697,4.702449155516734,FOLLOW,12.92033680892473,26.82183606104682,1282.8691362770023,-3.656611512094421,26.451401492718084,1.0,True,False,False,23.808717727661133
206,1277.4759863705012,-1.9183743938479136,28.88251528471404,0.1369437360155613,-9.482863372201683,5.5314591644825954,FOLLOW,12.243965507340818,25.93756052591187,1286.0382587458398,-3.234048495243215,25.944341834736832,1.0,True,False,False,25.45619010925293
207,1280.9833136343398,-1.3635703900992515,27.775105982611564,0.17536345093938122,-8.242131611322872,6.838217335743772,FOLLOW,11.61584516729772,25.141879445658184,1289.091831537799,-2.739385148077573,25.555503754111463,1.0,True,False,False,28.028249740600586
208,1284.3232948278544,-0.706628576776217,26.841354816611307,0.2079480610659638,-6.788324924480391,8.199345786532472,FOLLOW,11.085129551203181,24.443724301228425,1292.068443185543,-2.193682304446052,25.307477594469468,1.0,True,False,False,24.0175724029541
209,1287.53894746597,0.0169289005927743,26.093765487745486,0.22951126676681233,-5.313046619196255,9.391027414292076,FOLLOW,10.669490868091998,23.838658064649188,1294.9927856959464,-1.6142308515604502,25.030590967881647,1.0,True,False,False,22.038698196411133
210,1290.684922085908,0.7703432532428199,25.4852960102733,0.24017380514841324,-4.470034111230232,10.239675961061566,FOLLOW,10.340003523087034,23.32353655719377,1297.878950989057,-1.0129922627464223,24.48971338505346,1.0,True,False,False,23.97942543029785
211,1293.8003675495595,1.5270608975615092,24.963764785796698,0.24433702684083125,-3.885353757473908,11.11411938661357,FOLLOW,10.055231277651728,22.89747110952227,1300.7401533635598,-0.2724454244153687,24.042344664998385,1.0,True,False,False,22.10545539855957
212,1296.903089499822,2.2774497093984496,24.49863981186512,0.2462384277314737,-3.534656286684987,11.397853732763192,FOLLOW,9.7917584000827,22.557219372402347,1303.5921259496422,0.4464863669374104,23.5710018057646,1.0,True,False,False,21.283626556396484
213,1300.0014293094664,3.0166266038148617,24.067630815034047,0.24584768798505835,-3.320301822676193,11.195456035222003,FOLLOW,9.549225867946916,22.296127723586785,1306.452315367769,1.1484048539365639,23.166850110356613,1.0,True,False,False,21.808385848999023
214,1303.1050731800376,3.735787759253966,23.664570965027963,0.2413256231353026,-3.0923376540882708,10.720593198012086,FOLLOW,9.336318220016437,22.10572342992266,1309.3377475294828,1.8364830922635025,22.854709858769475,1.0,True,False,False,21.24953269958496
215,1306.225581856527,4.421861601713079,23.295362839221603,0.23123353230240193,-2.7945479172544694,10.130123309549335,FOLLOW,9.159068053452984,21.97590752249256,1312.2641412334906,2.5125129991493065,22.62589700471653,1.0,True,False,False,20.525693893432617
216,1309.3749160754708,5.059673238423203,22.970939756534484,0.2148414604588147,-2.3959246972587867,9.535208618849786,FOLLOW,9.018444666795858,21.895886819338376,1315.2440265233229,3.1771441705254726,22.46873199429551,1.0,True,False,False,20.935535430908203
217,1312.5630426971727,5.6338615114443265,22.70343884927453,0.19215423086610273,-1.905475929661104,8.994286614819496,FOLLOW,8.911820046156208,21.855139948149652,1318.286736121627,3.8298957449009525,22.370326191185047,1.0,True,False,False,20.732879638671875
218,1315.7943251664906,6.130972132451696,22.502990440912974,0.16420764373540064,-1.3505931555793023,8.590737636167225,FOLLOW,8.839136303071655,21.84502628904198,1321.4021790002444,4.468652343997515,22.32141379547165,1.0,True,False,False,20.904064178466797
219,1319.070112858638,6.541211774406931,22.37607827041975,0.13237855107538513,-0.7561001159079233,8.376193913205883,FOLLOW,8.809714672433529,21.858041809388123,1324.604039838924,5.08896355380153,22.319095028806334,1.0,True,False,False,20.41769027709961
220,1322.3960569243347,6.8568153402979455,22.317774115276105,0.09718218940350842,-0.25864176256604166,8.392200458939222,FOLLOW,8.838302340447854,21.888879537852578,1327.9084151990858,5.683604739849492,22.365780054461183,1.0,True,False,False,21.666288375854492
221,1325.7804971800747,7.067810684177756,22.319938773388106,0.057012718974227806,0.19910434616350042,8.1961715143659,FOLLOW,8.929510275752818,21.93232256055887,1331.3255672000876,6.117086061107256,22.4587507731451,1.0,True,False,False,23.539304733276367
222,1329.2284911837855,7.15919702979732,22.367097332253252,0.011685950384743952,0.48660259267202394,8.558990278350388,FOLLOW,9.079357067948877,21.984876848849574,1334.8598542480236,6.532373679625825,22.592572455278578,1.0,True,False,False,20.787477493286133
223,1332.7352776980488,7.119000072806855,22.438441094824384,-0.036810773320438306,0.6116537134998261,9.455243786386031,FOLLOW,9.259115347030502,22.045274402359777,1338.487606530816,6.9069127379253406,22.75087941807982,1.0,True,False,False,20.824432373046875
224,1336.2806115632036,6.941308324922035,22.517733665745347,-0.08564531209508056,0.6316868054272021,10.779676290224346,FOLLOW,9.435984854430899,22.128572518564507,1342.1712625524797,7.222049836557881,22.931894786128435,1.0,True,False,False,20.65753936767578
225,1339.8188159943531,6.631877161014361,22.598292560610076,-0.12919312969591012,0.64025290940162,12.460029677111377,FOLLOW,9.614717339168692,22.274341682048597,1345.8953289023723,7.460219216986378,23.17964076652827,1.0,True,False,False,20.19667625427246
226,1343.3020454063787,6.214623716161886,22.674586432367903,-0.16168157289931098,0.5815858902246346,14.19443431089084,FOLLOW,9.839241643217065,22.461258354733463,1349.6580576375702,7.607737954204469,23.496629565706527,1.0,True,False,False,20.648479461669922
227,1346.7180195576407,5.722335253273853,22.736662777354308,-0.18320459154265384,0.43678160591554427,15.612962338102431,FOLLOW,10.1439649498152,22.64877033869335,1353.446010356194,7.6499883196097995,23.78120885562802,1.0,True,False,False,20.250797271728516
228,1350.0773538924914,5.176472097851145,22.825854415959498,-0.20084406171123065,0.8988515118902645,15.8541195711583,FOLLOW,10.496425726060124,22.80574372439364,1357.2144452837008,7.444260461022687,23.946030910613324,1.0,True,False,False,23.84328842163086
229,1353.391988413678,4.57669416609818,22.950166110053257,-0.21992674893349254,1.0430077769481418,16.13955731265458,FOLLOW,10.75903541337334,22.942866527655184,1360.8363893058647,7.123588617834415,24.090009854037945,1.0,True,False,False,20.697832107543945
230,1356.6592921913389,3.91464133368608,23.068761810178312,-0.24273406847106313,0.868136677618253,16.288804113661413,FOLLOW,10.832183692661602,23.109901382519467,1364.2241721063397,6.6762478787437205,24.26539645164544,1.0,True,False,False,20.7369327545166
231,1359.8571500814821,3.1786096987821577,23.154539610704557,-0.2694034854913765,0.5596807673929549,16.352406608380655,FOLLOW,10.755148432689793,23.292775168040585,1367.4144406240287,6.1049762061576605,24.457413926442616,1.0,True,False,False,21.364450454711914
232,1362.9473150224085,2.3665411584073826,23.197225272502244,-0.2939930614242178,0.20743763149052047,16.41726258786324,FOLLOW,10.611685920040827,23.46217709273364,1370.468836001523,5.421665086662299,24.635285947370324,1.0,True,False,False,21.469831466674805
233,1365.909428146155,1.5000707893239125,23.202855034927143,-0.3081331808975825,-0.03845711253752837,16.49401165456944,FOLLOW,10.490402774785935,23.631214933136913,1373.4377177971944,4.645637756531887,24.81277567979376,1.0,True,False,False,23.91195297241211
234,1368.7613753713513,0.6165283268986577,23.191444574671,-0.30860644412047045,-0.12151439473686933,16.51864123937684,FOLLOW,10.449005098497764,23.810329719417442,1376.3584332446528,3.7994826639380914,25.000846205388317,1.0,True,False,False,20.876169204711914
235,1371.5374629045455,-0.24751165779271422,23.176295674331765,-0.29684830383331645,-0.12435015844619765,16.485082392969982,FOLLOW,10.492786394586801,23.98173183187352,1379.254161765938,2.90600531712339,25.180818423467198,1.0,True,False,False,20.88475227355957
236,1374.2689288597012,-1.0617183367271288,23.162885541722087,-0.2750504851836414,-0.08358294461092738,16.470782715134895,FOLLOW,10.597777953299783,24.136342946185277,1382.1352408578452,1.9875723888928871,25.343160093494543,1.0,True,False,False,21.173954010009766
237,1376.9802777664067,-1.800978247136197,23.158931131766053,-0.24496882811568468,0.03617991113553917,16.469625019396144,FOLLOW,10.738470851133798,24.30247211840274,1385.007399710835,1.0648923446719616,25.517595724322877,1.0,True,False,False,20.50638198852539
238,1379.6909810980849,-2.4447188403059643,23.189857369235938,-0.20820278443234455,0.42315488800269974,16.443469426018417,FOLLOW,10.90321192233182,24.51586798248238,1387.8834896887386,0.15638755016593986,25.7416613816065,1.0,True,False,False,21.091938018798828
239,1382.4189531660172,-2.9780522959529483,23.304955812732935,-0.1670724080200083,1.280007490228388,16.18079181100106,FOLLOW,11.094272619264302,24.788885804144325,1390.7852537173492,-0.7217471516113467,26.028330094351542,1.0,True,False,False,21.056652069091797
240,1385.1819819217594,-3.3937214037394963,23.533387644562097,-0.12470521262483591,2.179141805199961,15.485735617877246,FOLLOW,11.316215523777828,25.124606372262402,1393.735168689795,-1.5548493032184547,26.380836690875523,1.0,True,False,False,20.556211471557617
241,1387.9933511032702,-3.6933105012244454,23.833272643955432,-0.08491537415129292,2.4999547960868385,14.187901344479016,FOLLOW,11.571668733272645,25.52998166713557,1396.753650655032,-2.32932875541758,26.806480750492348,1.0,True,False,False,22.46880531311035
242,1390.8583820120957,-3.886592617508799,24.14180311391775,-0.050366214439408814,2.4094844949852683,12.43433625734444,FOLLOW,11.865306589251304,26.009464151307284,1399.8586576925215,-3.032584776123778,27.30993735887265,1.0,True,False,False,20.302534103393555
243,1393.7773859187587,-3.9873742137283767,24.42180736687527,-0.021255205956312778,2.123508805882451,10.682520305538052,FOLLOW,12.205545960285917,26.55956737449625,1403.0639279723816,-3.5279893571726584,27.887545743221064,1.0,True,False,False,20.81775665283203
244,1396.749047197353,-4.008220713843395,24.675824617836934,0.003392408817712824,1.9804303818418738,8.984825451551787,FOLLOW,12.595379686201113,27.15437062556543,1406.3727656049598,-3.9614449710907267,28.512089156843704,1.0,True,False,False,20.566225051879883
245,1399.7735107465028,-3.959252380562993,24.92638449972553,0.024691437011136425,2.025175330430182,7.393869394821073,FOLLOW,13.024696195691604,27.753190700272896,1409.7737433930447,-4.317369707993148,29.140850235286543,1.0,True,False,False,20.496845245361328
246,1402.8520266315006,-3.847286211278366,25.181369953652595,0.0439350967589823,2.0379505841336876,5.98579342425965,FOLLOW,13.477151905541405,28.31700403037088,1413.2506626520442,-4.585684902709613,29.732854231889426,1.0,True,False,False,20.472288131713867
247,1405.9832088143755,-3.6755228001175473,25.430818976278598,0.06212978376041409,1.9456115002654666,4.72301981716843,FOLLOW,13.938279239337362,28.81200731158798,1416.790305870838,-4.763450207100944,30.25260767716738,1.0,True,False,False,20.4007625579834
248,1409.1588011113156,-3.4463586499164176,25.66070531332755,0.07894346685893074,1.7579617206307037,3.6009886075771016,FOLLOW,14.40035877765581,29.200692455470573,1420.3835675920313,-4.851343939151543,30.660727078244104,1.0,True,False,False,23.524045944213867
249,1412.3654140301223,-3.166366190927068,25.87075837220109,0.09263893109440911,1.643459216398697,2.6242362901901113,FOLLOW,14.857997448956667,29.48461092449935,1424.0167985602723,-4.730139978378377,30.95884147072432,1.0,True,False,False,20.383596420288086
250,1415.5942973771107,-2.8477734700664294,26.062776945708585,0.10191578080397871,1.3457908337149234,1.7865158772402001,FOLLOW,15.308942413936848,29.69233992566376,1427.6743564440592,-4.564875856329236,31.17695692194695,1.0,True,False,False,22.546768188476562
251,1418.8391345345985,-2.5051654793107145,26.186249514465892,0.10685675312553872,0.7343392102942572,1.0826045415938248,FOLLOW,15.755946141141067,29.85772889541862,1431.3502435182518,-4.357892004562319,31.350615340189552,1.0,True,False,False,22.800445556640625
252,1422.094678554511,-2.1521206278565734,26.288026090806383,0.10803928207279367,0.9217704989643917,0.49356182212464283,FOLLOW,16.202372367446742,29.98997728228023,1435.0415069020453,-4.114364128690557,31.489476146394242,1.0,True,False,False,21.49057388305664
253,1425.3654148665833,-1.7995440051858804,26.439259311638406,0.10600987346139723,1.494765537949183,0.014681068061719815,FOLLOW,16.653270376714318,30.10836935334355,1438.7479489312252,-3.841490144469794,31.61378782101073,1.0,True,False,False,21.48270606994629
254,1428.6621520868466,-1.4561048368486396,26.683866161893572,0.1012683984533856,2.3268477616228465,-0.36402530750650774,FOLLOW,17.104671590574753,30.241883458095522,1442.470086457158,-3.54789502469759,31.7539776310003,1.0,True,False,False,21.036624908447266
255,1431.9970615045963,-1.1290739719437664,26.9963334785673,0.09424885360556359,2.592246995150054,-0.6567388492272733,FOLLOW,17.550532861263264,30.437459657880908,1446.2126849481099,-3.242545689231373,31.959332640774953,1.0,True,False,False,21.070480346679688
256,1435.3758032951648,-0.8254570706751749,27.336682114290607,0.08528648753145833,2.8818142023734703,-0.8868873699745466,FOLLOW,17.985847989987178,30.641175095722108,1449.9829094945835,-2.9345736945995435,32.17323385050822,1.0,True,False,False,20.510196685791016
257,1438.8052436305136,-0.5515009860321842,27.756896103310307,0.07467493784282907,3.7418974590604397,-1.047723225320008,FOLLOW,18.404674613941552,30.75767261483855,1453.7804779091064,-2.6340671464321828,32.29555624558048,1.0,True,False,False,20.298480987548828
258,1442.2956672175426,-0.3126955715428287,28.22216627888847,0.06263054282911158,3.4926461352566003,-1.1683672280898159,FOLLOW,18.79263008306566,30.8471884280733,1457.5978737135792,-2.3490899485174013,32.38954784947696,1.0,True,False,False,21.1484432220459
259,1445.8424215071109,-0.11532846583356898,28.591160466309468,0.049340075344888,2.596134119554949,-1.2352512609114041,FOLLOW,19.13831784971603,30.944655748033984,1461.4339850672586,-2.085299923020735,32.491888535435685,1.0,True,False,False,20.75791358947754
260,1449.4378108947349,0.034845185586555694,28.986286486389844,0.03501494841143138,3.6462258183799445,-1.2471592663965363,FOLLOW,19.446240218223465,31.045494773655307,1465.2886617253344,-1.8463344600080334,32.597769512338076,1.0,True,False,False,20.956754684448242
261,1453.0933877387881,0.13362704196667863,29.495259192144633,0.019925289558672666,4.382540655631337,-1.2047234078703717,FOLLOW,19.72605250835045,31.181459921669084,1469.1638634030853,-1.6345977660219426,32.74053291775254,1.0,True,False,False,20.612239837646484
262,1456.8189496727202,0.1779509938141343,30.06959340356471,0.004853238583274508,4.737574711698124,-1.113369877742525,FOLLOW,19.968633805693344,31.35004802111389,1473.0620215444815,-1.449463067524075,32.91755042216958,1.0,True,False,False,20.688772201538086
263,1460.6182626198956,0.16854153076133144,30.66868744020838,-0.008795002071308575,4.792749572478357,-0.9787203421322431,FOLLOW,20.164141270850223,31.50539881954848,1476.9830909435705,-1.2891822805819675,33.0806687605259,1.0,True,False,False,21.164417266845703
264,1464.4908821793133,0.110995830537637,31.25753828721557,-0.02002320821890951,4.590187831301862,-0.8113624831420183,FOLLOW,20.30792887780808,31.658339382849896,1480.9261914977037,-1.1511883033219519,33.24125635199239,1.0,True,False,False,22.72629737854004
265,1468.4337129432631,0.013579602180948058,31.808581272927814,-0.028487405440995414,4.204740790400999,-0.6265903737520101,FOLLOW,20.39980265969689,31.815696907890974,1484.8906848390102,-1.0314458610953685,33.406481753285526,1.0,True,False,False,22.26853370666504
266,1472.440832768991,-0.11341720215680587,32.304380563442166,-0.03406355025829158,3.7201379510490398,-0.44060529788919967,FOLLOW,20.441599991552494,31.984333570449344,1488.8753129348156,-0.9250594433886503,33.58355024897181,1.0,True,False,False,23.342132568359375
267,1476.5053236572896,-0.25911580328500805,32.737374755082676,-0.03700157991173575,3.2094522215037005,-0.4088137877555735,FOLLOW,20.44317456859585,32.189535567421636,1492.8840073375868,-0.9510932435244043,33.79901234579272,1.0,True,False,False,21.677494049072266
268,1480.6202377796628,-0.41362654174564084,33.10920933870352,-0.03764114010183111,2.7444893698666157,-0.45052200738091014,FOLLOW,20.41397118067721,32.40757540008845,1496.9192948379668,-0.9465726360194866,34.02795417009287,1.0,True,False,False,22.286653518676758
269,1484.7795577286197,-0.5675727243148214,33.4300355743069,-0.03610142833092224,2.3885566997079772,-0.5261629757175508,FOLLOW,20.35956524190101,32.64936580864136,1500.9798030215638,-0.912942358351091,34.281834099073436,1.0,True,False,False,24.303674697875977
270,1488.9790705606551,-0.711569374358814,33.71782965626559,-0.03237324269788186,2.2027082425046336,-0.6061591742497685,FOLLOW,20.29439131559684,33.017633989866404,1505.0739490442165,-0.8499424714905224,34.66851568935972,1.0,True,False,False,21.600008010864258
271,1493.2170324286071,-0.8358279138351314,33.99495947503515,-0.02634280256700429,2.2005904620979733,-0.6637118175446737,FOLLOW,20.24048141085359,33.52754835929886,1509.2195519715087,-0.758188827249227,35.203925777263805,1.0,True,False,False,21.7130184173584
272,1497.4940239674124,-0.9298021169002636,34.280204592640985,-0.0178697438473249,2.319950509799172,-0.6947097010469799,FOLLOW,20.21066022143009,34.08965384178628,1513.4276926500372,-0.6392774728255635,35.794136533875594,1.0,True,False,False,22.30238914489746
273,1501.8121538246673,-0.9830147806944385,34.599750389569344,-0.007394575402823166,2.7134571585688407,-0.7433125681944667,FOLLOW,20.213580102626565,34.65857860082676,1517.707604070039,-0.4945669198864112,36.3915075308681,1.0,True,False,False,24.820327758789062
274,1506.1745219008249,-0.9898624916719859,34.96598814237887,0.003303781001427296,3.0679385591851545,-0.8025397573723414,FOLLOW,20.245234460623124,35.274682518576576,1522.0573882852905,-0.32679622289083887,37.0384166445054,1.0,True,False,False,21.806001663208008
275,1510.5841703502128,-0.9524311449669326,35.37484481501826,0.012718819187047219,3.3960165693088546,-0.8720069198427568,FOLLOW,20.311809276908434,35.91158096166758,1526.4863311777333,-0.13887510103350956,37.707160009750964,1.0,True,False,False,21.516084671020508
276,1515.045080610742,-0.8764155222451914,35.821696296163054,0.020542918386949743,3.679116855427042,-0.9298121330467359,FOLLOW,20.410747296522004,36.56218624406711,1530.9949176467348,0.06567114206850538,38.390295556270466,1.0,True,False,False,23.375511169433594
277,1519.56125474691,-0.7680534233745223,36.30119065693438,0.026735629259965872,3.921087433538877,-0.9949752790812199,FOLLOW,20.540075437493897,37.171878282317714,1535.5851560482358,0.15776994149087692,39.0304721964336,1.0,True,False,False,23.07295799255371
278,1524.1363651010101,-0.6340151311223864,36.807140866985655,0.0312544680967209,4.107287333267618,-1.0551579969094136,FOLLOW,20.685100518520585,37.66661419938904,1540.2463552654306,0.28877887089448606,39.549944909358494,1.0,True,False,False,20.948410034179688
279,1528.7734731941866,-0.4813472666552495,37.33102091197446,0.0340929720633743,4.215706051055723,-1.0969666284992776,FOLLOW,20.83300710546314,38.12088820060577,1544.9693722064733,0.44549198503347603,40.02693261063606,1.0,True,False,False,21.15011215209961
280,1533.474692609371,-0.31737405119868456,37.862780132974116,0.03527878086524296,4.24188945660763,-1.1070327097022181,FOLLOW,20.974354292294493,38.531230713144346,1549.7478274864811,0.6164343699284064,40.45779224880157,1.0,True,False,False,21.93140983581543
281,1538.2414802659605,-0.14962581520560403,38.401488621840954,0.03482732432092931,4.318578346248009,-1.100731021940586,FOLLOW,21.101475805681957,38.90880593585868,1554.576168415053,0.7925270011397536,40.85424623265162,1.0,True,False,False,22.685766220092773
282,1543.0754689300443,0.014033670379978685,38.94340940012488,0.032729258690721415,4.301227837212803,-1.0746156103291844,FOLLOW,21.21196980964578,39.347319188993275,1559.4534500756063,0.9673818318419296,41.31468514844294,1.0,True,False,False,21.186113357543945
283,1547.9782426407562,0.1655748930477738,39.50104558919346,0.02912491530150738,4.517238886348666,-1.026772866672246,FOLLOW,21.314888176282466,39.873103606279216,1564.3903571063267,1.1363006982849613,41.86675878659318,1.0,True,False,False,23.134231567382812
284,1552.9521131457004,0.29899211220886845,40.060691705768114,0.024820226380819706,4.3548130957631965,-0.973003215559086,FOLLOW,21.414392384280745,40.36468054089382,1569.392635025037,1.2964428297284014,42.38291456793851,1.0,True,False,False,21.892547607421875
285,1557.9938612878177,0.4128501798067457,40.570863038531016,0.020709389316229804,3.736164122315563,-0.910852295654752,FOLLOW,21.500841449018935,40.85721546810782,1574.4529545947194,1.4457915694780006,42.90007624151321,1.0,True,False,False,21.125316619873047
286,1563.092780891797,0.508161409701494,40.96385380528348,0.01701592743134538,2.526736313519847,-0.8262871594497174,FOLLOW,21.587559397719588,41.47891627503736,1579.5814206855373,1.5832279718769797,43.55286208878923,1.0,True,False,False,23.697614669799805
287,1568.2300777797068,0.5864922690056673,41.199061184360254,0.013786360362164152,1.6732148735757515,-0.7302973937370922,FOLLOW,21.6984549585859,42.167591411203304,1584.791235850383,1.708528654807404,44.27597098176347,1.0,True,False,False,24.766206741333008
288,1573.3952455632982,0.6499248471932138,41.43078396955647,0.011052101661023443,1.8337453679341036,-0.6234108278521985,FOLLOW,21.859648948902077,42.90901131992741,1590.0897267286089,1.8218376974116455,45.05446188592378,1.0,True,False,False,20.557880401611328
289,1578.5870851455363,0.7008061669361256,41.60304890146469,0.008774412174291979,0.8698403478249833,-0.5470743735763284,FOLLOW,22.085300160791803,43.635034394679806,1595.48054572409,1.9236508671402224,45.8167861144138,1.0,True,False,False,20.791053771972656
290,1583.7943762682405,0.7410874213641029,41.707474211358175,0.006887169386186898,0.9856792779883733,-0.48442881944925975,FOLLOW,22.371822343563736,44.296685547752254,1600.9589074891,2.0146420131281495,46.51151982513987,1.0,True,False,False,23.90122413635254
291,1589.018116001237,0.7726504726842746,41.8700415014045,0.005359470206460619,1.3806051504076842,-0.42996203840443575,FOLLOW,22.72149992543632,44.86685170018127,1606.5158761936768,2.0955229135404445,47.11019428519034,1.0,True,False,False,21.251440048217773
292,1594.26262114808,0.7972576438604064,42.03636145866954,0.004153126221104436,1.477172662750957,-0.3882135510926131,FOLLOW,23.12157848914626,45.35023731657269,1612.1396944903834,2.1669589566974805,47.617749182401326,1.0,True,False,False,20.678281784057617
293,1599.5290247949729,0.81630846186467,42.20723360794321,0.0031719909221868486,1.0509673343384358,-0.351425058357307,FOLLOW,23.56101821064476,45.841959705948064,1617.8236393587247,2.229593497295266,48.13405769124547,1.0,True,False,False,20.336151123046875
294,1604.8114561739885,0.8305977765390767,42.30469693303057,0.002308009702831765,0.9509694274714735,-0.3206352959419489,FOLLOW,24.042554612774666,46.367818823876114,1623.5715794077475,2.284050183636503,48.68620976506992,1.0,True,False,False,21.210908889770508
295,1610.1111873902357,0.8405950940634089,42.50638793447707,0.0015270513422973161,2.0795291066682546,-0.29245875904752244,FOLLOW,24.57212345736548,46.85862342149099,1629.383579631354,2.3309943908139807,49.20155459256554,1.0,True,False,False,20.195722579956055
296,1615.442077868122,0.8467253956915667,42.76701621591355,0.0008309774489560788,1.7960867031966623,-0.2608527338833474,FOLLOW,25.14498422393035,47.34427684598696,1635.256171614166,2.4960678177832785,49.71149068828631,1.0,True,False,False,20.84660530090332
297,1620.7982731394115,0.849403226992743,42.89093626637997,0.0002192743913252376,0.30576542731427003,-0.23092936567104427,FOLLOW,25.746034995314403,47.779667856282366,1641.1881128634363,2.6236406093887763,50.168651249096484,1.0,True,False,False,20.749807357788086
298,1626.162772247874,0.8490229243021062,42.94897870334369,-0.00031682314288399244,0.6992720475444857,-0.20302610955913108,FOLLOW,26.369704000443335,48.10944153074184,1647.1679771398549,2.7221164670116993,50.514913607278935,1.0,True,False,False,20.229816436767578
299,1631.5379461539164,0.8459659638316093,43.05444697505324,-0.0007809988682322836,0.9607579646109652,-0.1758421974844436,FOLLOW,27.025682821658165,48.419738616697906,1653.1884550695322,2.7979193228909174,50.840725547532806,1.0,True,False,False,20.260334014892578
300,1636.9297839636142,0.8405905242660152,43.23252018343866,-0.001178816926287293,2.092346312208874,-0.15161797916457542,FOLLOW,27.70481033770193,48.63226450259244,1659.2427564916184,2.8559802550967572,51.063877727722065,1.0,True,False,False,20.653486251831055
301,1642.3545765776576,0.8332035261096704,43.56306368917917,-0.001514680398556068,2.8246244022540505,-0.1282787831514044,FOLLOW,28.389827573181492,48.77010278804697,1665.3196115367957,2.9001027977190708,51.20860792744932,1.0,True,False,False,20.791292190551758
302,1647.8220466970677,0.8240837003098468,43.89508182358931,-0.0017976782569418888,2.6388119531393546,-0.10966029861210497,FOLLOW,29.05642524029281,48.86826549586893,1671.4110018179504,2.9332408820908746,51.31167877066238,1.0,True,False,False,20.624399185180664
303,1653.3341064994208,0.8134581315508953,44.30584650327909,-0.002037924124108858,3.8505970425109175,-0.09301668499372662,FOLLOW,29.692145008163834,48.95179178693899,1677.5141917052315,2.9576975152617844,51.399381376285945,1.0,True,False,False,20.84517478942871
304,1658.9056503417062,0.8014954419593349,44.826114059482755,-0.002239603248029,4.369998135537882,-0.07720509534360986,FOLLOW,30.29282320053835,49.02578873326686,1683.6269296999592,2.9752801261912127,51.4770781699302,1.0,True,False,False,25.630474090576172
305,1664.5464963109337,0.7883497753334319,45.419968968277836,-0.002408175338674774,5.151049035187394,-0.06366790471043748,FOLLOW,30.84355053875197,49.09982136962654,1689.7492008804581,2.9874129971355012,51.55481243810787,1.0,True,False,False,25.216341018676758
306,1670.2676366296405,0.7741634663258355,46.10526334757241,-0.002536596547216849,5.75967023573577,-0.0446436376601689,FOLLOW,31.332789361814775,49.14790862348239,1695.8792856727484,2.9952333306608256,51.60530405465651,1.0,True,False,False,20.61319351196289
307,1676.0792341495096,0.7591326124995932,46.86703543474287,-0.0026285980809896913,6.343489392696954,-0.030225170494543686,FOLLOW,31.747871795402716,49.208587878097,1702.0155084250432,2.9996683808679263,51.66901727200185,1.0,True,False,False,22.295713424682617
308,1681.9898347749654,0.7433849544305132,47.6736403356354,-0.002692467406044095,6.496655139653294,-0.01723071138917283,FOLLOW,32.080756890871044,49.270591783036906,1708.1599910403806,3.001477281732158,51.73412137218875,1.0,True,False,False,21.616697311401367
309,1688.0019262024769,0.7270509226361258,48.48095206919189,-0.002736487468983277,6.36500333112378,-0.0069042070399775845,FOLLOW,32.32121568992625,49.31982643383405,1714.3110504648917,3.0012834151899273,51.785817755525756,1.0,True,False,False,20.550251007080078
310,1694.1130680471792,0.71022689073205,49.25026760387008,-0.0027644841781802763,5.914176709031708,0.0025186308202501655,FOLLOW,32.4670708765334,49.38336806731015,1720.4689970790103,2.99960488140128,51.85253647067566,1.0,True,False,False,20.631074905395508
311,1700.3161132942457,0.6930495589784202,49.94830517411424,-0.0027686951023984134,5.248687886201744,0.010628744425451812,FOLLOW,32.521999758844004,49.45095170654024,1726.6350678060232,2.9968755321259017,51.92349929186725,1.0,True,False,False,20.662307739257812
