step,s,n,V,chi,ax,ay,mode,gap,opp_V,speed_cap,speed_scale,planner_ok,collision,ot_ready,t_plan_ms
0,56.23136666800719,-0.0018508142734744199,49.597994357877354,-0.0008238424712123558,-5.65819154293716,-0.6042061422902368,FOLLOW,50.0,42.0,44.1,1.0,True,False,False,65.14120101928711
1,62.38253708998389,-0.01288157955128983,48.8491184482808,-0.0028248485386267288,-6.086706030500207,-0.9367315523222886,FOLLOW,51.01648549418933,58.15523099727062,61.06299254713416,1.0,True,False,False,53.394317626953125
2,68.44720188064342,-0.038083706718234335,48.27682918098389,-0.005438833237406682,-3.2236897977189014,-1.0735766896056729,FOLLOW,52.123747384699875,58.18083149889854,61.08987307384347,1.0,True,False,False,35.71152687072754
3,74.46416114949207,-0.07943775727946381,48.071583714277516,-0.008162325210480402,-0.27026273641632326,-1.0162590114995007,FOLLOW,53.314164757461924,58.08070097993218,60.98473602892879,1.0,True,False,False,27.5418758392334
4,80.47855745215597,-0.13623002526956907,48.214292779775086,-0.010513400639450362,2.3298490417490134,-0.7954519187847543,FOLLOW,54.53145481345689,57.82707052241101,60.71842404853157,1.0,True,False,False,29.8764705657959
5,86.53020269250683,-0.2058109365262137,48.64273446369301,-0.012294215552818653,4.320342438690003,-0.576917408504364,FOLLOW,55.7099167041151,57.40330951836432,60.27347499428254,1.0,True,False,False,31.343460083007812
6,92.6496632415122,-0.2854708440116746,49.27539543486529,-0.013603334824554824,5.6337765308506285,-0.4282283295325118,FOLLOW,56.789689142518796,56.79970524896184,59.63969051140994,1.0,True,False,False,39.26682472229004
7,98.85704723325013,-0.37351522265035986,50.02933988724007,-0.014687743649218241,6.3038168842645605,-0.39398040290139996,FOLLOW,57.714591303146534,56.00517868940105,58.80543762387111,1.0,True,False,False,31.140804290771484
8,105.16260816173386,-0.4695119708430395,50.83244098556089,-0.015687857426424714,6.4576529003455985,-0.36576163577151155,FOLLOW,58.44370050356987,55.02782735530798,57.77921872307338,1.0,True,False,False,29.59442138671875
9,111.56850531584973,-0.5732543022978066,51.62662901249327,-0.016639948573755607,6.194398805969797,-0.3589702718039502,FOLLOW,58.94371860163545,53.8673703881595,56.560738907567476,1.0,True,False,False,32.38081932067871
10,118.07021302977527,-0.684138673413208,52.36103847221993,-0.0173497377432385,5.533096624296484,-0.1849834369775273,FOLLOW,59.18686435421978,52.536553973830316,55.16338167252184,1.0,True,False,False,29.737472534179688
11,124.65469110575125,-0.7997890564335829,52.93652846944678,-0.017698596144126652,3.777361418860355,-0.0518009402328998,FOLLOW,59.15839527391164,51.05835170198803,53.61126928708743,1.0,True,False,False,26.6876220703125
12,131.25591807264578,-0.9174538509019085,52.6140420798666,-0.01794406482459547,-3.2403269383125237,-0.07410835078449293,FOLLOW,58.85708904795527,49.45017516207197,51.92268392017557,1.0,True,False,False,34.84177589416504
13,137.80105859058904,-1.0353028372008373,52.13267530100387,-0.01798617824270781,-4.19155653189448,0.10325074546198099,FOLLOW,58.33406598128752,47.73770380640311,50.12458899672327,1.0,True,False,False,38.75398635864258
14,144.27559921535325,-1.1499743087144416,51.47635569898253,-0.017293435022791043,-5.938763310740936,0.5128198355025779,FOLLOW,57.649984864262365,45.949956019046766,48.24745381999911,1.0,True,False,False,29.648542404174805
15,150.65291868819838,-1.2546275903765305,50.580974134430356,-0.015368850663277325,-7.9743684864820406,1.083473861118609,FOLLOW,56.811155274751286,44.118694718304546,46.324629454219775,1.0,True,False,False,29.68764305114746
16,156.9003074602387,-1.3405880351694281,49.39769088113158,-0.01207273441985016,-10.423785189196419,1.5794170461401027,FOLLOW,55.84107625199778,42.27698235272601,44.39083147036231,1.0,True,False,False,48.46048355102539
17,162.98335352633433,-1.4003837760950473,47.973911856952284,-0.007580577527325541,-11.929604901622579,1.957292376045416,FOLLOW,54.77529485292936,40.456112165814474,42.4789177741052,1.0,True,False,False,29.345035552978516
18,168.87885543983742,-1.4289992223098196,46.399638112254905,-0.002174056269277423,-12.899889748574537,2.174755987973899,FOLLOW,53.64895396933713,38.693452360269205,40.62812497828267,1.0,True,False,False,30.362844467163086
19,174.5708236838751,-1.4241880755100222,44.73023713783876,0.003702416134660179,-13.49002855732609,2.1763069956839463,FOLLOW,52.49237550570828,37.02635015744042,38.877667665312444,1.0,True,False,False,30.423641204833984
20,180.04793009982774,-1.387168837714549,42.989034709910335,0.009488964424400219,-14.0292770226317,1.9704659182531845,FOLLOW,51.336423268609195,35.48640785455755,37.26072824728543,1.0,True,False,False,36.580801010131836
21,185.30337472321915,-1.3227993807724072,41.22175909516287,0.014539074938036023,-13.979985534125477,1.5460517182061133,FOLLOW,50.210087074033254,34.11672869182885,35.822565126420294,1.0,True,False,False,29.817819595336914
22,190.33899354972618,-1.2379805552130416,39.50062977360656,0.018761455420734402,-13.379907388071832,1.2674878570586319,FOLLOW,49.14008691614006,32.928944945405476,34.57539219267575,1.0,True,False,False,27.25815773010254
23,195.1652655348323,-1.1374944938867118,37.88664389796037,0.022569384408085817,-12.354576708087302,1.125888931713847,FOLLOW,48.141813928923426,31.890735687144794,33.485272471502036,1.0,True,False,False,24.658918380737305
24,199.7971765460502,-1.0237841210638698,36.38374015021999,0.02624979052263821,-11.5772208459465,1.0489453408786242,FOLLOW,47.2235980814138,30.951911827704524,32.49950741908975,1.0,True,False,False,29.499053955078125
25,204.2490070855165,-0.898275595993467,35.00574681554426,0.029853873647362854,-10.427140519930717,0.9655001807877335,FOLLOW,46.36862222084471,30.137904706945427,31.6447999422927,1.0,True,False,False,24.211406707763672
26,208.53858175314704,-0.7621370457458886,33.775849632619774,0.03335299875565415,-9.228602978986643,0.8865184823731622,FOLLOW,45.57616194962412,29.466026565456755,30.939327893729594,1.0,True,False,False,26.037216186523438
27,212.68469586329215,-0.6165054753242791,32.69636040422636,0.03662585190491428,-8.027232838915856,0.7624154782758414,FOLLOW,44.84537435994301,28.927619760310158,30.374000748325667,1.0,True,False,False,25.576353073120117
28,216.70606414955887,-0.4630189350555851,31.7660783967945,0.03943785454631808,-6.840803479918367,0.5816541991483106,FOLLOW,44.16373330361958,28.510584327968694,29.936113544367128,1.0,True,False,False,23.863554000854492
29,220.62072071313793,-0.30418307305774894,30.974305959640652,0.04140890826792139,-5.786948361786526,0.29535578283565556,FOLLOW,43.517189893388945,28.207011329209525,29.61736189567,1.0,True,False,False,25.82526206970215
30,224.445142584531,-0.1439021521610523,30.321195182708607,0.04207051533940946,-4.641612591148719,-0.08178087606222617,FOLLOW,42.92684699518986,28.00965628733776,29.410139101704647,1.0,True,False,False,26.045560836791992
31,228.19722928587876,0.012572156053370392,29.816060114427234,0.0410042273063633,-3.4609876902667427,-0.528621391604349,FOLLOW,42.47269281701162,27.894373330036288,29.289091996538104,1.0,True,False,False,26.622533798217773
32,231.89622917064145,0.1590935381516465,29.46208086275843,0.03799068494208008,-2.270730640878517,-0.9818228716651025,FOLLOW,42.24839123177324,27.84563919328304,29.237921152947195,1.0,True,False,False,23.612499237060547
33,235.5608318732851,0.2899231763075235,29.245671981556665,0.03345474015695687,-1.288689737002813,-1.2082148910983508,FOLLOW,42.27264846993302,27.84624979307348,29.238562282727155,1.0,True,False,False,23.477554321289062
34,239.2062967691855,0.4022134112468698,29.132377498053437,0.02848710645358744,-0.6253723320184192,-1.0955652212046907,FOLLOW,42.485605810256004,27.878279451498734,29.272193424073674,1.0,True,False,False,23.518800735473633
35,242.8423808034425,0.49815044104313566,29.07300454070211,0.024956059213970185,-0.39040797242178105,-0.44594466189278403,FOLLOW,42.82405877704488,27.9277742339368,29.32416294563364,1.0,True,False,False,24.814367294311523
36,246.4723684386105,0.5874076738736584,29.02127643462278,0.025045081965807837,-0.47450565380574,0.6856446852317875,FOLLOW,43.244764828718814,27.989527781818317,29.389004170909235,1.0,True,False,False,23.63419532775879
37,250.0942616462264,0.6865727939584264,28.939282471731307,0.030463427070639763,-0.8431815086171439,2.161169821897545,FOLLOW,43.7124157456642,28.062519606181986,29.465645586491085,1.0,True,False,False,23.868322372436523
38,253.70153681036783,0.8175132752705234,28.798052712068234,0.04261520929050607,-1.3958604483918828,3.9193277656135246,FOLLOW,44.20828851517717,28.145128321242314,29.552384737304433,1.0,True,False,False,23.735523223876953
39,257.2856598039132,1.0043328949866421,28.58011711338926,0.06102316943939175,-2.0471249542820606,5.854852089900006,FOLLOW,44.71598499744431,28.23529544487832,29.647060217122238,1.0,True,False,False,23.557186126708984
40,260.84606781155253,1.25557136697917,28.278438344526663,0.07769667919051808,-2.71572977058579,7.863643605716032,FOLLOW,45.221867842320705,28.35126632783533,29.768829644227097,1.0,True,False,False,24.10721778869629
41,264.39936367788874,1.5378646540026673,27.902363597317443,0.07931573221479297,-3.23929314909939,9.789445556703786,FOLLOW,45.69882776242321,28.528183872580957,29.954593066210006,1.0,True,False,False,23.95343780517578
42,267.96827980687385,1.7797343662006044,27.472123378853446,0.05788694361317413,-3.587288223218425,11.566541639237842,FOLLOW,46.101737686717456,28.777787232551322,30.21667659417889,1.0,True,False,False,24.106264114379883
43,271.5486016695387,1.9084561706572531,27.014862029335166,0.018777409454126856,-3.67869345335947,13.197401074776442,FOLLOW,46.38154952011888,29.0990075173538,30.553957893221494,1.0,True,False,False,24.928569793701172
44,275.09525327902185,1.8971959575166073,26.56657089247871,-0.02098397896100391,-3.456205925429738,14.472169351409297,FOLLOW,46.50091280730237,29.498651388845165,30.973583958287424,1.0,True,False,False,23.029088973999023
45,278.5699872405008,1.7722411917143732,26.1710282084799,-0.05049148584211967,-2.8745162100981405,15.164362336841222,FOLLOW,46.53408824413265,29.957833924007264,31.45572562020763,1.0,True,False,False,23.02098274230957
46,281.97109136596043,1.5691356042554592,25.870695000482648,-0.07141015996884945,-2.0079821476069286,15.480829129223363,FOLLOW,46.61761011756289,30.484827610485507,32.009068991009784,1.0,True,False,False,23.079395294189453
47,285.3106013538704,1.3113912434526438,25.674413080533903,-0.08625929602231494,-1.248194209733147,16.002897290005052,FOLLOW,46.8538409480127,31.104049327236105,32.65925179359791,1.0,True,False,False,25.998353958129883
48,288.6000242386957,1.0183506521453505,25.561375092245065,-0.09510711277108898,-0.632095882855464,16.655561755782852,FOLLOW,47.292225570233256,31.801560156332606,33.391638164149235,1.0,True,False,False,22.906780242919922
49,291.84969653671743,0.7062909808960565,25.515753832523576,-0.09959617743319643,-0.15196850312388527,17.05816739364596,FOLLOW,47.93178599702924,32.51872408320291,34.14466028736306,1.0,True,False,False,26.266813278198242
50,295.0685012590012,0.38487476147022165,25.52796958835405,-0.10179695794625496,0.29583180221468053,17.163933160432762,FOLLOW,48.72678899424187,33.163288078878615,34.82145248282255,1.0,True,False,False,25.610685348510742
51,298.26399791007475,0.05708085799235885,25.594874983905452,-0.103683843801279,0.7149192443828399,17.04264430667443,FOLLOW,49.64623976212977,33.69975856728684,35.384746495651186,1.0,True,False,False,23.67544174194336
52,301.44195125262013,-0.28022422377021905,25.71359502905876,-0.10689030242538508,1.1642975029768143,16.938451176837336,FOLLOW,50.667144079067384,34.1639385197535,35.87213544574118,1.0,True,False,False,25.84552764892578
53,304.60777098649623,-0.6316576112136042,25.89403285415028,-0.1110525503072175,1.6604147628472155,16.977620234731077,FOLLOW,51.766001885539254,34.66072080831783,36.39375684873373,1.0,True,False,False,25.920629501342773
54,307.7668793225113,-1.001413292067955,26.133108716263962,-0.11635915393096485,2.1106539752322746,16.936258554825,FOLLOW,52.946995104802795,35.25978598737441,37.022775286743126,1.0,True,False,False,27.928590774536133
55,310.9235753444627,-1.3952909826166797,26.434758901653346,-0.12339765230623338,2.648326240161442,16.86510274585154,FOLLOW,54.214156835385495,35.90551458567165,37.700790314955235,1.0,True,False,False,25.804996490478516
56,314.081077846869,-1.8220020336236,26.80427744916406,-0.13288413158758824,3.1996591806509183,16.82684246913762,FOLLOW,55.56406822020881,36.5185901881142,38.344519697519914,1.0,True,False,False,25.127410888671875
57,317.24685840685174,-2.289633539984189,27.241122005203316,-0.1428771390094237,3.705419597151587,16.782553197967715,FOLLOW,56.988219737921895,37.07956174777829,38.93353983516721,1.0,True,False,False,27.085304260253906
58,320.44934691746903,-2.788551922524745,27.720988887918594,-0.14555434188144425,3.9258683910611563,16.381794565669697,FOLLOW,58.47548391414182,37.63486346274478,39.51660663588202,1.0,True,False,False,25.172710418701172
59,323.74264210393994,-3.2767949285118574,28.250530088997767,-0.1321189213281989,4.579420297373691,15.250888951159048,FOLLOW,59.994036381142735,38.13239401520368,40.03901371596387,1.0,True,False,False,25.61211585998535
60,327.18604843263427,-3.690518476144421,28.889273628969118,-0.09963117481224315,5.492543505173738,13.629669412674323,FOLLOW,61.48216943735861,38.57295460187685,40.501602331970695,1.0,True,False,False,24.40619468688965
61,330.7992273452835,-3.969243291074832,29.603471959342713,-0.05503111616476557,5.805462844319967,11.577385117359395,FOLLOW,62.871400376593556,38.92813867287349,40.87454560651717,1.0,True,False,False,25.22587776184082
62,334.544360267365,-4.08693265661877,30.30738777618499,-0.011382992028348665,5.381629439771952,9.46215761592698,FOLLOW,64.13267433857311,39.20188144028819,41.161975512302604,1.0,True,False,False,25.742530822753906
63,338.3777828072272,-4.057128850182134,30.94214154444835,0.023786213914260133,4.874380117458968,7.464113956975146,FOLLOW,65.29410345263062,39.427002540501235,41.3983526675263,1.0,True,False,False,25.232791900634766
64,342.2859536822408,-3.907553638492386,31.612702568562362,0.05010780453699652,5.927967953498275,5.639029220575024,FOLLOW,66.39424553040749,39.610542649892594,41.59106978238722,1.0,True,False,False,24.933815002441406
65,346.28012520379065,-3.665811599877956,32.401281655294945,0.0684575134277379,6.515943273211942,3.987740573955904,FOLLOW,67.44095292717145,39.753570379212334,41.741248898172955,1.0,True,False,False,25.658607482910156
66,350.3689925643991,-3.3581577250784207,33.199140277521046,0.07979261757719029,6.1695590303430325,2.507912237064679,FOLLOW,68.41813908490298,39.884198847544425,41.87840878992165,1.0,True,False,False,25.772809982299805
67,354.54911313153735,-3.0094083130013565,33.917387214285654,0.0852374373433495,5.473857542320559,1.1909804190135453,FOLLOW,69.3166648374405,40.02688858695463,42.02823301630236,1.0,True,False,False,25.105953216552734
68,358.8163519825123,-2.6410183398426166,34.627063417224406,0.08609761035171093,5.908561595445628,0.031658948644467166,FOLLOW,70.14220388183509,40.20703079924908,42.21738233921154,1.0,True,False,False,26.32904052734375
69,363.17665856320514,-2.2696075405829705,35.36728247464749,0.08343010250328128,5.806866635058075,-0.9659233542306861,FOLLOW,70.90349608968023,40.426329895166226,42.44764638992454,1.0,True,False,False,25.987625122070312
70,367.6287348079674,-1.9095111878889808,36.043970986560296,0.07793722209759632,4.989875046189921,-1.8439140413493327,FOLLOW,71.5995434513701,40.69798043898152,42.7328794609306,1.0,True,False,False,25.62570571899414
71,372.16294501901535,-1.5736658024859305,36.66021096756491,0.07020301265684867,5.1312562713881595,-2.582023966716563,FOLLOW,72.23945763068224,41.04678924895917,43.09912871140713,1.0,True,False,False,25.594234466552734
72,376.78035259715386,-1.2721270484232348,37.32051212514513,0.060720076353962725,5.311207823427359,-3.192392002357821,FOLLOW,72.84248685864543,41.46024491763006,43.533257163511564,1.0,True,False,False,26.016712188720703
73,381.4822090302947,-1.0136695250180265,37.954606486297095,0.049754973906114,4.865532471421428,-3.6768016145787743,FOLLOW,73.4138614711527,41.90105403270142,43.99610673433649,1.0,True,False,False,26.305675506591797
74,386.2637874481496,-0.8066044405302787,38.58246133905565,0.03760266741147532,5.422089674301396,-4.022886496077263,FOLLOW,73.9543757205069,42.34165675307912,44.45873959073308,1.0,True,False,False,23.241281509399414
75,391.13310188761636,-0.6570781274774223,39.32273930005154,0.024720601135432244,6.279092396062743,-4.243517767703722,FOLLOW,74.46729546458573,42.75928013336048,44.897244140028505,1.0,True,False,False,23.750782012939453
76,396.1021050358449,-0.5693555385812681,40.14111431791125,0.011587031092511718,6.7090744088144385,-4.32356376868568,FOLLOW,74.93949222433889,43.13212099943531,45.28872704940708,1.0,True,False,False,24.584054946899414
77,401.17654686571274,-0.5461089618219396,40.99266739093438,-0.0014177259003275103,6.8403516450684245,-4.303609405065871,FOLLOW,75.35426678453746,43.45038783879091,45.622907230730455,1.0,True,False,False,24.074077606201172
78,406.3573602516954,-0.588449908729484,41.84327050347343,-0.013935166967652648,6.726187071958846,-4.145894535733105,FOLLOW,75.70328614443343,43.70736634108897,45.89273465814342,1.0,True,False,False,24.26743507385254
79,411.6417617510974,-0.6954092996060445,42.66537543106617,-0.02559618837536627,6.396154933103664,-3.8514608779813684,FOLLOW,75.97801601218521,43.90076168401226,46.09579976821288,1.0,True,False,False,23.374080657958984
80,417.02352247168903,-0.8636096653033708,43.42705652509281,-0.03600091376690295,5.791288790237167,-3.3862046695686567,FOLLOW,76.16591790532487,44.0339117194486,46.23560730542103,1.0,True,False,False,23.71811866760254
81,422.4932347414896,-1.0868599956372118,44.110701178881044,-0.04477491517294195,5.14889208707351,-2.7775817568879844,FOLLOW,76.24337582871203,44.11294375848196,46.31859094640606,1.0,True,False,False,24.05858039855957
82,428.04047912084314,-1.3563150097077659,44.70496063549668,-0.051557218028143115,4.377146322567242,-2.005267264819406,FOLLOW,76.17739411335805,44.15024377624076,46.357755965052796,1.0,True,False,False,24.002552032470703
83,433.6537880611345,-1.6601264841599284,45.203561938960924,-0.0558930100781422,3.6185013217322735,-1.022800500035605,FOLLOW,75.98370778935134,44.15658922813701,46.36441868954386,1.0,True,False,False,33.41507911682129
84,439.32159365337276,-1.9831672831859262,45.59944206296945,-0.057357424337531715,2.7541670121195847,0.11254077666597206,FOLLOW,75.7356199226428,44.14170500768847,46.348790258072896,1.0,True,False,False,23.192405700683594
85,445.03174760139734,-2.3074975327308334,45.89280489701523,-0.05555736688281495,1.9801055907031362,1.421626271518689,FOLLOW,75.53700620188187,44.114505409908126,46.32023068040353,1.0,True,False,False,26.93963050842285
86,450.77294049221996,-2.6125424149466117,46.087728128040425,-0.05012146510693988,1.191352398871329,2.8591647536421716,FOLLOW,75.46111986000847,44.08410856732986,46.28831399569635,1.0,True,False,False,24.261951446533203
87,456.5340076340908,-2.875636459308768,46.18971666119926,-0.04074743042460402,0.5098917618836492,4.407306874484387,FOLLOW,75.49229028491663,44.0579611972614,46.26085925712447,1.0,True,False,False,23.530960083007812
88,462.30492317129773,-3.072521235671562,46.216894524691845,-0.027155353052412016,0.018732813348480593,6.050838269030226,FOLLOW,75.59952117143814,44.0417320204837,46.243818621507884,1.0,True,False,False,24.142980575561523
89,468.0786098832525,-3.1776877139280355,46.210365173273985,-0.009070298069355956,-0.08368530353642577,7.764551523619584,FOLLOW,75.75582514559045,44.03973720775391,46.24172406814161,1.0,True,False,False,24.459362030029297
90,473.85385363039995,-3.1630658014019684,46.195836994778865,0.014387252242975334,-0.1248300490375916,9.51780722214404,FOLLOW,75.93385639779012,44.05535036902206,46.25811788747316,1.0,True,False,False,26.31998062133789
91,479.63073869540335,-2.9934994541841453,46.18839509110773,0.04452825803777065,-0.006412983416272555,11.3011617620071,FOLLOW,76.10248682714985,44.09981686797429,46.30480771137301,1.0,True,False,False,25.516986846923828
92,485.4041829227895,-2.629207377934879,46.198295698023216,0.0816444152333853,0.14140590798869007,13.07474139364631,FOLLOW,76.23094121032398,44.17972802307472,46.38871442422846,1.0,True,False,False,26.738882064819336
93,491.1627442255016,-2.030831430305994,46.22775427977319,0.12530941657379008,0.3039170078823141,14.797984239342295,FOLLOW,76.28666312576416,44.29285294915217,46.50749559660978,1.0,True,False,False,23.516416549682617
94,496.8826072379647,-1.1753485573527214,46.27947818751046,0.1684635389354218,0.49198495502304573,16.404130629169607,FOLLOW,76.23007396825659,44.45217804178925,46.674786943878715,1.0,True,False,False,25.928735733032227
95,502.5636556328681,-0.11351372413838612,46.34690174546856,0.19553468099206786,0.5654531486460843,17.784927474776246,FOLLOW,76.10114684686818,44.69170439355962,46.9262896132376,1.0,True,False,False,24.979829788208008
96,508.271229819156,1.0390807586990805,46.430398816017636,0.20025281654544194,0.7458796284769234,19.196603189633144,FOLLOW,75.97993639832129,45.011837268082324,47.26242913148644,1.0,True,False,False,25.63953399658203
97,514.0984014282989,2.147525613604766,46.540673868185,0.17961334806872947,0.988056149262876,20.471999200872652,FOLLOW,75.87081973843397,45.39541887168348,47.66518981526766,1.0,True,False,False,29.08921241760254
98,520.1136258978115,3.067201818601422,46.6808984775457,0.13711933665606876,1.2214381244661716,21.220712052560753,FOLLOW,75.71562982355272,45.8195441070577,48.11052131241059,1.0,True,False,False,25.284767150878906
99,526.2763713684586,3.7247928214135895,46.851943335737815,0.09107359206200297,1.472259046846359,21.443342247759386,FOLLOW,75.43937348594909,46.25947667164676,48.5724505052291,1.0,True,False,False,25.793075561523438
100,532.5303405707838,4.1230684959187895,47.05491959004744,0.04756049328694019,1.7523622094640614,21.615596783781886,FOLLOW,75.06734835114128,46.69258520523482,49.02721446549656,1.0,True,False,False,25.664329528808594
101,538.8408586608525,4.27503853099584,47.29138739464501,0.006537566957827798,1.9895625847335092,21.65285399764859,FOLLOW,74.65010946550126,47.099423129672,49.4543942861556,1.0,True,False,False,23.40865135192871
102,545.1797300052802,4.187735729533988,47.55269058137147,-0.03386564172380393,2.1585414824760893,21.16947171047707,FOLLOW,74.22395390873544,47.46434547584709,49.837562749639446,1.0,True,False,False,25.623321533203125
103,551.520857056551,3.8583533985620533,47.842461648352156,-0.07440012409250683,2.455219308090811,21.28319436483356,FOLLOW,73.8171759356652,47.776329294846384,50.165145759588704,1.0,True,False,False,25.429725646972656
104,557.8386052828823,3.282885853801834,48.16212984944108,-0.11578318432504482,2.6223206425782997,20.916244675870015,FOLLOW,73.44778253118989,48.02944285488287,50.43091499762702,1.0,True,False,False,25.222063064575195
105,564.0958406759997,2.4506905740393385,48.50142066558761,-0.1576069411351791,2.7676648807881152,20.15605652793339,FOLLOW,73.12970031148325,48.22301186311383,50.63416245626953,1.0,True,False,False,27.483224868774414
106,570.2401950065533,1.3984206523196379,48.85906616527167,-0.1839529000078288,2.946579733092095,19.364163459228934,FOLLOW,72.89447634063652,48.36109383877206,50.779148530710664,1.0,True,False,False,25.82097053527832
107,576.3074677172447,0.2667188694109983,49.2343169491719,-0.18249977954238567,3.016975366284972,18.175467974491642,FOLLOW,72.80519730866683,48.451370097114435,50.87393860197016,1.0,True,False,False,26.43728256225586
108,582.3949502208144,-0.7800474402163289,49.606840610199,-0.15485084195371834,2.9128929364354437,16.508478627089374,FOLLOW,72.84757748610366,48.50375132822074,50.92893889463178,1.0,True,False,False,28.311729431152344
109,588.5807292718865,-1.5877111889187252,49.9559642102843,-0.10526133495665096,2.6555739676967436,14.351122455114929,FOLLOW,72.9536510853087,48.52902114910626,50.95547220656158,1.0,True,False,False,26.128768920898438
110,594.8597785364718,-2.0730028875897784,50.26006753876325,-0.05461694748521566,2.213212863067058,11.849565701144416,FOLLOW,73.0339701067902,48.5373809071942,50.96424995255391,1.0,True,False,False,26.102066040039062
111,601.1760366597694,-2.290066943045902,50.50703417513695,-0.019250198000434635,1.7506159074161076,9.038440134877623,FOLLOW,73.03921713372063,48.536869748227005,50.96371323563836,1.0,True,False,False,25.923728942871094
112,607.5014355845431,-2.341475112489924,50.69342489101441,-0.0010353482614504535,1.2554581174782926,6.046416838296088,FOLLOW,72.99820241719863,48.53248581161801,50.95911010219891,1.0,True,False,False,26.340007781982422
113,613.8287185403938,-2.3311113019554974,50.8187867608982,0.0020240770167525945,0.7844140868835816,2.9438643579806003,FOLLOW,72.9248942732246,48.53003910662048,50.956541061951505,1.0,True,False,False,23.54907989501953
114,620.1648772224084,-2.3338726049237892,50.88343318658286,-0.0037819543440465527,0.30696552699455465,-0.1455003049660406,FOLLOW,72.8383712202916,48.53457367271224,50.96130235634786,1.0,True,False,False,26.65877342224121
115,626.5076335900543,-2.396211109952045,50.90593864674248,-0.01634196907120934,0.08851745918968024,-3.314580679834981,FOLLOW,72.7548104810802,48.5487203752949,50.97615639405964,1.0,True,False,False,26.467084884643555
116,632.8525101862662,-2.5603629681929654,50.91109440378197,-0.035134644027052755,0.0071534006385054055,-6.342404159105309,FOLLOW,72.68699396830016,48.575922250158285,51.0047183626662,1.0,True,False,False,25.37703514099121
117,639.2137566115246,-2.849356449184757,50.91481229493265,-0.05333482136217044,0.04421981022640852,-9.32081828895013,FOLLOW,72.64526938544452,48.6157765388899,51.0465653658344,1.0,True,False,False,25.389432907104492
118,645.6332680517038,-3.215029623220102,50.916373094101885,-0.05845159596177156,-0.017855034144357122,-12.011127507348807,FOLLOW,72.60906979672473,48.665606179322296,51.098886488288414,1.0,True,False,False,25.01988410949707
119,652.142424933951,-3.5561681479043226,50.91108853146452,-0.046227650190730635,-0.06527170745099191,-14.555319895732719,FOLLOW,72.52927546098522,48.72813465630137,51.164541389116444,1.0,True,False,False,22.839069366455078
120,658.7492689254257,-3.7612431469984586,50.903062683209555,-0.018048592261207745,-0.06291232787067944,-16.89910073839428,FOLLOW,72.3721953594943,48.81788575193805,51.258780039534955,1.0,True,False,False,23.402690887451172
121,665.3764328351617,-3.7815156824873437,50.90035484560563,0.007902942354735269,0.010118645662549691,-18.729930091971962,FOLLOW,72.1340087171352,48.9892653119175,51.43872857751337,1.0,True,False,False,25.48694610595703
122,671.9617537509635,-3.6836797211716212,50.906943589959724,0.019702086559666293,0.08705501364216198,-20.10476744993262,FOLLOW,71.90198279422066,49.237991779890976,51.699891368885524,1.0,True,False,False,22.70793914794922
123,678.5047395009195,-3.554360634756039,50.93107394807604,0.01903300206676575,0.27428421469468617,-20.748472791621115,FOLLOW,71.74589452691805,49.528359714824326,52.00477770056555,1.0,True,False,False,25.841236114501953
124,685.0241874648466,-3.457958020897072,50.97395515730999,0.011307176244519948,0.3818530872801464,-20.67797752736316,FOLLOW,71.66610446672485,49.80705842069443,52.29741134172916,1.0,True,False,False,25.60257911682129
125,691.5516926433905,-3.40836018221568,51.029915790792536,0.005182217796264734,0.5240791930870846,-20.805220844187335,FOLLOW,71.63215541296063,50.02376752313488,52.524955899291626,1.0,True,False,False,25.817155838012695
126,698.0988856583036,-3.3879192958846325,51.105136454648104,0.0019546430561776145,0.6454783071758183,-21.108463604940578,FOLLOW,71.6010508198217,50.24692490601108,52.75927115131164,1.0,True,False,False,23.112058639526367
127,704.6673700395468,-3.376500534848211,51.19080934288389,0.002181191697859868,0.705135453408474,-20.99163782783626,FOLLOW,71.55873731427812,50.44580683834078,52.96809718025782,1.0,True,False,False,25.20465850830078
128,711.2509409452101,-3.355241356225298,51.28016726859457,0.004501179499911434,0.7110721457371231,-20.680783797792277,FOLLOW,71.50020176410396,50.64918486987154,53.18164411336512,1.0,True,False,False,23.47278594970703
129,717.841896975685,-3.3199014118543944,51.35507237751907,0.0058047573300579,0.8422331944932354,-21.919227841420366,FOLLOW,71.4400688245064,50.96750612174336,53.515881427830536,1.0,True,False,False,25.400161743164062
130,724.4442214774085,-3.2890455939830963,51.5013667990672,0.0033610949064630416,1.4305382087948748,-23.315229062491845,FOLLOW,71.4019623797625,51.37125417774481,53.93981688663205,1.0,True,False,False,23.17667007446289
131,731.0689577285857,-3.2823123986340272,51.71184291170665,-0.0011854531020149537,1.8732038609251784,-23.968001589406224,FOLLOW,71.38802339319238,51.75470249494347,54.34243761969065,1.0,True,False,False,23.20718765258789
132,737.725231246673,-3.305195016424709,51.96450664852329,-0.00534692665007553,2.1140494621775057,-23.696305677375825,FOLLOW,71.38043650306417,52.07153020738665,54.67510671775599,1.0,True,False,False,23.044824600219727
133,744.4186353153622,-3.3466790853386224,52.22667554830224,-0.006599392258736332,2.036518106574064,-22.53443903402558,FOLLOW,71.35527639234272,52.403505492550345,55.023680767177865,1.0,True,False,False,24.532794952392578
134,751.1489820206068,-3.3806377163452668,52.46592606313466,-0.0030255967533733335,1.7819916780588243,-20.74127718036833,FOLLOW,71.29528735639406,52.80480642650918,55.445046747834645,1.0,True,False,False,23.21791648864746
135,757.9084108180759,-3.3733032335058075,52.66816465477034,0.005322298734029615,1.5403876298624999,-19.430011465687237,FOLLOW,71.18929597523902,53.28271639160672,55.94685221118706,1.0,True,False,False,25.57539939880371
136,764.6880146937721,-3.3079268963555157,52.86163035290029,0.013723408691600634,1.5745508544990938,-19.99586565735709,FOLLOW,71.05047373298112,53.793783107723996,56.4834722631102,1.0,True,False,False,25.159597396850586
137,771.4850976620169,-3.1954165443413265,53.06753187627708,0.019396615712444214,1.6905629345260118,-21.165643740921578,FOLLOW,70.92318581939992,54.280898975126505,56.99494392388283,1.0,True,False,False,22.83024787902832
138,778.2994285013156,-3.054001653715655,53.27812059411416,0.022652997526615128,1.6600360408473376,-21.839308437831384,FOLLOW,70.84339567248242,54.73791872643525,57.47481466275701,1.0,True,False,False,22.67599105834961
139,785.1298123255126,-2.8950428800360273,53.47733106416981,0.02478213677551554,1.5273017384829637,-22.007925667796805,FOLLOW,70.81941173677887,55.12161787909304,57.87769877304769,1.0,True,False,False,23.035526275634766
140,791.973749890044,-2.721636055859243,53.65641460382484,0.027005978213475345,1.3580576079468119,-21.70634572499733,FOLLOW,70.83918934113865,55.441095673345416,58.21315045701269,1.0,True,False,False,23.731708526611328
141,798.8292712015298,-2.5287047064405934,53.8360552179265,0.03067300679640428,1.7190021375834825,-20.993457744970982,FOLLOW,70.91041522608941,55.852999733066504,58.645649719719835,1.0,True,False,False,27.42481231689453
142,805.7054364102277,-2.29755311492091,54.126799503028884,0.03842554450311884,2.8010308829451644,-19.963959350917154,FOLLOW,71.04711398224288,56.28779424986484,59.10218396235808,1.0,True,False,False,23.588895797729492
143,812.6152810968183,-1.9903669049567592,54.533547898463546,0.05253383859996541,3.630100479932128,-18.670531177163046,FOLLOW,71.23645023889594,56.642537275941805,59.4746641397389,1.0,True,False,False,24.5211124420166
144,819.5599705678881,-1.5580388062316706,55.022205403296155,0.07384293353506756,4.083266826532766,-17.169116558090813,FOLLOW,71.45972637559532,56.96750087132642,59.81587591489274,1.0,True,False,False,24.073362350463867
145,826.5212956551129,-0.9619410384538118,55.53670500676851,0.0964976243407495,4.074625050020987,-15.528675577300117,FOLLOW,71.71413517521887,57.280994733728164,60.145044470414575,1.0,True,False,False,23.608684539794922
146,833.4858534180213,-0.23743505718492774,56.023593376576144,0.10869715330557082,3.688062591907623,-13.741677385608838,FOLLOW,72.00707751130994,57.65460663376889,60.53733696545734,1.0,True,False,False,23.044586181640625
147,840.472588730339,0.5322947787274313,56.472709590671116,0.10849856943142236,3.7812205656043196,-11.780282065830988,FOLLOW,72.35157416921902,58.03123808930504,60.932799993770296,1.0,True,False,False,23.15831184387207
148,847.5167341934438,1.2667710191483321,57.026558734646,0.09838370490339426,4.89088254711207,-9.706844204709638,FOLLOW,72.72407245420038,58.43638009344069,61.35819909811273,1.0,True,False,False,24.16253089904785
149,854.6460499779859,1.9245034932668,57.66638595806864,0.08609008470798057,5.179065402202426,-7.670737784244226,FOLLOW,73.09084130268968,58.842460553225116,61.78458358088638,1.0,True,False,False,23.023605346679688
150,861.86707782173,2.503422137374489,58.284147537933244,0.07451063770059814,4.5757005276193485,-5.51925068490024,FOLLOW,73.41881227417377,59.20569425022406,62.16597896273527,1.0,True,False,False,24.033784866333008
151,869.1751043937358,3.005837199881216,58.80282397603624,0.06344976903946978,3.6753324876716507,-3.4399782472789115,FOLLOW,73.69282884251834,59.519332918443425,62.495299564365595,1.0,True,False,False,23.412704467773438
152,876.5585862441114,3.431548252024411,59.17601246729964,0.05253650695922304,2.3269879357259033,-1.4187506660451028,FOLLOW,73.90896553781863,59.8165194786319,62.8073454525635,1.0,True,False,False,23.473501205444336
153,884.0024796265411,3.7783726284344303,59.4550398645618,0.041486656092419034,2.4458444329357,0.5513532288419842,FOLLOW,74.0707375447779,60.04494104865507,63.047188101087826,1.0,True,False,False,23.836374282836914
154,891.5080023629359,4.043361511342585,59.78366931858875,0.030086415255194673,2.7115789177498284,2.398807839622945,FOLLOW,74.18186687714547,60.16450072841237,63.17272576483299,1.0,True,False,False,23.436546325683594
155,899.0747239748172,4.2263342457968,60.1585142119539,0.01949952935216155,3.2628273233702987,4.11158665188252,FOLLOW,74.23436565944473,60.27093070444372,63.28447723966591,1.0,True,False,False,23.695707321166992
156,906.7022645505281,4.33827789878024,60.59263193626098,0.01082034678954003,3.613723601916644,5.624726147188192,FOLLOW,74.22828470061086,60.36646761372072,63.384790994406764,1.0,True,False,False,23.621082305908203
157,914.3941849528218,4.391315848911033,61.05592376414802,0.003613023553889214,3.7452313650767395,6.918600406001369,FOLLOW,74.16578573665151,60.49153741500087,63.516114285750916,1.0,True,False,False,23.955821990966797
158,922.1513413522368,4.393542516310679,61.524139517281185,-0.0026891319913037223,3.7059462690856133,7.972571627953046,FOLLOW,74.04766586472908,60.621102466079314,63.652157589383286,1.0,True,False,False,23.55027198791504
159,929.9716789757623,4.348759850720708,61.97167120309397,-0.008676005199368082,3.435241608738152,8.764923380251698,FOLLOW,73.87174748867096,60.74116852544816,63.77822695172057,1.0,True,False,False,23.560047149658203
160,937.8496044856925,4.256670022838619,62.3805696307316,-0.01481004527323112,3.099224561847634,9.345956118140409,FOLLOW,73.63184449764162,60.859579087773,63.90255804216165,1.0,True,False,False,23.01025390625
161,945.7738936722986,4.11691122896527,62.74459180891997,-0.020470441949405477,2.722120425974281,9.747402939398343,FOLLOW,73.32621425560149,60.97558140783337,64.02436047822503,1.0,True,False,False,23.25892448425293
162,953.732459048061,3.9374935972335496,63.064960502808134,-0.02474402744612464,2.3985504561737754,9.969683782696196,FOLLOW,72.97245282258837,61.10544058767259,64.16071261705622,1.0,True,False,False,25.201797485351562
163,961.7191214210118,3.7284945040676782,63.343683310768924,-0.027850555711495785,2.062728434335182,10.008948646033113,FOLLOW,72.60068623462485,61.238077111555356,64.29998096713312,1.0,True,False,False,23.207426071166992
164,969.7288425124774,3.4977173018632586,63.58770661172676,-0.030110389959009838,1.835653228721684,9.873654942832216,FOLLOW,72.22779825106795,61.37188145784507,64.44047553073733,1.0,True,False,False,25.038480758666992
165,977.7581822167389,3.2505949263798977,63.80724429928977,-0.03181823045696883,1.6670384337809758,9.59594870209767,FOLLOW,71.85691175877093,61.50012847439843,64.57513489811835,1.0,True,False,False,25.58732032775879
166,985.805257800769,2.9902978207321596,64.0044263699957,-0.033379242294619,1.4827092285683496,9.251623408400867,FOLLOW,71.48586763135779,61.600279103918794,64.68029305911473,1.0,True,False,False,25.607824325561523
167,993.8748748456,2.708474975838777,64.18313290691424,-0.037666634293104975,1.3649002249566158,8.811039909351969,FOLLOW,71.11654576386547,61.72732203934968,64.81368814131717,1.0,True,False,False,25.465965270996094
168,1001.9680748760703,2.369589035171567,64.34747232267262,-0.047281078221503736,1.253794816031419,8.353629799126628,FOLLOW,70.74596980612807,61.84583078048944,64.93812231951392,1.0,True,False,False,25.133609771728516
169,1010.0743524687181,1.9304606537862643,64.4985396604011,-0.06173566662325504,1.1519140391045506,7.895902984501973,FOLLOW,70.3709492235572,61.95168233452166,65.04926645124775,1.0,True,False,False,26.048898696899414
170,1018.1711344983875,1.3778536132662609,64.63924030992895,-0.07330445685076202,1.0854595153887192,7.504739469819987,FOLLOW,70.00191203314318,62.068468796261435,65.17189223607451,1.0,True,False,False,26.397705078125
171,1026.2549306264305,0.7700145473412695,64.7704585083209,-0.07522346879171773,1.0036239388722907,7.526148299366872,FOLLOW,69.65899492719393,62.18577352411329,65.29506220031895,1.0,True,False,False,25.940418243408203
172,1034.3420331344462,0.18823525845116296,64.89312517140046,-0.06735215237139397,0.9482001501311361,7.8508582268818,FOLLOW,69.34495159322296,62.308357982611795,65.42377588174239,1.0,True,False,False,26.322126388549805
173,1042.4459504805018,-0.3080838554313613,65.01069331403188,-0.055332056801243916,0.9204063941395508,7.795306165194072,FOLLOW,69.04383734675434,62.44851400452451,65.57093970475074,1.0,True,False,False,27.12225914001465
174,1050.5693465311597,-0.7058190649933535,65.13567276100476,-0.04309117310339296,1.0468780973173035,7.26049498774639,FOLLOW,68.743324322435,62.586692332008,65.7160269486084,1.0,True,False,False,29.981136322021484
175,1058.7132546119426,-1.0066915273577977,65.27121403898222,-0.03141765898514773,1.0932009745661693,6.444266522192101,FOLLOW,68.43965941333272,62.71352931047804,65.84920577600194,1.0,True,False,False,34.00850296020508
176,1066.8775690035902,-1.2168028619116413,65.40603704059113,-0.020712342604319683,1.0471646812755504,5.467597401152778,FOLLOW,68.1285300204861,62.795379212716774,65.93514817335262,1.0,True,False,False,32.69696235656738
177,1075.0608027603328,-1.3442958422365519,65.53094800738455,-0.011061948575261417,0.9420978951765415,4.529372746904587,FOLLOW,67.80235717037272,62.791259673312254,65.93082265697787,1.0,True,False,False,30.184268951416016
178,1083.2598436406183,-1.3976570189472315,65.62778139005357,-0.002604392936649335,0.62631192311356,3.5535276289339977,FOLLOW,67.45024667521261,62.669488801491184,65.80296324156575,1.0,True,False,False,37.62698173522949
179,1091.460869930523,-1.3891098904506793,65.5558383229958,0.004035133059766275,-0.6456465049459318,2.5478013271836293,FOLLOW,67.05870685496393,62.39750229064596,65.51737740517827,1.0,True,False,False,31.97956085205078
180,1099.6481471603117,-1.3348232023111564,65.41669093192809,0.008665139053826168,-1.376081139808076,1.5410235827337588,FOLLOW,66.62180543087902,61.954949416605636,65.05269688743591,1.0,True,False,False,32.99665451049805
181,1107.810713486069,-1.2513460331435977,65.16624375602782,0.011332689615019752,-2.3715083891573583,0.5884698858453078,FOLLOW,66.13414710015422,61.32664163197182,64.39297371357041,1.0,True,False,False,30.50518035888672
182,1115.9349439433497,-1.1543951078663448,64.82223985652126,0.012192810341483925,-2.928443304932768,-0.2531946048090137,FOLLOW,65.58017179178228,60.499029081620215,63.52398053570123,1.0,True,False,False,24.837255477905273
183,1124.010285865626,-1.058158819706255,64.38185743605828,0.011389877339594115,-3.8733175494545615,-1.0333261143396684,FOLLOW,64.9529416836408,59.473141208084066,62.44679826848827,1.0,True,False,False,27.693986892700195
184,1132.0224117874034,-0.9755428907901997,63.81201547738683,0.009071701882181794,-4.979262387032238,-1.7046257358504078,FOLLOW,64.2333692921386,58.2471059986186,61.15946129854953,1.0,True,False,False,28.020620346069336
185,1139.9520748181676,-0.9176464011397638,63.051379434230554,0.005458906454149303,-6.818881156820775,-2.223734855500558,FOLLOW,63.4171926427241,56.83327590505471,59.67493970030745,1.0,True,False,False,32.90081024169922
186,1147.7726895092183,-0.8931909772296174,62.07764741516007,0.0007851770966503021,-8.394932485609079,-2.618520636440285,FOLLOW,62.49464423242648,55.241680854407264,58.00376489712763,1.0,True,False,False,30.295133590698242
187,1155.4593564791949,-0.9084100986520722,60.918782645915975,-0.004680410141096538,-9.78567580313937,-2.836012439393944,FOLLOW,61.479102538858115,53.49654437503121,56.17137159378277,1.0,True,False,False,30.27486801147461
188,1162.9907842043733,-0.9661672746039195,59.621333776574566,-0.010442666416773437,-10.66097138370264,-2.7319870414353193,FOLLOW,60.370436864580824,51.611629956280524,54.192211454094554,1.0,True,False,False,28.16486358642578
189,1170.3510989449258,-1.064439905024116,58.19540787567251,-0.015947280922444858,-11.809217089343946,-2.408257292043613,FOLLOW,59.17122863228997,49.62174274151165,52.10282987858724,1.0,True,False,False,29.990196228027344
190,1177.5239403655985,-1.1968554571404837,56.65349889821784,-0.020529132356119868,-12.56106274338735,-1.7219423762747377,FOLLOW,57.88418890476669,47.5569711996834,49.934819759667576,1.0,True,False,False,28.079509735107422
191,1184.4971868477821,-1.3521931378634244,55.024155253638924,-0.023553231420878583,-13.222048601722094,-0.8680430996723673,FOLLOW,56.518602612277164,45.44667010555158,47.71900361082916,1.0,True,False,False,29.79731559753418
192,1191.260702788028,-1.5170227900656423,53.312870034614996,-0.024793470588040035,-13.87448527278712,-0.050813942576116045,FOLLOW,55.084168019505796,43.32239743733096,45.48851730919751,1.0,True,False,False,27.571916580200195
193,1197.8012315360209,-1.6782128516753234,51.44462826196485,-0.02417253315797911,-15.578742894416477,0.7580684904090719,FOLLOW,53.59225571336424,41.217627406482855,43.278508776807,1.0,True,False,False,34.96956825256348
194,1204.096797294675,-1.8237695141957473,49.40987801658395,-0.02190492640026956,-16.600603378845015,1.3108584892575819,FOLLOW,52.058823283134416,39.16751886272397,41.12589480586017,1.0,True,False,False,29.652833938598633
195,1210.1335116656333,-1.9456298228844908,47.30369091158371,-0.018397299796003498,-16.812758826584492,1.6809820445719568,FOLLOW,50.51169695413137,37.20660786925423,39.06693826271694,1.0,True,False,False,27.184247970581055
196,1215.9068817714199,-2.0392475754726354,45.168675701775236,-0.014024908664651406,-17.060841065258682,1.8636977058848219,FOLLOW,48.98532871472776,35.365534922727505,37.133811668863885,1.0,True,False,False,30.052661895751953
197,1221.411001833108,-2.1028476822871873,43.03918249336609,-0.009274732115054335,-16.782933393956753,1.8883748194028631,FOLLOW,47.493661756090205,33.65443758360876,35.3371594627892,1.0,True,False,False,26.77178382873535
198,1226.6471142918458,-2.139135855731782,40.914244876225816,-0.004958011723062155,-16.9152731751639,1.7705607903818459,FOLLOW,46.085173966294406,32.034081346918704,33.63578541426464,1.0,True,False,False,36.72909736633301
199,1231.616156816603,-2.1535823290302507,38.82431909319497,-0.0011286371902036203,-16.334193784139956,1.8346812767112284,FOLLOW,44.77036152738992,30.536056851571423,32.06285969415,1.0,True,False,False,27.493715286254883
200,1236.3266441547166,-2.1495613367234534,36.80289856785076,0.0025772917380282373,-15.80745338050045,1.8965351720179868,FOLLOW,43.56144722340332,29.197455635793197,30.657328417582857,1.0,True,False,False,36.650896072387695
201,1240.789613541815,-2.1282760210354454,34.88159443510644,0.006850822862624463,-14.82164308036474,2.222148329796372,FOLLOW,42.436573478789796,28.03151888283126,29.433094826972827,1.0,True,False,False,29.508113861083984
202,1245.0217418484194,-2.0870896377804478,33.10368247498914,0.012551639898451292,-13.564259967015825,2.6713649530661434,FOLLOW,41.36992082680945,27.02150407161089,28.372579275191438,1.0,True,False,False,28.21969985961914
203,1249.0431149498284,-2.0214412879920216,31.48683575718864,0.020032471258040925,-12.249266963057748,3.086247242329904,FOLLOW,40.34844276714989,26.11772403462364,27.423610236354826,1.0,True,False,False,26.846885681152344
204,1252.873431581702,-1.9267862501046167,30.032640564988842,0.029310541448504014,-10.955190122214642,3.436512536566892,FOLLOW,39.4040236891899,25.30181354408455,26.566904221288777,1.0,True,False,False,27.13799476623535
205,1256.5295143686956,-1.7986075589492225,28.741269483505988,0.04032422900993808,-9.685707814971865,3.721604932507587,FOLLOW,38.564203784330175,24.583875559704733,25.81306933768997,1.0,True,False,False,27.384519577026367
206,1260.031692647536,-1.6340123378600562,27.60393737140558,0.05265110825561616,-8.517368297306126,3.8424796462523374,FOLLOW,37.84233524257138,23.959489672512817,25.15746415613846,1.0,True,False,False,26.25417709350586
207,1263.398906909205,-1.4322334068016647,26.610634447140384,0.06569111960640797,-7.406138107125654,3.8182360124457557,FOLLOW,37.23407163528691,23.424824105056096,24.5960653103089,1.0,True,False,False,26.942729949951172
208,1266.6500170436138,-1.1932184782390463,25.760640927117706,0.07965376885732366,-6.264990224101267,3.743859300159964,FOLLOW,36.733397620177584,22.979200113904696,24.128160119599933,1.0,True,False,False,24.294376373291016
209,1269.8039655179887,-0.9131091937590208,25.046017774999154,0.09616615944141513,-5.247537739896883,3.6092036345899317,FOLLOW,36.33587589862964,22.620478769554325,23.751502708032042,1.0,True,False,False,24.69325065612793
210,1272.8752986382199,-0.5818150243985075,24.45103428591749,0.11710291922237258,-4.3496833198265294,3.425470158022441,FOLLOW,36.03843075117584,22.342824499661184,23.459965724644245,1.0,True,False,False,23.069143295288086
211,1275.8723498522759,-0.186540404090405,23.964757976832338,0.1425855660391024,-3.5138503822294282,3.230792236803821,FOLLOW,35.84316080491726,22.13818238827459,23.245091507688322,1.0,True,False,False,23.988962173461914
212,1278.801109546917,0.2814778493717563,23.580168538902964,0.17007422258490018,-2.7295006519564473,3.1465275958806647,FOLLOW,35.758035669381115,21.99661848608846,23.096449410392886,1.0,True,False,False,23.613452911376953
213,1281.6736922132106,0.8182104756520252,23.29126046143267,0.19390164426905004,-1.991014443210486,3.216697847796108,FOLLOW,35.79083911900466,21.907319263840606,23.002685227032636,1.0,True,False,False,23.566007614135742
214,1284.5159883279853,1.4020411354518276,23.09114577263501,0.20765449330217323,-1.3166680896500544,3.3344262720505293,FOLLOW,35.93958294484173,21.85932226932536,22.95228838279163,1.0,True,False,False,22.675752639770508
215,1287.3636943999115,1.998968987221573,22.97095703880749,0.20774132099382403,-0.7142495792463762,3.454299617684492,FOLLOW,36.18770854246509,21.843698525670415,22.935883451953938,1.0,True,False,False,23.148059844970703
216,1290.2505806911718,2.571500072390962,22.913180533567118,0.1941333939836422,-0.2903500484366838,3.6464274013686744,FOLLOW,36.51210775211075,21.85247914777622,22.945103105165032,1.0,True,False,False,22.763729095458984
217,1293.196290838251,3.0868195253643034,22.897583695039877,0.169917689192899,-0.0183306097959528,3.943318923064032,FOLLOW,36.894878360783196,21.879870625265884,22.973864156529178,1.0,True,False,False,23.3306884765625
218,1296.2013400651992,3.5240172101271074,22.9110100658056,0.14029192097118098,0.18309040404342664,4.399876043008289,FOLLOW,37.33435538400249,21.921456541097463,23.01752936815234,1.0,True,False,False,22.74799346923828
219,1299.2588486753139,3.87445682395943,22.94321866772272,0.10893348598785309,0.2972851804533997,4.981234062051528,FOLLOW,37.84254756169412,21.971909547037598,23.07050502438948,1.0,True,False,False,22.849082946777344
220,1302.3641139731064,4.135373822209441,22.987863516400463,0.07720205623237253,0.3851180013299999,5.73308409454369,FOLLOW,38.398939324433286,22.030881676301703,23.13242576011679,1.0,True,False,False,24.410247802734375
221,1305.5128308651013,4.3063543411358,23.042545630369098,0.0457749240757297,0.45926045334303867,6.629511507633249,FOLLOW,38.96919896021268,22.107876663963157,23.213270497161318,1.0,True,False,False,23.46515655517578
222,1308.699193741216,4.388952369208398,23.110589180212784,0.015478231985955094,0.587464793384242,7.7049978759252,FOLLOW,39.53455228278858,22.23628912360709,23.348103579787445,1.0,True,False,False,22.916793823242188
223,1311.9156713616514,4.387534074742726,23.19373809754513,-0.012585267766470232,0.7003464494802999,8.917530785003027,FOLLOW,40.1009717714644,22.4168113311345,23.537651897691227,1.0,True,False,False,23.322105407714844
224,1315.1513105437043,4.310340167921722,23.283096800102044,-0.036845554942866655,0.7028559535367361,10.232038623916702,FOLLOW,40.670374558064395,22.608292853825738,23.738707496517026,1.0,True,False,False,22.979736328125
225,1318.3939485229082,4.170403024964077,23.3609130416816,-0.05593338524046472,0.5423071438420676,11.55794191909922,FOLLOW,41.2122624773674,22.77211214649062,23.910717753815153,1.0,True,False,False,23.40221405029297
226,1321.6352411034288,3.9831321354237077,23.409931091243344,-0.0697445054854966,0.2661871494043604,12.85282854293403,FOLLOW,41.646047500986924,22.90898577035407,24.054435058871775,1.0,True,False,False,23.08821678161621
227,1324.8704663057733,3.7625903137304477,23.42513013714573,-0.07928677867518479,0.005828927286537444,14.058289307827302,FOLLOW,41.853724240776955,23.067779377504923,24.22116834638017,1.0,True,False,False,22.516965866088867
228,1328.095691431938,3.5191748015403137,23.405033007437865,-0.08607241951043516,-0.2844858069135296,15.07699116906889,FOLLOW,41.834973158089724,23.251866326786235,24.414459643125547,1.0,True,False,False,22.66979217529297
229,1331.3054514435478,3.258807180626195,23.347442601730126,-0.09166363266171224,-0.5732803029368903,15.85480431582339,FOLLOW,41.68074520883147,23.42437419405171,24.595592903754294,1.0,True,False,False,22.96280860900879
230,1334.4920642230347,2.981710673495346,23.255121054743174,-0.09849527993093471,-0.8339940944787694,16.06725931141649,FOLLOW,41.44967396325433,23.591295174748684,24.77085993348612,1.0,True,False,False,23.21147918701172
231,1337.64417114513,2.6830318571666676,23.143504620762158,-0.106967068303345,-0.912001832344559,16.1483543987549,FOLLOW,41.18855109545734,23.768213789929863,24.956624479426356,1.0,True,False,False,22.92013168334961
232,1340.7501376705836,2.361893762031542,23.03537872109581,-0.1147418070056648,-0.8106786929926035,16.177762077198093,FOLLOW,40.93448117115031,23.942886137392208,25.140030444261818,1.0,True,False,False,25.16937255859375
233,1343.8057046886875,2.023509130225187,22.94382604767036,-0.12017407818409703,-0.6680275027681983,16.194212837212476,FOLLOW,40.711300777177485,24.100741422509937,25.305778493635437,1.0,True,False,False,22.949695587158203
234,1346.815063806848,1.6749898477452434,22.878645190860535,-0.12314289447670011,-0.41400002123313323,16.352262948252616,FOLLOW,40.528302633718795,24.260670079171614,25.473703583130195,1.0,True,False,False,25.705575942993164
235,1349.7852411709148,1.3206435243506607,22.841049682276463,-0.12533997017661117,-0.21738826859039215,16.443983330665997,FOLLOW,40.39254855107151,24.460679247389486,25.68371320975896,1.0,True,False,False,23.630619049072266
236,1352.7205063170652,0.9584612798473283,22.829425664301414,-0.1290918620776219,-0.010838518719083756,16.446636500062322,FOLLOW,40.31651373198383,24.719015099888743,25.95496585488318,1.0,True,False,False,25.418519973754883
237,1355.621545426411,0.5804493901014032,22.841865899535417,-0.13625445850987972,0.1863317691877561,16.40798831880842,FOLLOW,40.31698329783217,25.038618968246563,26.290549916658893,1.0,True,False,False,24.30582046508789
238,1358.4856261908435,0.17446010404335566,22.886085274421916,-0.14779447160137424,0.4786020539484913,16.334406014005094,FOLLOW,40.41378893519118,25.426393269343237,26.6977129328104,1.0,True,False,False,24.90520477294922
239,1361.3088827082568,-0.2711405616087753,22.969497211652005,-0.162233971207995,0.814050488187817,16.230919456683285,FOLLOW,40.62928922270635,25.887448371911464,27.18182079050704,1.0,True,False,False,23.311614990234375
240,1364.0933073260876,-0.7584507359230681,23.111418814107637,-0.1748605066655171,1.3677950384431845,16.112653355660832,FOLLOW,40.98483149297181,26.4225136017447,27.743639281831936,1.0,True,False,False,25.696754455566406
241,1366.853139228299,-1.2760726972824026,23.323867744950956,-0.18115701142439966,1.9282544767334726,16.010175384680384,FOLLOW,41.48802584721943,27.01167603436276,28.3622598360809,1.0,True,False,False,23.092269897460938
242,1369.6088945213446,-1.8041545704674768,23.596385102201342,-0.17952426462653395,2.3391005468814297,15.912179109420558,FOLLOW,42.11449823352905,27.61395976401789,28.994657752218785,1.0,True,False,False,23.557186126708984
243,1372.3795165393954,-2.3208337474635,23.901929691627192,-0.17015413331371718,2.4833121434775856,15.904762052359715,FOLLOW,42.82306323520311,28.1883694708233,29.597787944364466,1.0,True,False,False,24.113178253173828
244,1375.1785200238307,-2.803308566341982,24.19906719838213,-0.1532228037028982,2.2911287682911583,16.052328917607824,FOLLOW,43.58121518732651,28.699747379618334,30.13473474859925,1.0,True,False,False,28.161287307739258
245,1378.0139417927387,-3.2281879424357567,24.470559771943115,-0.12941414649875405,2.0799412209489883,16.11757215801919,FOLLOW,44.36364927629916,29.11887913139132,30.574823087960887,1.0,True,False,False,32.69052505493164
246,1380.890059293572,-3.5761917836009998,24.70757567868854,-0.10111425915722323,1.752627514166074,15.723223455926899,FOLLOW,45.150537374739315,29.430037588927163,30.901539468373524,1.0,True,False,False,22.378921508789062
247,1383.8063460747069,-3.836664107875766,24.90356291369122,-0.07142834139159122,1.4407193538068594,14.839613049795906,FOLLOW,45.927032735800594,29.64963690911918,31.132118754575142,1.0,True,False,False,23.75316619873047
248,1386.7604403849537,-4.007933197368322,25.076563777068962,-0.042769532334209034,1.3769032262083534,13.652156248449506,FOLLOW,46.68342474462702,29.82175651574196,31.312844341529058,1.0,True,False,False,22.753238677978516
249,1389.7537120054076,-4.095112158570304,25.267148148098528,-0.016939514138334773,1.6483271402916562,12.13234980020473,FOLLOW,47.41777685196121,29.960340162393756,31.458357170513445,1.0,True,False,False,24.149179458618164
250,1392.792043279162,-4.1072134623050465,25.482444575546104,0.00563309587957328,1.7665990369522497,10.582844491502641,FOLLOW,48.126763821232316,30.08142383523561,31.585495026997393,1.0,True,False,False,22.472858428955078
251,1395.88038821106,-4.052830834956428,25.714667593425332,0.02522221886903026,1.9307209283656253,8.958075721919185,FOLLOW,48.80623238161843,30.20493514807759,31.71518190548147,1.0,True,False,False,24.32703971862793
252,1399.023174927767,-3.9392814934200087,25.97031210540919,0.04252304837506122,2.130820557644803,7.421019519033608,FOLLOW,49.45545239824855,30.386457883146093,31.9057807773034,1.0,True,False,False,22.778987884521484
253,1402.223475528214,-3.770880465689844,26.237175180427112,0.05860948465002602,2.126507493828005,6.007344578950084,FOLLOW,50.07719183993299,30.596082688589902,32.1258868230194,1.0,True,False,False,22.511005401611328
254,1405.4799877742985,-3.5486690723594454,26.49788688879961,0.07443562083236188,2.0402949365552363,4.722499534368248,FOLLOW,50.668014358171604,30.73588184203638,32.2726759341382,1.0,True,False,False,22.867441177368164
255,1408.7844817529842,-3.2724892519039734,26.736664066484273,0.08976747903897372,1.8081458551139897,3.5690416073899414,FOLLOW,51.22389369486882,30.82492066628582,32.366166699600114,1.0,True,False,False,22.86052703857422
256,1412.121991095252,-2.946776186998005,26.952889389131734,0.10254008853478995,1.6799121938850994,2.5597245566067257,FOLLOW,51.75181831653572,30.921650637479182,32.467733169353146,1.0,True,False,False,26.39937400817871
257,1415.4825246062655,-2.583311108846565,27.148985776537895,0.11101645572929192,1.3804922325795386,1.6814497238757433,FOLLOW,52.265113443554355,31.02115324874858,32.57221091118601,1.0,True,False,False,22.767305374145508
258,1418.859804771529,-2.1974235510141478,27.279238518062062,0.11505514840914183,0.829075426185725,0.9291322579047427,FOLLOW,52.77356467937784,31.142831632165144,32.699973213773404,1.0,True,False,False,22.777318954467773
259,1422.2499008470174,-1.803637799351939,27.40001452840763,0.11520397630384246,1.10930329624774,0.3020888753959232,FOLLOW,53.289273410519854,31.31099436452658,32.87654408275291,1.0,True,False,False,22.578001022338867
260,1425.6590550334174,-1.4136155118863571,27.58327010198211,0.11199956142332183,1.8105220808792102,-0.21844544596622784,FOLLOW,53.81580076490104,31.470309690631204,33.043825175162766,1.0,True,False,False,22.715330123901367
261,1429.09948372652,-1.036750501444002,27.861787115219197,0.105990491345551,2.5461472771725617,-0.6090997766300073,FOLLOW,54.344079857673705,31.621214624423818,33.20227535564501,1.0,True,False,False,23.17976951599121
262,1432.58285861933,-0.6810341027264385,28.205089248838288,0.09762819485435627,2.8669122864595225,-0.9238657583858225,FOLLOW,54.863098790870254,31.779275250610752,33.36823901314129,1.0,True,False,False,22.597312927246094
263,1436.1156912224665,-0.3541838298867169,28.590893422514995,0.08722688094809881,3.4401176535324702,-1.170173552535611,FOLLOW,55.36015880532932,31.94250064254258,33.53962567466971,1.0,True,False,False,22.77851104736328
264,1439.7080564348587,-0.06305375932498858,29.08046805392159,0.07503631975992649,4.272381695585127,-1.3636176247733918,FOLLOW,55.829588573131105,32.1393963576605,33.74636617554353,1.0,True,False,False,22.833585739135742
265,1443.3718448097031,0.18584134538544556,29.63944730908176,0.061267762594702874,4.592172604496858,-1.5002153673169627,FOLLOW,56.26611967742633,32.356353652967755,33.97417133561614,1.0,True,False,False,22.39513397216797
266,1447.111613798237,0.3855376362751456,30.209863860017613,0.04608706672050327,4.494401019355062,-1.5953395045179428,FOLLOW,56.65751240228701,32.58709102303049,34.21644557418202,1.0,True,False,False,22.94468879699707
267,1450.9251510584033,0.5287818190475759,30.74556794846847,0.029607201956508053,4.068826679592911,-1.6576722240084358,FOLLOW,57.001894306538816,32.91602534884519,34.56182661628745,1.0,True,False,False,22.753238677978516
268,1454.8085190109962,0.6086517761525514,31.29896462444041,0.012183350793826389,4.754825774481646,-1.6910307364252692,FOLLOW,57.3206769559913,33.39965342865344,35.06963610008611,1.0,True,False,False,22.79067039489746
269,1458.767541240146,0.6208248354684321,31.92283287190649,-0.00498065164744765,5.1448208508790145,-1.6917895627607396,FOLLOW,57.63151901231504,33.957747127702476,35.6556344840876,1.0,True,False,False,23.28181266784668
270,1462.805304028579,0.5670812033670999,32.56733336232509,-0.02039737230484294,5.110721485510373,-1.6635626619367012,FOLLOW,57.933566036712364,34.52273583181853,36.248872623409454,1.0,True,False,False,25.387048721313477
271,1466.9193185667955,0.45389028025238964,33.180381709563335,-0.03339455012384074,4.676734858107658,-1.6085355271156863,FOLLOW,58.22971116773965,35.12790953900997,36.88430501596047,1.0,True,False,False,22.665739059448242
272,1471.102170116894,0.2900405054730901,33.71944023146436,-0.04376876465058107,3.9691991478809365,-1.5424762707536634,FOLLOW,58.52431947119862,35.76129263506099,37.54935726681404,1.0,True,False,False,21.836280822753906
273,1475.3435812226019,0.08597884287417346,34.17379204115968,-0.05135164616557856,3.4779736648410875,-1.4477754629758026,FOLLOW,58.832495665142915,36.412048105354565,38.23265051062229,1.0,True,False,False,22.252559661865234
274,1479.6371202874125,-0.14659191510923703,34.5849990875382,-0.056023967475155735,3.095233535182522,-1.3575403423252204,FOLLOW,59.16145801492098,37.03583461672214,38.88762634755825,1.0,True,False,False,22.168874740600586
275,1483.978240192772,-0.39509335863741213,34.93433079603943,-0.05770268373873363,2.5260467770403876,-1.257695214166752,FOLLOW,59.514971300369325,37.559387084778365,39.437356439017286,1.0,True,False,False,21.7587947845459
276,1488.3604146474825,-0.6460110093881974,35.213522141795295,-0.05633494204806795,1.9828834327345723,-1.1699579482443772,FOLLOW,59.881995648315524,38.014358418250126,39.91507633916263,1.0,True,False,False,21.527767181396484
277,1492.7773476985135,-0.8853661396000715,35.4294897054052,-0.05189309919565371,1.527514659198304,-1.0848111429863245,FOLLOW,60.26639147019682,38.44154504176641,40.36362229385473,1.0,True,False,False,25.249958038330078
278,1497.2253863748406,-1.0989908232440238,35.64551949181579,-0.04436990526948559,2.3630764959065167,-1.0067051801467246,FOLLOW,60.66629864315655,38.81815264501781,40.7590602772687,1.0,True,False,False,24.408817291259766
279,1501.7192201572693,-1.2739244473897735,36.055253847983735,-0.03418979098199935,3.97847815994359,-0.9332706999793329,FOLLOW,61.083559236306655,39.23702790848521,41.19887930390947,1.0,True,False,False,24.364709854125977
280,1506.2806163359026,-1.4021188539136042,36.63358129524406,-0.023169880824613246,5.1049912764119885,-0.8548734159057624,FOLLOW,61.51190446637452,39.748332692921515,41.73574932756759,1.0,True,False,False,21.907567977905273
281,1510.923666002445,-1.4832799661845082,37.33046141981243,-0.012957763086253977,5.904934142664302,-0.7827311169259916,FOLLOW,61.937193764780204,40.25667036117433,42.26950387923305,1.0,True,False,False,26.668548583984375
282,1515.6586338883524,-1.520902118855448,38.106518262022995,-0.003944223867889545,6.401399536793527,-0.7155288067474006,FOLLOW,62.34102799525954,40.730060475992616,42.76656349979225,1.0,True,False,False,23.40531349182129
283,1520.4919541071322,-1.5192774503408109,38.929529028498926,0.0037594032248334484,6.678918263396679,-0.6507826148406473,FOLLOW,62.71689153193233,41.323749328315664,43.38993679473145,1.0,True,False,False,25.299549102783203
284,1525.426732549499,-1.4834051110036448,39.770171090549695,0.01006775934273121,6.708689744366652,-0.5707560568830992,FOLLOW,63.073434232147974,42.00197671461488,44.102075550345624,1.0,True,False,False,22.75872230529785
285,1530.4632424475647,-1.4191403394591215,40.61105093570616,0.014850289904153952,6.687938128866314,-0.50574678894073,FOLLOW,63.415660622994665,42.73335463505993,44.87002236681293,1.0,True,False,False,22.54772186279297
286,1535.6008471536516,-1.3335994797642912,41.44351990608255,0.0179509203336996,6.578844439283002,-0.4466055339704348,FOLLOW,63.74864732150786,43.47111805096181,45.64467395350991,1.0,True,False,False,22.07779884338379
287,1540.83791920898,-1.2351667417186454,42.256391020174064,0.01923052998878518,6.382575416263811,-0.39390650792539994,FOLLOW,64.07065224494636,44.15099855951856,46.358548487494495,1.0,True,False,False,22.82547950744629
288,1546.1716573151668,-1.133510731747168,43.03733480111889,0.01858799555623485,6.077974929377222,-0.3461941141894296,FOLLOW,64.37362698228185,44.74341145398527,46.98058202668453,1.0,True,False,False,22.252559661865234
289,1551.5980347858708,-1.0380750408732116,43.76460348218684,0.016569101412474894,5.526277934980973,-0.30258558123191215,FOLLOW,64.64868744189857,45.24030372158274,47.50231890766188,1.0,True,False,False,22.976398468017578
290,1557.1097641432605,-0.9530963376633845,44.40345078803604,0.014416647592449946,4.672347875156653,-0.26814345425107855,FOLLOW,64.89160082772355,45.72279510017498,48.008934855183725,1.0,True,False,False,21.927833557128906
291,1562.694604803952,-0.8782009113552791,44.944347048053494,0.012539791634566023,4.218637324529827,-0.24010232352935457,FOLLOW,65.1117871228048,46.24617501421738,48.55848376492825,1.0,True,False,False,22.009611129760742
292,1568.3462161620093,-0.8121851982895617,45.480528660474974,0.010938650773569184,4.337569337670761,-0.21718030765108284,FOLLOW,65.3236261930333,46.74688553710385,49.08422981395904,1.0,True,False,False,22.52936363220215
293,1574.0653966404955,-0.7537209424004192,46.0167138328065,0.009606261124159497,4.208247337872791,-0.19849428107157638,FOLLOW,65.52996613143296,47.229627315924034,49.591108681720236,1.0,True,False,False,23.09441566467285
294,1579.8517554023451,-0.7014726350889933,46.56265053069615,0.0085380098419239,4.496801496253277,-0.18365601587885405,FOLLOW,65.72920889195666,47.692158272919436,50.07676618656541,1.0,True,False,False,22.43661880493164
295,1585.7089397656964,-0.6540533890856524,47.14179627555682,0.007731377171468268,4.705549080482099,-0.17255244702325104,FOLLOW,65.9127654282222,48.03322809581008,50.43488950060059,1.0,True,False,False,22.058963775634766
296,1591.640135275776,-0.6100230841208324,47.73791721414902,0.007185000394168764,4.776736571076931,-0.16433418786091553,FOLLOW,66.06667410196974,48.35586544343867,50.7736587156106,1.0,True,False,False,21.89493179321289
297,1597.6462458116591,-0.5679870633172418,48.33316998467257,0.00685481894823233,4.7024614359498065,-0.15819489436617537,FOLLOW,66.18308902844501,48.59060510582581,51.0201353611171,1.0,True,False,False,22.458314895629883
298,1603.7258469428455,-0.5271391165392678,48.909243853986055,0.006599559167609361,4.482855630686295,-0.15324504657061877,FOLLOW,66.24940008342332,48.744641179305816,51.18187323827111,1.0,True,False,False,22.42755889892578
299,1609.875313890616,-0.48734562998086434,49.448565080942245,0.006355778121681295,4.127758206175921,-0.148976231372262,FOLLOW,66.2581713286711,48.84558961506563,51.28786909581891,1.0,True,False,False,22.9339599609375
300,1616.0890056625415,-0.4486417029787179,49.93636703009786,0.0061149548602120385,3.6721801100836613,-0.14497520577282885,FOLLOW,66.20918280260457,48.93497145178697,51.38172002437632,1.0,True,False,False,22.64690399169922
301,1622.3597411470373,-0.4110872955946214,50.36245070814166,0.005875847394685661,3.1509559020371065,-0.14077529079144518,FOLLOW,66.10595482335998,49.00719807653918,51.45755798036615,1.0,True,False,False,21.68750762939453
302,1628.6793920331427,-0.37474877770238596,50.72179269232282,0.005637312495927964,2.611641305587165,-0.13671611061487535,FOLLOW,65.95510784910425,49.085052304078495,51.53930491928242,1.0,True,False,False,22.091150283813477
303,1635.039469568171,-0.3396965249814844,51.012496858360024,0.005398247274791948,2.0606427990266063,-0.1325730382963326,FOLLOW,65.76387732402964,49.13762136235799,51.59450243047589,1.0,True,False,False,21.81696891784668
304,1641.4315115864722,-0.30600043312835573,51.237972335479874,0.0051578391747500296,1.5696113579168327,-0.12842268550798963,FOLLOW,65.53831984547173,49.19167119432407,51.65125475404028,1.0,True,False,False,22.01366424560547
305,1647.8479385319583,-0.2737248409396101,51.40754868622677,0.004915469872381546,1.1648339414105138,-0.12416590209868772,FOLLOW,65.28865329813766,49.25876008687778,51.72169809122167,1.0,True,False,False,22.824525833129883
306,1654.2824898126698,-0.2429247289531586,51.532388214188614,0.004671039959480061,0.8513048763694155,-0.11965030451698552,FOLLOW,65.02176356192945,49.30704200007081,51.77239410007435,1.0,True,False,False,22.902965545654297
307,1660.7303931041922,-0.2136438505654376,51.62531868797505,0.004424507396601841,0.6472983536538552,-0.11506264121046633,FOLLOW,64.74331965528404,49.367873470861255,51.83626714440432,1.0,True,False,False,22.14646339416504
308,1667.1885327129928,-0.18591582078573118,51.69927910786746,0.004176181893940616,0.5388563706513024,-0.11039699468344771,FOLLOW,64.45949778129125,49.43488586932481,51.90663016279105,1.0,True,False,False,22.887229919433594
309,1673.6552540847342,-0.1597467799392629,51.76456533384085,0.003930569230702005,0.49972288442905083,-0.10563733199521153,FOLLOW,64.17399413805651,49.50729175928682,51.982656347251165,1.0,True,False,False,21.732568740844727
310,1680.129970251956,-0.13515084684439943,51.828228049161886,0.003681588761027636,0.5061001874163983,-0.10080213824680985,FOLLOW,63.88956800586698,49.59340731697446,52.07307768282318,1.0,True,False,False,22.19867706298828
311,1686.6127960505673,-0.11213268223495569,51.89469945395928,0.00343314828636645,0.5402367016994204,-0.09592830136541296,FOLLOW,63.60851579497103,49.68835333478692,52.172771001526264,1.0,True,False,False,22.333621978759766
312,1693.1042773380586,-0.09070124798973313,51.96671786909924,0.003184468911525348,0.5918683627634629,-0.09107004880799528,FOLLOW,63.33151825416007,49.79122699531937,52.28078834508534,1.0,True,False,False,22.321701049804688
313,1699.6052351342096,-0.07082260465668382,52.04607893178698,0.0029477333957329687,0.6551325406158068,-0.08625792729964238,FOLLOW,63.05946173000598,49.90827724107682,52.40369110313066,1.0,True,False,False,21.76213264465332
314,1706.116658108424,-0.05239321136925422,52.13370924637024,0.0027273479351921795,0.7227736191798149,-0.08141617110290822,FOLLOW,62.793119083728925,50.03611719769146,52.53792305757604,1.0,True,False,False,22.352218627929688
