right_bound_x,right_bound_y,right_bound_z,left_bound_x,left_bound_y,left_bound_z
-29.764551,-129.077968,25.468226,-31.798275,-114.694784,25.176535
-27.787292,-128.779966,25.467228,-29.819079,-114.409223,25.174891
-25.804994,-128.517902,25.467194,-27.837442,-114.140618,25.173369
-23.829240,-128.209853,25.465062,-25.856267,-113.868441,25.171769
-21.850644,-127.921854,25.462501,-23.878725,-113.570625,25.169587
-19.866795,-127.670998,25.460755,-21.897217,-113.300887,25.168164
-17.888284,-127.382333,25.458415,-19.912570,-113.053410,25.168054
-15.910200,-127.090595,25.456022,-17.934128,-112.762059,25.167030
-13.930149,-126.812749,25.453906,-15.951621,-112.499521,25.166712
-11.947861,-126.550724,25.452102,-13.974577,-112.198325,25.165886
-9.968186,-126.270143,25.449931,-11.991123,-111.942572,25.166017
-7.988096,-125.992466,25.448196,-10.011608,-111.658960,25.165561
-6.008290,-125.712756,25.448935,-8.031020,-111.382971,25.165264
-4.028008,-125.436362,25.450399,-6.054894,-111.075427,25.164517
-2.047872,-125.158907,25.451853,-4.075705,-110.789598,25.164827
-0.069534,-124.868685,25.453047,-2.096114,-110.506650,25.165223
1.912574,-124.605125,25.454765,-0.111934,-110.256279,25.166273
3.894009,-124.336773,25.456390,1.865179,-109.955855,25.166316
5.872428,-124.047012,25.457592,3.848650,-109.700523,25.167262
7.852349,-123.767841,25.459003,5.827990,-109.415959,25.167623
9.831422,-123.482628,25.459970,7.802743,-109.098899,25.167326
11.812768,-123.213509,25.458717,9.784036,-108.828235,25.167326
13.793334,-122.938805,25.456689,11.765904,-108.561699,25.167319
15.773783,-122.663246,25.454645,13.743490,-108.264833,25.166672
17.754227,-122.387620,25.452601,15.721342,-107.969872,25.166086
19.729854,-122.077782,25.449877,17.704065,-107.709516,25.166182
21.713651,-121.825858,25.448302,19.684694,-107.434333,25.165997
23.692534,-121.539055,25.446044,21.661381,-107.131214,25.165231
25.670188,-121.243479,25.443601,23.641234,-106.850616,25.164931
27.649440,-120.959204,25.442319,25.625359,-106.600341,25.165233
29.631639,-120.695817,25.444050,27.603632,-106.308585,25.164652
31.613054,-120.426807,25.445851,29.580830,-106.009255,25.163910
33.593131,-120.148278,25.447486,31.562832,-105.744038,25.163870
35.571315,-119.856296,25.448877,33.542750,-105.464059,25.163531
37.548771,-119.559089,25.450172,35.519486,-105.161558,25.162719
39.531909,-119.302170,25.452187,37.503658,-104.911839,25.163001
41.512943,-119.030300,25.453948,39.483967,-104.634745,25.162721
43.493532,-118.755208,25.455700,41.464170,-104.356954,25.162421
45.468638,-118.441192,25.456767,43.442555,-104.066290,25.162605
47.448278,-118.159318,25.458677,45.422875,-103.789382,25.164612
49.431273,-117.901194,25.461070,47.403331,-103.513496,25.166855
51.410489,-117.616229,25.462912,49.383165,-103.233223,25.168990
53.391380,-117.343118,25.465006,51.362868,-102.952046,25.171117
55.369832,-117.052655,25.466748,53.341649,-102.664382,25.173087
57.352703,-116.793510,25.469113,55.322431,-102.390941,25.175380
59.328362,-116.483180,25.470466,57.299301,-102.089780,25.177055
61.309090,-116.208751,25.472093,59.283581,-101.841232,25.179372
63.292547,-115.953648,25.473171,61.258467,-101.526086,25.178594
65.268628,-115.646206,25.473134,63.241448,-101.268375,25.179108
67.251816,-115.389115,25.474177,65.219974,-100.979126,25.178916
69.230791,-115.102116,25.474580,67.199679,-100.698273,25.178896
71.211334,-114.826206,25.475212,69.181349,-100.431373,25.179195
73.188718,-114.527850,25.475375,71.163211,-100.165888,25.179532
75.168511,-114.246544,25.475705,73.141787,-99.877132,25.179351
77.151588,-113.988490,25.475490,75.119589,-99.582913,25.178436
79.132909,-113.717935,25.474856,77.097337,-99.288374,25.177454
81.113316,-113.440870,25.474096,79.080705,-99.033698,25.177342
83.092786,-113.157143,25.473201,81.059770,-98.748553,25.176552
85.069027,-112.850470,25.471829,83.039205,-98.466078,25.175835
87.051650,-112.588998,25.471382,85.019105,-98.186937,25.175187
89.031291,-112.306368,25.470518,86.999883,-97.914035,25.174690
91.011884,-112.030432,25.469787,88.978595,-97.626549,25.174088
92.991379,-111.746692,25.468865,90.958316,-97.346244,25.173682
94.969266,-111.451537,25.467712,92.939942,-97.079461,25.173528
96.953437,-111.200823,25.467497,94.916683,-96.778128,25.172703
98.930045,-110.896532,25.466141,96.897255,-96.503959,25.172400
100.908827,-110.607610,25.465127,98.878768,-96.236479,25.172250
102.891572,-110.346693,25.465653,100.859329,-95.962302,25.172027
104.872162,-110.070485,25.467296,102.837751,-95.673024,25.171665
106.849825,-109.773536,25.468504,104.815764,-95.380879,25.171271
108.834578,-109.526697,25.470761,106.798570,-95.122696,25.171609
110.813260,-109.236882,25.472118,108.775540,-94.823263,25.171052
112.792999,-108.954512,25.473485,110.757111,-94.556395,25.171204
114.775469,-108.691410,25.473512,112.738638,-94.289269,25.172410
116.755392,-108.410257,25.472771,114.718270,-94.008766,25.173702
118.735129,-108.127768,25.471998,116.692706,-93.691563,25.174204
120.712519,-107.828642,25.470889,118.676368,-93.439626,25.176113
122.695316,-107.567692,25.470625,120.654732,-93.150283,25.177219
124.672522,-107.267214,25.472602,122.633346,-92.862728,25.178600
126.653717,-106.994867,25.475443,124.613645,-92.587132,25.180289
128.634123,-106.716909,25.478213,126.591953,-92.297508,25.181677
130.615475,-106.445611,25.481166,128.572991,-92.027184,25.183462
132.594788,-106.159863,25.484091,130.555301,-91.765885,25.185465
134.572605,-105.863527,25.491175,132.531284,-91.459960,25.192125
136.556356,-105.609038,25.500025,134.511540,-91.184224,25.201130
138.535198,-105.319859,25.508143,136.491285,-90.904925,25.210060
140.516538,-105.048268,25.516650,138.469486,-90.614781,25.218758
142.493713,-104.747290,25.524521,140.451291,-90.350066,25.227994
144.476378,-104.484955,25.533225,142.430685,-90.068403,25.236867
146.453099,-104.180708,25.543436,144.412015,-89.800408,25.247359
148.437336,-103.929378,25.556094,146.387405,-89.490597,25.258126
150.415908,-103.638093,25.567938,148.367487,-89.213900,25.269625
152.396148,-103.358527,25.580027,150.349742,-88.952519,25.281452
154.376266,-103.078086,25.592094,152.330450,-88.680257,25.293042
156.358037,-102.809438,25.604407,154.305156,-88.365595,25.303710
158.337064,-102.521893,25.616324,156.288118,-88.108615,25.315641
160.320248,-102.263990,25.628981,158.265729,-87.813592,25.326727
162.299532,-101.979778,25.639420,160.247583,-87.547290,25.337562
164.280012,-101.704646,25.648644,162.229134,-87.278202,25.347180
166.255023,-101.391646,25.657096,164.204266,-86.963348,25.355801
168.234914,-101.114123,25.666334,166.186314,-86.695999,25.365447
170.215872,-100.844791,25.675757,168.168433,-86.428498,25.375100
172.196747,-100.575488,25.685179,170.150591,-86.160672,25.384744
174.171978,-100.267571,25.693747,172.125873,-85.843252,25.393305
176.150432,-99.983030,25.702830,174.108258,-85.575210,25.402947
178.128585,-99.696968,25.711844,176.089491,-85.298442,25.412874
180.109582,-99.432140,25.721251,178.068649,-85.005866,25.424392
182.089379,-99.159537,25.730483,180.050568,-84.732124,25.436323
184.067401,-98.874992,25.739442,182.033742,-84.466679,25.448423
186.045264,-98.590460,25.748418,184.010322,-84.153331,25.459501
188.027676,-98.338931,25.758112,185.991900,-83.874712,25.471328
190.000853,-98.022377,25.766482,187.973379,-83.594762,25.483182
191.982583,-97.767829,25.776860,189.955004,-83.314694,25.493273
193.957351,-97.464344,25.786973,191.940315,-83.060240,25.502854
195.937806,-97.202073,25.797737,193.922333,-82.781682,25.511978
197.916235,-96.926502,25.808294,195.901930,-82.484603,25.520751
199.896289,-96.663096,25.819643,197.884052,-82.205088,25.529926
201.871908,-96.367824,25.833944,199.867930,-81.938182,25.541961
203.849785,-96.084070,25.849173,201.847446,-81.644552,25.554187
205.827336,-95.789513,25.864159,203.832000,-81.395698,25.567289
207.809514,-95.520632,25.878208,205.809740,-81.105440,25.579205
209.791884,-95.235765,25.889759,207.785332,-80.817246,25.590434
211.775222,-94.947065,25.901229,209.764331,-80.564439,25.602313
213.762897,-94.680029,25.910893,211.738461,-80.286124,25.612221
215.752929,-94.412649,25.918503,213.709231,-80.001016,25.620259
217.739779,-94.112379,25.925914,215.679750,-79.724721,25.628497
219.731624,-93.838141,25.934917,217.648147,-79.442502,25.637822
221.726179,-93.566166,25.944202,219.615021,-79.165795,25.647656
223.720772,-93.276877,25.952015,221.575964,-78.865983,25.658935
225.720788,-92.995992,25.959127,223.540522,-78.617446,25.673503
227.752053,-92.706532,25.965567,225.468840,-78.340101,25.685717
229.828521,-92.400801,25.972614,227.345866,-78.033366,25.696202
231.942748,-92.057161,25.987211,229.175682,-77.701401,25.708827
234.144956,-91.598030,26.006776,230.886165,-77.314090,25.718852
236.396459,-91.066234,26.028688,232.520188,-76.887745,25.725710
238.662399,-90.365218,26.043485,234.084937,-76.431216,25.732211
240.964166,-89.527886,26.063109,235.542567,-75.895167,25.740459
243.214383,-88.548004,26.082317,236.944086,-75.246570,25.748364
245.390371,-87.408818,26.097350,238.329557,-74.568247,25.755233
247.471284,-86.148869,26.115420,239.676190,-73.768324,25.761903
249.473435,-84.803983,26.131883,241.002502,-72.901164,25.768578
251.393907,-83.367248,26.145668,242.280223,-71.938360,25.775885
253.257836,-81.885052,26.159205,243.520264,-70.894443,25.786298
255.001095,-80.272405,26.168651,244.728035,-69.803256,25.797150
256.632336,-78.551923,26.180832,245.889751,-68.654606,25.810670
258.193267,-76.768243,26.194132,246.949844,-67.410386,25.820289
259.645860,-74.891033,26.204862,247.936780,-66.115994,25.831339
260.979059,-72.923304,26.212300,248.857386,-64.779990,25.843770
262.256062,-70.902243,26.227702,249.692315,-63.408285,25.852555
263.406402,-68.793492,26.241240,250.447522,-62.009080,25.860936
264.443391,-66.614244,26.249647,251.109409,-60.577994,25.874436
265.352467,-64.345935,26.256771,251.682146,-59.145803,25.888525
266.157239,-62.022681,26.269172,252.184255,-57.708319,25.901872
266.817208,-59.636598,26.281614,252.614983,-56.262465,25.913402
267.375485,-57.221832,26.295344,252.925683,-54.783642,25.921173
267.784738,-54.801689,26.304827,253.199785,-53.265502,25.931727
268.048113,-52.383740,26.317158,253.402381,-51.701293,25.944353
268.198501,-50.010186,26.330063,253.509816,-50.064844,25.959100
268.177398,-47.673564,26.340498,253.518929,-48.382342,25.972240
268.024209,-45.375582,26.350411,253.441521,-46.666616,25.988681
267.766856,-43.143717,26.359719,253.228897,-44.908995,26.002483
267.382893,-40.970197,26.367436,252.926837,-43.127815,26.014711
266.940616,-38.839419,26.375856,252.551041,-41.332755,26.023836
266.463273,-36.767866,26.384648,252.144342,-39.498132,26.031142
265.983920,-34.728337,26.393397,251.695107,-37.645059,26.038063
265.486230,-32.714555,26.401345,251.257336,-35.770427,26.047112
265.045112,-30.711858,26.409290,250.851133,-33.866238,26.059118
264.544326,-28.729135,26.416729,250.419144,-31.961192,26.068919
264.086265,-26.742057,26.427279,249.958264,-30.057562,26.078765
263.616642,-24.766107,26.438213,249.509821,-28.142340,26.087428
263.163422,-22.791795,26.447598,249.050797,-26.223755,26.095527
262.689460,-20.827216,26.455174,248.613300,-24.294848,26.103938
262.210281,-18.872626,26.464003,248.144954,-22.364445,26.111868
261.763432,-16.915829,26.476782,247.700918,-20.421933,26.121910
261.273892,-14.974598,26.488597,247.230796,-18.480846,26.131792
260.828520,-13.031151,26.503272,246.784174,-16.525036,26.142899
260.363411,-11.097480,26.519137,246.303108,-14.573018,26.154294
259.916390,-9.162702,26.535631,245.837663,-12.613897,26.166084
259.453763,-7.233598,26.551721,245.370283,-10.653544,26.177903
258.998834,-5.301248,26.568086,244.917003,-8.691237,26.190085
258.527113,-3.371746,26.583518,244.461775,-6.730653,26.202081
258.060087,-1.438727,26.597308,243.991415,-4.776032,26.213029
257.602293,0.498181,26.611256,243.536652,-2.819381,26.224181
257.150824,2.437924,26.625231,243.083883,-0.863607,26.235288
256.689001,4.377575,26.637871,242.628686,1.089288,26.245604
256.226624,6.318792,26.650474,242.187330,3.043751,26.256164
255.763614,8.261201,26.662870,241.730742,4.993343,26.266311
255.281896,10.201533,26.673726,241.265080,6.938583,26.276291
254.838219,12.151883,26.685339,240.791816,8.880903,26.286121
254.347070,14.091918,26.695067,240.341144,10.827742,26.296583
253.894795,16.041463,26.705446,239.897808,12.775838,26.307404
253.451454,17.993048,26.715188,239.463054,14.725991,26.318708
252.959522,19.933240,26.723555,238.979764,16.664846,26.328698
252.493267,21.879343,26.732664,238.548668,18.615981,26.340105
252.033365,23.826872,26.742432,238.083763,20.559266,26.351463
251.582521,25.776477,26.752871,237.645262,22.508783,26.364785
251.101922,27.719024,26.762504,237.175242,24.450990,26.377275
250.657198,29.669929,26.773195,236.730823,26.399262,26.390478
250.184358,31.614185,26.784997,236.268476,28.343370,26.402519
249.722746,33.560998,26.798469,235.803730,30.286991,26.413744
249.270961,35.510066,26.812126,235.368792,32.237684,26.425779
248.788972,37.451976,26.825171,234.906080,34.181887,26.437569
248.346508,39.403116,26.838911,234.459355,36.129936,26.453282
247.868144,41.345738,26.851967,233.995227,38.073941,26.469167
247.393450,43.289174,26.866445,233.549688,40.022376,26.485586
246.943546,45.238381,26.887844,233.073030,41.963547,26.504751
246.487686,47.186127,26.910690,232.639271,43.914904,26.526127
246.021984,49.131502,26.933497,232.162155,45.856066,26.546537
245.557756,51.077147,26.958004,231.730131,47.807963,26.571012
245.079394,53.019391,26.982301,231.252692,49.749181,26.596278
244.603090,54.962074,27.006909,230.804004,51.697244,26.622322
244.147123,56.909490,27.035089,230.332918,53.640086,26.650608
243.669302,58.851676,27.064192,229.886494,55.588823,26.682202
243.207031,60.797496,27.093688,229.440989,57.537824,26.713852
242.763688,62.747723,27.126697,228.986759,59.484838,26.747049
242.286698,64.689923,27.160801,228.498998,61.423967,26.781706
241.809738,66.632085,27.195025,228.053762,63.373214,26.817546
241.346918,68.577519,27.232961,227.601329,65.320835,26.855095
240.904512,70.527732,27.274768,227.126860,67.263291,26.895836
240.429777,72.470241,27.315649,226.693433,69.215518,26.937736
239.973254,74.416987,27.358518,226.222913,71.159034,26.979715
239.498894,76.359451,27.402056,225.761213,73.104697,27.023471
239.053086,78.308634,27.446901,225.327258,75.056978,27.068214
238.594414,80.254691,27.494256,224.880308,77.006257,27.116534
238.120779,82.197147,27.541546,224.440209,78.957215,27.166333
237.649778,84.140183,27.589071,223.965954,80.900129,27.215392
237.171347,86.081384,27.637930,223.540693,82.854719,27.267249
236.738950,88.033424,27.688762,223.066957,84.797890,27.318902
236.266960,89.976048,27.738457,222.608678,86.744765,27.370984
235.790445,91.917527,27.790177,222.185934,88.700121,27.427329
235.328571,93.862411,27.843713,221.719515,90.645202,27.485367
234.853700,95.804180,27.897778,221.268083,92.593872,27.543934
234.391923,97.748969,27.958105,220.831910,94.546219,27.604256
233.941374,99.696349,28.019854,220.381603,96.495283,27.664883
233.475194,101.639961,28.081480,219.897916,98.436547,27.724667
233.015463,103.584851,28.145615,219.471608,100.391590,27.789526
232.550624,105.527942,28.210483,218.999019,102.336310,27.854635
232.099146,107.473649,28.277388,218.575801,104.293177,27.921826
231.636787,109.415659,28.346827,218.118805,106.243211,27.990619
231.174403,111.356731,28.416547,217.691923,108.201222,28.060424
230.708663,113.296324,28.489394,217.252581,110.156980,28.132973
230.237776,115.233591,28.563182,216.801662,112.111154,28.206977
229.778845,117.172736,28.636991,216.328335,114.061052,28.280944
229.322351,119.111782,28.709871,215.888586,116.019401,28.358516
228.867198,121.050044,28.782576,215.421400,117.972548,28.436211
228.395491,122.983699,28.856617,214.996219,119.936167,28.515275
227.948204,124.923171,28.934256,214.509545,121.885619,28.593584
227.494865,126.864408,29.011944,214.083686,123.845748,28.672622
227.007423,128.810553,29.089192,213.628479,125.786592,28.751812
226.528928,130.769619,29.166928,213.163214,127.713890,28.831680
226.070674,132.759055,29.246131,212.750434,129.626902,28.912006
225.584250,134.762331,29.322646,212.321097,131.515437,28.992758
225.102327,136.782710,29.401722,211.868049,133.382380,29.075880
224.553553,138.814637,29.483564,211.406954,135.218871,29.159331
223.980093,140.860746,29.566139,210.936986,137.032577,29.242830
223.333902,142.902072,29.646838,210.435111,138.821398,29.328904
222.645073,144.959723,29.729276,209.889667,140.567545,29.414767
221.879593,147.011514,29.813715,209.287095,142.272826,29.505840
221.057000,149.056730,29.898132,208.588644,143.924382,29.596164
220.168450,151.095128,29.983885,207.876456,145.547278,29.682435
219.205576,153.101671,30.071134,207.118186,147.145304,29.766526
218.194436,155.085281,30.158120,206.346263,148.737200,29.852575
217.155206,157.052311,30.243292,205.526575,150.311442,29.937407
216.028474,158.967781,30.328172,204.630083,151.846888,30.020655
214.845366,160.847697,30.413740,203.702694,153.368438,30.100960
213.565944,162.659907,30.497275,202.694837,154.842573,30.181396
212.265421,164.454094,30.582417,201.622581,156.273075,30.264392
210.876149,166.178575,30.664347,200.508704,157.673397,30.342681
209.450855,167.870359,30.746217,199.330841,159.023482,30.417134
207.974880,169.515770,30.829586,198.134296,160.358061,30.496537
206.440870,171.105828,30.912656,196.884574,161.644474,30.580175
204.867727,172.655509,30.997322,195.588506,162.886030,30.662690
203.256397,174.164474,31.081545,194.271730,164.105810,30.743236
201.589579,175.611677,31.163863,192.917421,165.284790,30.825592
199.882581,177.011241,31.245318,191.515173,166.407245,30.907154
198.142979,178.370620,31.324372,190.074818,167.478908,30.989149
196.341029,179.646705,31.403269,188.613893,168.521170,31.071500
194.493636,180.856713,31.482742,187.117921,169.511446,31.153704
192.621202,182.027565,31.564851,185.592607,170.452792,31.235880
190.707197,183.130273,31.648754,184.044847,171.354612,31.321335
188.754331,184.165299,31.731828,182.471883,172.208654,31.403573
186.777663,185.152369,31.812670,180.872499,173.010495,31.483945
184.770363,186.068713,31.892817,179.224299,173.713122,31.563111
182.732529,186.884442,31.970537,177.561891,174.406826,31.643158
180.710495,187.676245,32.046999,175.846681,175.024629,31.727271
178.682566,188.404850,32.120646,174.117874,175.650046,31.812667
176.677413,189.110878,32.192400,172.342912,176.233643,31.895989
174.679442,189.761687,32.257780,170.542780,176.820611,31.979673
172.697266,190.405469,32.321460,168.721866,177.403458,32.063691
170.742759,191.044508,32.382112,166.871399,177.992715,32.147651
168.808026,191.668447,32.440192,164.989820,178.564455,32.231394
166.885657,192.273728,32.496879,163.103526,179.184164,32.316569
164.992674,192.874903,32.549395,161.181927,179.786991,32.400764
163.124338,193.479424,32.600268,159.240467,180.398602,32.482367
161.265156,194.065824,32.650958,157.285811,181.009809,32.564337
159.421184,194.660804,32.703087,155.326470,181.642692,32.646076
157.571635,195.258825,32.756145,153.372344,182.270596,32.726046
155.713033,195.848908,32.809490,151.420646,182.887724,32.805722
153.839565,196.438383,32.864692,149.481132,183.501401,32.882035
151.960232,197.046469,32.921049,147.554670,184.120809,32.955474
150.066542,197.639089,32.977926,145.634406,184.733836,33.028637
148.157622,198.228960,33.036336,143.728613,185.348726,33.101633
146.243276,198.837654,33.095497,141.831098,185.952752,33.174313
144.320767,199.447222,33.155708,139.947609,186.571707,33.246586
142.387344,200.063486,33.218078,138.069102,187.163904,33.317114
140.444499,200.677448,33.279709,136.201052,187.758401,33.386776
138.487636,201.258431,33.336107,134.332951,188.339968,33.451394
136.538509,201.862276,33.391816,132.472753,188.945791,33.513430
134.604606,202.492928,33.446242,130.601944,189.541326,33.575803
132.665183,203.090050,33.500538,128.728709,190.146794,33.637868
130.741238,203.710978,33.552657,126.844812,190.746915,33.698660
128.816715,204.305534,33.603777,124.952236,191.344675,33.757461
126.899880,204.908574,33.652297,123.052489,191.936894,33.815512
124.992229,205.514313,33.697527,121.143990,192.528800,33.870416
123.093580,206.125216,33.740933,119.237539,193.152850,33.923765
121.193854,206.714414,33.780447,117.319284,193.754588,33.973606
119.309518,207.325485,33.819807,115.397931,194.374100,34.022226
117.426059,207.914066,33.862801,113.464243,194.976301,34.076991
115.556267,208.528814,33.906038,111.531942,195.599568,34.132771
113.686774,209.114932,33.949664,109.592116,196.225912,34.186744
111.826119,209.705218,33.993078,107.647634,196.859842,34.239583
109.986384,210.342103,34.035418,105.704457,197.513634,34.290161
108.137693,210.924561,34.078821,103.764266,198.202003,34.339897
106.309291,211.545278,34.121503,101.789876,198.813471,34.392216
104.482991,212.157671,34.164154,99.847357,199.531934,34.441778
102.673825,212.793644,34.206336,97.895461,200.249891,34.489588
100.889360,213.475628,34.246446,95.940019,200.979594,34.536193
99.107680,214.151920,34.283210,93.990805,201.741187,34.583245
97.364531,214.900023,34.318832,92.043016,202.530871,34.630506
95.636326,215.668856,34.356467,90.096314,203.338547,34.676667
93.921917,216.461125,34.393281,88.168948,204.198636,34.719871
92.230679,217.298040,34.428986,86.258625,205.100399,34.760890
90.547579,218.151300,34.465929,84.364256,206.034248,34.800178
88.876420,219.028291,34.501213,82.472781,206.974778,34.840133
87.219956,219.934086,34.538296,80.597635,207.947463,34.878494
85.570579,220.853700,34.577271,78.741106,208.954928,34.915901
83.936089,221.800582,34.611368,76.926430,210.035108,34.949797
82.326833,222.790987,34.644042,75.130190,211.144172,34.982845
80.716662,223.780894,34.677602,73.350151,212.277524,35.017197
79.137592,224.820329,34.710642,71.602583,213.459576,35.050062
77.565037,225.870619,34.743373,69.872328,214.665018,35.081817
76.022999,226.965743,34.775387,68.128169,215.849259,35.114152
74.476356,228.055063,34.804798,66.422662,217.088089,35.144390
72.959720,229.186635,34.836013,64.712253,218.320514,35.174812
71.456871,230.336939,34.865121,63.034228,219.596297,35.203696
69.968402,231.506434,34.892486,61.379475,220.902096,35.232088
68.503484,232.706003,34.919498,59.759621,222.250614,35.260128
67.039293,233.907535,34.945915,58.136787,223.595476,35.288358
65.630935,235.174156,34.971195,56.563711,224.998009,35.314196
64.218302,236.436065,34.995785,54.991047,226.400822,35.339981
62.829503,237.724356,35.019495,53.444722,227.832584,35.364133
61.460726,239.034134,35.042387,51.952983,229.321194,35.385712
60.100974,240.353958,35.064533,50.442085,230.789974,35.408003
58.794928,241.726830,35.084681,48.978029,232.305352,35.428373
57.502735,243.112212,35.103599,47.536829,233.842331,35.447691
56.226351,244.511960,35.120258,46.124866,235.406210,35.464682
55.000579,245.956110,35.135552,44.742285,236.995871,35.479514
53.771949,247.396627,35.152692,43.396514,238.616634,35.492735
52.555761,248.847498,35.169787,42.050151,240.236443,35.506487
51.391933,250.340384,35.185267,40.726258,241.874843,35.523104
50.213605,251.821271,35.201563,39.423828,243.530684,35.539338
49.078317,253.335149,35.217929,38.135566,245.198454,35.555243
47.971280,254.869157,35.234068,36.892944,246.900851,35.569852
46.859273,256.399542,35.248410,35.675978,248.621957,35.583314
45.798043,257.965168,35.260791,34.499891,250.371736,35.594922
44.775480,259.555587,35.271272,33.318273,252.118323,35.604212
43.763760,261.152139,35.282772,32.205160,253.909715,35.610656
42.787544,262.770021,35.293745,31.106615,255.710283,35.618542
41.826705,264.396129,35.301798,30.046470,257.534033,35.626081
40.883443,266.032125,35.309099,29.012975,259.373079,35.633156
39.972207,267.685657,35.316166,28.024640,261.237305,35.637794
39.120730,269.370043,35.320328,27.046441,263.106763,35.642117
38.265260,271.051255,35.324207,26.096862,264.991209,35.645887
37.412016,272.733489,35.326998,25.171998,266.888625,35.649730
36.617758,274.443543,35.328039,24.277771,268.801260,35.652983
35.861912,276.170457,35.328455,23.391295,270.718277,35.656168
35.100054,277.894688,35.329512,22.548132,272.655361,35.658247
34.389318,279.641095,35.333098,21.732769,274.604036,35.659474
33.681741,281.389714,35.334681,20.951686,276.566537,35.659894
33.023242,283.158529,35.333290,20.207972,278.542867,35.659766
32.395546,284.939372,35.331235,19.515744,280.536852,35.657535
31.787221,286.727695,35.328539,18.847041,282.538218,35.654894
31.231066,288.533870,35.325741,18.189638,284.542932,35.652413
30.698486,290.347655,35.322328,17.586600,286.563869,35.648633
30.197592,292.170845,35.318038,17.049129,288.602723,35.641445
29.728284,294.003088,35.314691,16.476800,290.631545,35.635779
29.291047,295.843638,35.307951,15.992667,292.682351,35.629199
28.862601,297.686557,35.297034,15.529844,294.737341,35.622265
28.436654,299.531332,35.286877,15.069831,296.792623,35.614689
28.063685,301.388053,35.276822,14.643445,298.854844,35.605150
27.698094,303.247088,35.265589,14.242888,300.922336,35.593955
27.364103,305.113008,35.253934,13.879501,302.996580,35.581629
27.078217,306.987306,35.242810,13.577271,305.080139,35.568318
26.820347,308.866024,35.230685,13.301595,307.167028,35.554128
26.579021,310.747647,35.216532,13.059529,309.257747,35.539193
26.396185,312.636036,35.200807,12.871585,311.353609,35.524750
26.234434,314.526379,35.186397,12.687094,313.449262,35.510139
26.113421,316.419962,35.172374,12.574055,315.549909,35.492948
26.043573,318.315979,35.151864,12.456523,317.649577,35.474564
25.963916,320.210689,35.131393,12.402051,319.752104,35.455173
25.961234,322.106407,35.110887,12.368538,321.855541,35.435922
25.948245,323.998959,35.085586,12.356916,323.960844,35.415483
25.960884,325.889878,35.063846,12.361333,326.067637,35.393696
26.023871,327.777204,35.044923,12.424862,328.176078,35.371188
26.100302,329.661053,35.025046,12.501917,330.286241,35.349200
26.204319,331.541756,35.003739,12.590355,332.398072,35.326961
26.318736,333.419519,34.981277,12.721471,334.510736,35.303652
26.514795,335.287840,34.955789,12.864687,336.626057,35.280251
26.724092,337.152362,34.930903,13.079454,338.737133,35.255419
26.956009,339.011498,34.907365,13.337067,340.846336,35.229433
27.188993,340.869030,34.882466,13.634539,342.952301,35.202256
27.488038,342.717503,34.854069,13.956142,345.054662,35.174744
27.803059,344.566999,34.825239,14.361638,347.139360,35.146232
28.164006,346.418068,34.792695,14.764574,349.214297,35.118589
28.548441,348.271989,34.761060,15.210018,351.273333,35.088747
28.935404,350.138019,34.731438,15.658910,353.320315,35.059603
29.373943,352.004396,34.699599,16.162717,355.342331,35.027097
29.877635,353.862091,34.661565,16.682850,357.352272,34.993909
30.361535,355.736498,34.626171,17.224558,359.344803,34.961059
30.899847,357.607658,34.592117,17.780451,361.321451,34.926968
31.457514,359.480735,34.556515,18.373862,363.279463,34.890952
32.001755,361.369070,34.520470,18.959766,365.227803,34.854348
32.593218,363.253637,34.483077,19.595414,367.150724,34.815740
33.162481,365.150067,34.446203,20.197211,369.078212,34.777995
33.742732,367.048895,34.408540,20.806047,370.997746,34.739974
34.336226,368.945572,34.370161,21.420656,372.913507,34.701109
34.930799,370.842986,34.331840,22.057000,374.821366,34.658760
35.518636,372.743864,34.293752,22.660417,376.737937,34.616655
36.111792,374.644501,34.255744,23.249193,378.657671,34.571845
36.686640,376.551819,34.219250,23.862591,380.568790,34.524690
37.288080,378.452229,34.182162,24.457904,382.484184,34.477985
37.880823,380.356803,34.145522,25.052491,384.398414,34.426853
38.459164,382.266883,34.109571,25.618349,386.320791,34.375407
39.054408,384.173040,34.073236,26.224045,388.229228,34.322392
39.651387,386.080364,34.035554,26.812670,390.141364,34.266372
40.250558,387.988469,33.996009,27.414384,392.047892,34.209424
40.845207,389.900624,33.956490,28.006865,393.954719,34.152711
41.433949,391.818202,33.916065,28.581800,395.863479,34.096530
42.005889,393.743388,33.874625,29.160320,397.768666,34.040387
42.592419,395.667451,33.832857,29.723219,399.675098,33.984750
43.201715,397.588093,33.790222,30.313948,401.569068,33.930451
43.793309,399.516622,33.747527,30.892267,403.464424,33.876684
44.376705,401.451142,33.702830,31.479507,405.353508,33.814613
44.989948,403.380398,33.654733,32.055478,407.242329,33.750973
45.563396,405.324032,33.606440,32.609667,409.135231,33.684093
46.136003,407.271401,33.557224,33.191827,411.016502,33.615567
46.711989,409.220737,33.507426,33.723501,412.909591,33.548948
47.313942,411.164349,33.457244,34.271108,414.796882,33.480794
47.885596,413.118041,33.406808,34.810608,416.685450,33.412443
48.426990,415.080559,33.353691,35.315246,418.583238,33.345559
48.966971,417.043837,33.301534,35.794844,420.487340,33.274904
49.468909,419.017425,33.250286,36.286554,422.387875,33.203030
49.964921,420.992762,33.200491,36.780477,424.287607,33.133489
50.475405,422.964791,33.148911,37.251750,426.192879,33.062011
50.946399,424.946850,33.093651,37.680534,428.108065,32.987957
51.416209,426.929473,33.035345,38.132861,430.017155,32.913554
51.875950,428.914678,32.979889,38.589879,431.925075,32.843263
52.303300,430.907449,32.924387,38.986481,433.846322,32.774769
52.730264,432.900470,32.867264,39.419653,435.759083,32.704426
53.152492,434.894671,32.811361,39.842993,437.673946,32.629012
53.560599,436.892112,32.754497,40.217002,439.598798,32.552289
53.950828,438.893415,32.696706,40.582877,441.524734,32.476683
54.363325,440.890633,32.639904,40.957388,443.448661,32.402359
54.723855,442.898129,32.583507,41.303414,445.377650,32.328457
55.065530,444.909185,32.527903,41.647651,447.306503,32.254530
55.432713,446.915839,32.471395,41.986835,449.236013,32.181990
55.776050,448.927021,32.413619,42.322973,451.165814,32.111816
56.090988,450.943173,32.354131,42.662426,453.094927,32.044798
56.419152,452.957386,32.294629,42.933898,455.034679,31.971713
56.704977,454.978358,32.233200,43.244743,456.968018,31.903873
56.975450,457.001359,32.171262,43.519667,458.906716,31.836668
57.264470,459.021540,32.109232,43.774167,460.848296,31.769970
57.538397,461.043569,32.046773,44.047484,462.787659,31.704842
57.773838,463.070036,31.983234,44.305601,464.729600,31.639810
58.010498,465.095908,31.919490,44.521934,466.676944,31.573554
58.254070,467.120611,31.855179,44.773733,468.620618,31.507985
58.475848,469.147373,31.788248,44.984370,470.569478,31.443943
58.691655,471.174541,31.721609,45.212360,472.516950,31.379428
58.893135,473.202825,31.656014,45.379092,474.470969,31.312240
59.064812,475.233412,31.590860,45.571464,476.422969,31.249932
59.230515,477.264132,31.526887,45.725374,478.378648,31.188027
59.371671,479.296336,31.462601,45.894073,480.333510,31.123382
59.524249,481.327114,31.399328,46.053497,482.289661,31.056519
59.671942,483.358021,31.336512,46.200489,484.247121,30.989922
59.809368,485.389320,31.275557,46.322554,486.206679,30.929294
59.940510,487.420681,31.215464,46.436882,488.167120,30.868514
60.047597,489.453172,31.152460,46.534283,490.128740,30.803563
60.155840,491.485295,31.088612,46.592162,492.092512,30.736770
60.270855,493.516895,31.024704,46.685308,494.054992,30.671748
60.363554,495.549350,30.958808,46.764012,496.018396,30.608241
60.411910,497.582968,30.895636,46.829477,497.982684,30.548390
60.492198,499.615263,30.837891,46.867844,499.948121,30.489603
60.523919,501.648653,30.776783,46.902383,501.913689,30.430117
60.578117,503.681541,30.712302,46.959072,503.879012,30.362473
60.589118,505.716128,30.646923,46.970007,505.844005,30.296269
60.578476,507.751760,30.586742,46.961570,507.807964,30.237074
60.577247,509.789055,30.528673,46.969068,509.769936,30.178524
60.539017,511.828326,30.468539,46.930419,511.729453,30.119648
60.515014,513.868909,30.408980,46.896724,513.687326,30.058752
60.450013,515.910727,30.351638,46.855133,515.642957,30.001959
60.405180,517.954973,30.297108,46.813723,517.596277,29.949784
60.346968,520.000304,30.242661,46.734045,519.547026,29.892204
60.283112,522.047550,30.186914,46.666537,521.496056,29.834859
60.221298,524.097415,30.132489,46.586956,523.442375,29.779488
60.105927,526.145945,30.078429,46.500529,525.387408,29.726920
59.980304,528.195053,30.025791,46.406611,527.331091,29.677027
59.824542,530.240027,29.973478,46.298573,529.276260,29.628281
59.681371,532.283424,29.921288,46.171912,531.222855,29.578748
59.493229,534.318811,29.870201,46.031695,533.173108,29.530136
59.312064,536.349074,29.820755,45.872869,535.127539,29.482991
59.127688,538.375597,29.772329,45.681759,537.082542,29.436104
58.966888,540.399788,29.725423,45.513362,539.044624,29.389741
58.767109,542.414641,29.678046,45.318068,541.009685,29.341944
58.543582,544.423523,29.632921,45.104783,542.976329,29.294300
58.328730,546.428500,29.589904,44.894943,544.948118,29.249081
58.106714,548.427119,29.547733,44.677717,546.924624,29.204158
57.904006,550.424944,29.507162,44.455826,548.903564,29.161246
57.675488,552.416148,29.466177,44.236833,550.886509,29.118727
57.446996,554.405647,29.426519,43.995168,552.868548,29.077636
57.225562,556.395483,29.387179,43.754022,554.851099,29.037453
56.997097,558.384364,29.347741,43.515407,556.834081,28.997336
56.760141,560.372173,29.308215,43.273855,558.816809,28.957199
56.534359,562.361212,29.269075,43.027058,560.798978,28.916901
56.314631,564.350878,29.231365,42.783765,562.781621,28.876532
56.050799,566.335329,29.193074,42.566615,564.767388,28.836295
55.813821,568.322833,29.155567,42.319951,566.749780,28.795430
55.601561,570.313145,29.119032,42.101620,568.735552,28.756909
55.360741,572.300030,29.082633,41.827054,570.714837,28.717382
55.128712,574.287885,29.054168,41.594198,572.699054,28.690360
54.900403,576.276100,29.028354,41.369567,574.684318,28.670447
54.659189,578.262703,28.999222,41.121525,576.666918,28.645056
54.392803,580.246274,28.969249,40.898006,578.652466,28.617305
54.175237,582.235528,28.942457,40.652702,580.635520,28.590194
53.927506,584.221122,28.915474,40.423227,582.620539,28.564297
53.713661,586.210677,28.890720,40.170192,584.602821,28.538115
53.463125,588.195799,28.865918,39.962964,586.590621,28.513097
53.235572,590.183560,28.841665,39.710223,588.573105,28.487169
52.990171,592.169139,28.816667,39.466261,590.556689,28.461869
52.746568,594.154853,28.792663,39.244286,592.542973,28.438434
52.518660,596.142347,28.770968,38.999777,594.526662,28.418091
52.270196,598.127327,28.750257,38.762848,596.511313,28.397451
52.053308,600.116008,28.731800,38.528638,598.496369,28.375920
51.790214,602.099062,28.711377,38.289257,600.480899,28.356629
51.557308,604.085675,28.691937,38.051224,602.465649,28.339087
51.329275,606.072797,28.673978,37.819347,604.451215,28.326092
51.088454,608.058291,28.656741,37.587293,606.436855,28.313168
50.854939,610.044605,28.641239,37.349792,608.421899,28.298549
50.616080,612.030201,28.626499,37.110861,610.406848,28.284825
50.394002,614.017720,28.613513,36.863456,612.390873,28.272613
50.164904,616.004338,28.600701,36.623244,614.375821,28.261541
49.928685,617.990023,28.588559,36.410273,616.364121,28.251836
49.676620,619.973708,28.576131,36.152274,618.347101,28.241555
49.444840,621.959775,28.565917,35.914212,620.332536,28.229884
49.215037,623.946002,28.557496,35.682392,622.318799,28.217405
48.964488,625.929640,28.548545,35.438928,624.303757,28.205338
48.730427,627.915204,28.540455,35.216689,626.291322,28.196609
48.463709,629.896767,28.531660,34.985030,628.277832,28.191405
48.248708,631.884448,28.524345,34.742593,630.263141,28.186583
47.994241,633.867333,28.517932,34.529623,632.252044,28.182771
47.772700,635.854092,28.514597,34.297048,634.238668,28.178634
47.524321,637.837538,28.510636,34.056377,636.224415,28.174215
47.284144,639.821911,28.506587,33.833151,638.212308,28.170706
47.047988,641.806688,28.501883,33.583646,640.197133,28.168182
46.824684,643.792924,28.497455,33.330414,642.181591,28.165586
46.593900,645.778248,28.493391,33.121910,644.171404,28.164056
46.334449,647.760157,28.491415,32.877123,646.156885,28.162076
46.124778,649.748068,28.491767,32.623144,648.141202,28.159954
45.885744,651.732530,28.491090,32.413521,650.130750,28.158817
45.625614,653.714553,28.490063,32.167889,652.115948,28.158591
45.409641,655.701906,28.490517,31.934843,654.102558,28.159414
45.177125,657.687344,28.490504,31.685579,656.087195,28.159874
44.930820,659.671215,28.490885,31.438485,658.072024,28.159644
44.708248,661.657982,28.493152,31.224237,660.060662,28.159251
44.451916,663.640801,28.494561,30.984422,662.046220,28.158271
44.222064,665.626822,28.496565,30.727119,664.029642,28.157173
44.005748,667.614529,28.498516,30.519144,666.018819,28.158065
43.754312,669.598131,28.499544,30.262106,668.002140,28.157841
43.531060,671.585134,28.501348,30.013806,669.986430,28.157699
43.301927,673.571525,28.502842,29.803129,671.975084,28.158112
43.036317,675.553653,28.503299,29.551295,673.958822,28.157489
42.815829,677.541183,28.504891,29.314936,675.944323,28.157337
42.588503,679.527990,28.505089,29.088076,677.930863,28.157906
42.339310,681.512260,28.504492,28.858886,679.917078,28.158483
42.106084,683.498485,28.504393,28.619415,681.902010,28.158727
41.859876,685.483257,28.502365,28.356048,683.884027,28.156213
41.632204,687.470275,28.500174,28.129194,685.870317,28.154356
41.382194,689.454711,28.497401,27.890542,687.855144,28.152214
41.155378,691.441981,28.492716,27.658745,689.840699,28.150222
40.923027,693.428646,28.487250,27.413134,691.824563,28.147904
40.696436,695.416062,28.480873,27.181560,693.810028,28.145920
40.462886,697.402737,28.471524,26.940095,695.794232,28.143934
40.209576,699.387111,28.461083,26.692995,697.777713,28.141882
39.971729,701.373388,28.452975,26.457513,699.762510,28.140835
39.737872,703.360227,28.452654,26.224228,701.747485,28.142362
39.491262,705.345593,28.455911,25.991311,703.732454,28.145115
39.254303,707.332176,28.459558,25.729991,705.713960,28.147362
39.010592,709.318036,28.463277,25.497482,707.698825,28.152676
38.786232,711.306265,28.467223,25.272844,709.684585,28.158324
38.543690,713.292380,28.467527,25.050716,711.670587,28.163461
38.305715,715.279128,28.466041,24.796733,713.652675,28.167678
38.050770,717.263880,28.465028,24.555277,715.636216,28.171634
37.836373,719.253590,28.466104,24.330442,717.621699,28.175384
37.596760,721.240345,28.468074,24.067225,719.602457,28.179635
37.345825,723.225777,28.472272,23.819122,721.584986,28.185670
37.120425,725.214373,28.478174,23.586362,723.569312,28.193100
36.893626,727.202892,28.488112,23.346576,725.552699,28.202333
36.650629,729.189492,28.497597,23.095108,727.534611,28.211709
36.407294,731.176115,28.506369,22.827354,729.514460,28.220586
36.170181,733.163588,28.518706,22.592372,731.498227,28.230446
35.912680,735.148612,28.532929,22.352694,733.481367,28.243039
35.685881,737.137483,28.552624,22.088923,735.461469,28.254566
35.450108,739.125439,28.572050,21.869423,737.446847,28.268205
35.204762,741.112373,28.589848,21.607678,739.426847,28.281411
34.962315,743.099897,28.605179,21.343465,741.406298,28.295264
34.720138,745.087810,28.622199,21.127072,743.391349,28.309387
34.489522,747.077382,28.641029,20.883327,745.372796,28.323694
34.258878,749.067231,28.662903,20.647019,747.354921,28.337320
34.016997,751.056037,28.686259,20.414407,749.337173,28.354634
33.764323,753.043690,28.711608,20.202050,751.321813,28.373209
33.538020,755.034971,28.737034,19.972505,753.304049,28.391724
33.306048,757.025920,28.763219,19.730123,755.284318,28.411940
33.037895,759.012441,28.789307,19.496597,757.265543,28.433465
32.801574,761.003341,28.816931,19.216779,759.240537,28.452999
32.564031,762.994475,28.844880,18.934432,761.214813,28.472958
32.322738,764.985363,28.873827,18.619385,763.184548,28.494302
32.077548,766.976038,28.905173,18.295497,765.152757,28.517204
31.850882,768.969577,28.938209,17.965713,767.119709,28.539732
31.615573,770.962241,28.974369,17.644844,769.087520,28.564603
31.370032,772.953854,29.010140,17.319864,771.054398,28.591100
31.118247,774.945036,29.047693,16.993006,773.020530,28.620006
30.878396,776.938113,29.086971,16.622399,774.980314,28.649648
30.627992,778.930074,29.126474,16.293874,776.945428,28.683864
30.399336,780.925507,29.167373,15.975157,778.911401,28.718520
30.152609,782.918894,29.204132,15.647574,780.875631,28.752401
29.911208,784.913675,29.243645,15.287537,782.834558,28.781179
29.663743,786.910222,29.282776,14.978236,784.797965,28.810704
29.430859,788.911199,29.324075,14.644567,786.755507,28.847192
29.169447,790.911208,29.367668,14.310122,788.709652,28.878053
28.922915,792.918198,29.414940,13.976426,790.659013,28.900745
28.678353,794.928449,29.460842,13.620127,792.601966,28.921485
28.428429,796.941568,29.500104,13.312569,794.548920,28.948556
28.198419,798.963105,29.537099,12.983452,796.487673,28.977488
27.958787,800.986557,29.570100,12.637882,798.420882,29.002150
27.738302,803.017602,29.601431,12.290234,800.350224,29.027301
27.482916,805.048545,29.628900,11.918610,802.270471,29.054882
27.263858,807.094312,29.650663,11.483180,804.171913,29.074364
27.006413,809.145304,29.672032,10.976055,806.048288,29.088326
26.757623,811.261461,29.691130,10.357621,807.839729,29.096052
26.515789,813.440739,29.704761,9.731180,809.566391,29.101330
26.221751,815.701419,29.714602,9.047737,811.186046,29.102674
25.834544,818.086617,29.719097,8.321826,812.643743,29.097428
25.220826,820.494837,29.720858,7.598897,814.002516,29.086504
24.392396,822.931251,29.711575,6.892224,815.254004,29.079847
23.407732,825.340881,29.698165,6.137033,816.435442,29.072402
22.287556,827.667840,29.680043,5.364868,817.622817,29.068505
21.015018,829.867176,29.655252,4.532445,818.821238,29.058373
19.660776,831.919512,29.624412,3.580632,820.033959,29.041854
18.265945,833.909661,29.594759,2.585693,821.251162,29.024239
16.802852,835.807148,29.560402,1.506313,822.445308,29.003014
15.263272,837.641462,29.517711,0.395092,823.612275,28.980314
13.616812,839.399547,29.475004,-0.758273,824.717396,28.953078
11.850772,841.070464,29.427269,-1.931625,825.767472,28.926853
9.974376,842.673299,29.383627,-3.119840,826.740800,28.897920
7.987225,844.172576,29.339854,-4.321289,827.657260,28.867971
5.902419,845.583299,29.298763,-5.525591,828.520691,28.840074
3.697795,846.879294,29.259847,-6.739294,829.291817,28.811124
1.432402,848.109336,29.224374,-7.949316,830.023894,28.786063
-0.931773,849.207447,29.190459,-9.172436,830.681518,28.763392
-3.385060,850.194959,29.160092,-10.408093,831.224705,28.745882
-5.909001,851.020538,29.136516,-11.653530,831.723139,28.733348
-8.494704,851.675558,29.120675,-12.925803,832.128467,28.715524
-11.103313,852.146706,29.108200,-14.243537,832.430594,28.697040
-13.721626,852.463425,29.098961,-15.590523,832.658858,28.681934
-16.341296,852.617804,29.090220,-16.967651,832.807626,28.669362
-18.953004,852.533181,29.086484,-18.362589,832.845321,28.660234
-21.554016,852.334310,29.089712,-19.754666,832.763840,28.649616
-24.138290,851.964443,29.098088,-21.136491,832.591842,28.636610
-26.705637,851.422577,29.111565,-22.493804,832.369443,28.625623
-29.263198,850.783801,29.135092,-23.818094,832.053793,28.614668
-31.764373,849.880490,29.155887,-25.097905,831.652903,28.604361
-34.249448,848.845579,29.174613,-26.303841,831.162744,28.593600
-36.649008,847.601505,29.190589,-27.465934,830.608561,28.585778
-38.963794,846.185582,29.192778,-28.593148,830.002144,28.577902
-41.132784,844.621211,29.183179,-29.719602,829.313884,28.569622
-43.182870,842.961533,29.169554,-30.831514,828.530966,28.561778
-45.060204,841.168057,29.145993,-31.927804,827.647208,28.549294
-46.799302,839.338534,29.126870,-33.057383,826.681313,28.537594
-48.405202,837.440496,29.104588,-34.163028,825.625196,28.522304
-49.873847,835.482381,29.070077,-35.270669,824.502003,28.506794
-51.149381,833.465368,29.030654,-36.369394,823.280304,28.486672
-52.220497,831.360045,28.985011,-37.456858,822.001149,28.463844
-53.121449,829.206950,28.929594,-38.526299,820.658990,28.439488
-53.962258,827.091805,28.872277,-39.608032,819.259753,28.413957
-54.691969,824.957343,28.814829,-40.625490,817.790793,28.383396
-55.370934,822.838435,28.759564,-41.605354,816.268504,28.350796
-56.069652,820.770752,28.712313,-42.542203,814.688536,28.316285
-56.735678,818.712704,28.664843,-43.441585,813.069229,28.280529
-57.416695,816.684165,28.618742,-44.317129,811.416119,28.244189
-58.088944,814.680970,28.568472,-45.090763,809.692458,28.204750
-58.727551,812.681433,28.513169,-45.818022,807.935057,28.160718
-59.392374,810.708693,28.461699,-46.492465,806.141406,28.111314
-60.067747,808.763921,28.409741,-47.134805,804.311810,28.060146
-60.693202,806.815196,28.356038,-47.739843,802.456218,28.008205
-61.329659,804.885194,28.305398,-48.347077,800.586376,27.953742
-61.981797,802.981687,28.254852,-48.970322,798.699866,27.897503
-62.631424,801.083765,28.204811,-49.609287,796.811824,27.843571
-63.247159,799.181075,28.151746,-50.241545,794.915042,27.790052
-63.879864,797.283430,28.099924,-50.858708,793.013840,27.737174
-64.523199,795.388005,28.051165,-51.511994,791.125760,27.686280
-65.167411,793.491256,28.002107,-52.130456,789.227882,27.635418
-65.788584,791.584317,27.953721,-52.774647,787.341070,27.587103
-66.429380,789.682340,27.909700,-53.421025,785.456338,27.540679
-67.051772,787.772766,27.867358,-54.043808,783.565485,27.494931
-67.698065,785.868210,27.824407,-54.651635,781.672438,27.450318
-68.349317,783.963699,27.778618,-55.288681,779.790148,27.407885
-68.984495,782.052321,27.737229,-55.926005,777.909378,27.365493
-69.618247,780.137672,27.697959,-56.551111,776.027206,27.323831
-70.245733,778.219472,27.660188,-57.176462,774.146337,27.282321
-70.884566,776.302997,27.622703,-57.760940,772.254186,27.241366
-71.506623,774.378384,27.583665,-58.352881,770.366911,27.202430
-72.076765,772.436444,27.543410,-58.950106,768.482503,27.164048
-72.659036,770.496592,27.503950,-59.505890,766.587097,27.125763
-73.207978,768.544199,27.464953,-60.029792,764.685007,27.087574
-73.770083,766.594346,27.426168,-60.554115,762.784702,27.049591
-74.264150,764.623597,27.386182,-61.045540,760.876813,27.012257
-74.783600,762.657812,27.346289,-61.554195,758.976813,26.977415
-75.254549,760.677661,27.303527,-62.022416,757.067374,26.939672
-75.740900,758.700789,27.259929,-62.512050,755.165736,26.903168
-76.226739,756.723131,27.216078,-62.950023,753.251906,26.865368
-76.693795,754.742188,27.173042,-63.437241,751.350125,26.828602
-77.158077,752.762472,27.131795,-63.902500,749.441245,26.792117
-77.629933,750.789934,27.093946,-64.354028,747.523870,26.755214
-78.107191,748.821539,27.056804,-64.833318,745.610511,26.720985
-78.606126,746.861301,27.019542,-65.301257,743.691166,26.690719
-79.076916,744.899444,26.985127,-65.752075,741.762299,26.662259
-79.550340,742.940896,26.954531,-66.235373,739.838156,26.636261
-80.023311,740.985183,26.926163,-66.671581,737.899862,26.610048
-80.508226,739.037377,26.902167,-67.149653,735.965819,26.586164
-81.012235,737.096641,26.881706,-67.613906,734.025717,26.563021
-81.470766,735.148491,26.862257,-68.078018,732.082466,26.541043
-81.956701,733.211936,26.845413,-68.573611,730.141086,26.521469
-82.430298,731.275403,26.830282,-69.030445,728.188048,26.503120
-82.887244,729.338161,26.816709,-69.524838,726.240669,26.485835
-83.376282,727.413834,26.804178,-69.986651,724.280520,26.468589
-83.844927,725.487709,26.792059,-70.441513,722.315959,26.453968
-84.325192,723.567561,26.781728,-70.943646,720.359625,26.441484
-84.797316,721.651028,26.772633,-71.417584,718.391348,26.429367
-85.244540,719.731248,26.765217,-71.916355,716.426404,26.420245
-85.731126,717.824297,26.760080,-72.399245,714.454509,26.412223
-86.174466,715.911715,26.755370,-72.873971,712.475026,26.406105
-86.671742,714.015367,26.752782,-73.378269,710.500506,26.402186
-87.138305,712.113341,26.750149,-73.871078,708.520014,26.399322
-87.607325,710.212417,26.749266,-74.400926,706.548271,26.396753
-88.106482,708.318085,26.750644,-74.900163,704.568897,26.393081
-88.641695,706.432213,26.752639,-75.451948,702.605573,26.391298
-89.166590,704.539683,26.755861,-75.997712,700.643807,26.391792
-89.721565,702.654050,26.761629,-76.588935,698.697237,26.396713
-90.298096,700.772941,26.769544,-77.186309,696.754581,26.403513
-90.868602,698.886486,26.779758,-77.783539,694.815451,26.410232
-91.492206,697.014845,26.794184,-78.423852,692.891715,26.416250
-92.115098,695.141277,26.808769,-79.037995,690.961841,26.422122
-92.711066,693.255672,26.820148,-79.680331,689.044600,26.429905
-93.358032,691.384840,26.832874,-80.312531,687.125997,26.439919
-93.964996,689.499106,26.844633,-80.957579,685.213586,26.452607
-94.600466,687.619587,26.857328,-81.608631,683.306418,26.468998
-95.244819,685.741574,26.873183,-82.259937,681.400918,26.495327
-95.888731,683.861869,26.889853,-82.885464,679.488394,26.521647
-96.514957,681.973368,26.906186,-83.516427,677.580480,26.547466
-97.138471,680.082434,26.928450,-84.192364,675.689259,26.573507
-97.799383,678.202622,26.952743,-84.815748,673.781777,26.598160
-98.418524,676.305726,26.975985,-85.458842,671.883818,26.623652
-99.049493,674.411365,27.003343,-86.114268,669.991539,26.650335
-99.689412,672.518492,27.033261,-86.769555,668.100774,26.677069
-100.343656,670.627672,27.063606,-87.393213,666.202031,26.702946
-100.974883,668.727847,27.094718,-88.023524,664.306715,26.733546
-101.630302,666.835100,27.129717,-88.682306,662.422301,26.766414
-102.259136,664.932850,27.163980,-89.308092,660.527092,26.798425
-102.880532,663.028431,27.198000,-89.951226,658.637458,26.831207
-103.536470,661.136136,27.231516,-90.611135,656.753120,26.863366
-104.190288,659.243925,27.263195,-91.227642,654.853247,26.894913
-104.827803,657.346608,27.294425,-91.883948,652.966438,26.926517
-105.483872,655.456006,27.326169,-92.512331,651.069738,26.957969
-106.095039,653.551038,27.356663,-93.161773,649.179339,26.990201
-106.741740,651.658502,27.388703,-93.815108,647.289834,27.023762
-107.399141,649.770019,27.420989,-94.460194,645.397102,27.056361
-108.051805,647.880751,27.451260,-95.089248,643.498135,27.086926
-108.684011,645.984889,27.479966,-95.733907,641.604121,27.117160
-109.318793,644.090226,27.506534,-96.366558,639.705712,27.144100
-109.974034,642.202599,27.530950,-97.019741,637.814147,27.171265
-110.603753,640.306210,27.554688,-97.661515,635.918835,27.198159
-111.240878,638.412200,27.578610,-98.309849,634.025878,27.224864
-111.904105,636.526774,27.603398,-98.959796,632.133742,27.251907
-112.556482,634.637533,27.627996,-99.594362,630.236524,27.278888
-113.178935,632.737985,27.651815,-100.249429,628.346411,27.306018
-113.839253,630.851026,27.676474,-100.898213,626.454438,27.332828
-114.495451,628.962529,27.699928,-101.537535,624.559389,27.359471
-115.129987,627.066528,27.722846,-102.176626,622.664404,27.385854
-115.769631,625.171994,27.745898,-102.817167,620.770178,27.411992
-116.413861,623.278925,27.767433,-103.453008,618.874449,27.435200
-117.051853,621.383641,27.785950,-104.075473,616.974271,27.455067
-117.703524,619.492956,27.804832,-104.732889,615.086017,27.475738
-118.342531,617.597971,27.823398,-105.385267,613.196048,27.496060
-118.982855,615.703438,27.841844,-106.002785,611.294233,27.515191
-119.613810,613.805730,27.857681,-106.660515,609.406070,27.533032
-120.269290,611.916357,27.873827,-107.302610,607.512592,27.550115
-120.912818,610.022928,27.889698,-107.950077,605.620933,27.567332
-121.567846,608.133413,27.905824,-108.591776,603.727307,27.584406
-122.199756,606.236053,27.921249,-109.227336,601.831593,27.600866
-122.817678,604.333949,27.934315,-109.872574,599.939160,27.614421
-123.491244,602.450744,27.947960,-110.523784,598.048746,27.626954
-124.102284,600.546317,27.960178,-111.164296,596.154696,27.639220
-124.781252,598.664952,27.973948,-111.799754,594.258927,27.651349
-125.385691,596.758300,27.986019,-112.449305,592.367932,27.663835
-126.055389,594.873800,27.998271,-113.098043,590.476657,27.674159
-126.689309,592.977162,28.007391,-113.738127,588.582440,27.680389
-127.342870,591.087197,28.016767,-114.385184,586.690582,27.686705
-127.987020,589.194043,28.025892,-115.031263,584.798387,27.692993
-128.625322,587.298910,28.034838,-115.650978,582.897244,27.698530
-129.266291,585.404690,28.043865,-116.284630,581.000820,27.704369
-129.914663,583.512985,28.049068,-116.935760,579.110322,27.709070
-130.539852,581.613421,28.052069,-117.586980,577.219850,27.711994
-131.180321,579.719048,28.055467,-118.238203,575.329370,27.714914
-131.841642,577.831753,28.059412,-118.881655,573.436250,27.717624
-132.452889,575.927478,28.062074,-119.493385,571.532367,27.719488
-133.117945,574.041462,28.066109,-120.148998,569.643358,27.722532
-133.761252,572.148073,28.067738,-120.810311,567.756278,27.724996
-134.410288,570.256631,28.067311,-121.421275,565.852120,27.723584
-135.038557,568.358156,28.066253,-122.083232,563.965245,27.723203
-135.666156,566.459458,28.065175,-122.730300,562.073316,27.722411
-136.320716,564.569906,28.064829,-123.356641,560.174356,27.721053
-136.959334,562.674957,28.064059,-123.988093,558.277121,27.719828
-137.608588,560.783619,28.063557,-124.648347,556.389646,27.719402
-138.242606,558.887119,28.062670,-125.267248,554.488147,27.717986
-138.894686,556.996751,28.062500,-125.925986,552.600146,27.717936
-139.555438,555.109327,28.062618,-126.551745,550.700959,27.717539
-140.169355,553.206030,28.061601,-127.197255,548.808465,27.717596
-140.816609,551.314043,28.061389,-127.840960,546.915350,27.717608
-141.457402,549.419870,28.061030,-128.486705,545.022922,27.717659
-142.095623,547.524829,28.060604,-129.124902,543.127931,27.717549
-142.763425,545.639825,28.060907,-129.780455,541.238815,27.717824
-143.393221,543.741941,28.060274,-130.421758,539.344864,27.717768
-144.026298,541.845173,28.059713,-131.044334,537.444561,27.717145
-144.675622,539.953921,28.059895,-131.703151,535.556535,27.717402
-145.310088,538.057638,28.059730,-132.339344,533.660835,27.716957
-145.951873,536.163840,28.059737,-132.990375,531.770160,27.716928
-146.583016,534.266440,28.059471,-133.620929,529.872538,27.716315
-147.232112,532.375128,28.059682,-134.268972,527.980842,27.716200
-147.882788,530.484353,28.059928,-134.925865,526.092145,27.716343
-148.534394,528.593894,28.060202,-135.551000,524.192682,27.715576
-149.188378,526.704241,28.060529,-136.203812,522.302602,27.715603
-149.811881,524.804254,28.060063,-136.837753,520.406124,27.715081
-150.444871,522.907484,28.059845,-137.483086,518.513509,27.714901
-151.088824,521.014429,28.059644,-138.119056,516.617719,27.714448
-151.719067,519.116728,28.058636,-138.765876,514.725608,27.714137
-152.362025,517.223336,28.057913,-139.406562,512.831418,27.713555
-153.016892,515.333981,28.057539,-140.047878,510.937441,27.712988
-153.647265,513.436323,28.056442,-140.682387,509.041157,27.712234
-154.283161,511.540536,28.055522,-141.317645,507.145127,27.711502
-154.945750,509.653799,28.055369,-141.983429,505.259446,27.711613
-155.594410,507.762339,28.054805,-142.606966,503.359443,27.710556
-156.242804,505.870789,28.054238,-143.257555,501.468611,27.710246
-156.883858,503.976751,28.053461,-143.884998,499.569932,27.709294
-157.528072,502.083784,28.052773,-144.556169,497.686078,27.709558
-158.161826,500.187270,28.051775,-145.193681,495.790812,27.708884
-158.794453,498.290375,28.050752,-145.848185,493.901308,27.708686
-159.419156,496.390793,28.049655,-146.464814,491.998963,27.707453
-160.070726,494.500319,28.049709,-147.098324,490.102342,27.707014
-160.728228,492.611856,28.049972,-147.758725,488.214837,27.707754
-161.358182,490.714054,28.049507,-148.373610,486.311901,27.707295
-161.987916,488.816177,28.049035,-149.035554,484.424920,27.708098
-162.652987,486.930280,28.049489,-149.667884,482.527899,27.708106
-163.285745,485.033427,28.049096,-150.326676,480.639849,27.708829
-163.927373,483.139582,28.048943,-150.967930,478.745854,27.709078
-164.581316,481.249912,28.049101,-151.608442,476.851608,27.709307
-165.216952,479.354035,28.048787,-152.257930,474.960404,27.709776
-165.845893,477.455888,28.048305,-152.874803,473.058143,27.709372
-166.493738,475.564150,28.048308,-153.545756,471.174218,27.710415
-167.121047,473.665449,28.047774,-154.181537,469.278367,27.710521
-167.790268,471.780958,28.048342,-154.833605,467.388040,27.711056
-168.427755,469.885708,28.048076,-155.466913,465.491351,27.711101
-169.056523,467.987502,28.047582,-156.094324,463.592663,27.710963
-169.709383,466.097464,28.047718,-156.738240,461.699572,27.711274
-170.336025,464.198536,28.047082,-157.392970,459.810147,27.711513
-171.006263,462.314390,28.047561,-158.018049,457.910669,27.710444
-171.631955,460.415139,28.046891,-158.669514,456.020138,27.710079
-172.292085,458.527566,28.047105,-159.313765,454.127160,27.709515
-172.924053,456.630444,28.046607,-159.946501,452.230278,27.708631
-173.569541,454.737905,28.046455,-160.616285,450.345959,27.708783
-174.222523,452.847908,28.046491,-161.240874,448.446315,27.707670
-174.840286,450.945968,28.045632,-161.876291,446.550343,27.706867
-175.489720,449.054767,28.045582,-162.526137,444.659263,27.706450
-176.141833,447.164474,28.045594,-163.176210,442.768261,27.706049
-176.778345,445.268892,28.045204,-163.818369,440.874576,27.705425
-177.414354,443.373138,28.044816,-164.460774,438.980973,27.704812
-178.068445,441.483516,28.044877,-165.102720,437.087215,27.704196
-178.707660,439.588849,28.044556,-165.746464,435.194068,27.703637
-179.366399,437.700802,28.044733,-166.377512,433.296615,27.703071
-180.004684,435.805820,28.044399,-167.019603,431.402907,27.702794
-180.624109,433.904443,28.043593,-167.658741,429.508198,27.703269
-181.263713,432.009908,28.043310,-168.318950,427.620633,27.704049
-181.932029,430.125109,28.044153,-168.971593,425.730503,27.704778
-182.566698,428.228900,28.044378,-169.586111,423.827446,27.705301
-183.192285,426.329611,28.044309,-170.235981,421.936377,27.706017
-183.830461,424.434591,28.044585,-170.891591,420.047254,27.706765
-184.466469,422.538836,28.044790,-171.537464,418.154829,27.707462
-185.137213,420.654859,28.045938,-172.155433,416.252943,27.708004
-185.772477,418.758851,28.046138,-172.811011,414.363809,27.708757
-186.425609,416.868901,28.046815,-173.466601,412.474680,27.709507
-187.054268,414.970654,28.046826,-174.087051,410.573635,27.709535
-187.695151,413.076551,28.046481,-174.730398,408.680355,27.709745
-188.330436,411.180549,28.045269,-175.376693,406.788074,27.709713
-189.001957,409.296835,28.045008,-176.021803,404.895392,27.709633
-189.635360,407.400196,28.043722,-176.670577,403.003952,27.709652
-190.262451,405.501416,28.042270,-177.297211,401.105004,27.709084
-190.905774,403.608139,28.041257,-177.935271,399.209932,27.708828
-191.574666,401.723533,28.040926,-178.599712,397.323805,27.709258
-192.196814,399.823077,28.039342,-179.234283,395.427549,27.708897
-192.829678,397.926253,28.038042,-179.866430,393.530472,27.708455
-193.482275,396.036121,28.037271,-180.525782,391.642620,27.708442
-194.109660,394.137440,28.035878,-181.167423,389.748763,27.707297
-194.759371,392.246329,28.035082,-181.804576,387.853383,27.705993
-195.378910,390.344986,28.033553,-182.433650,385.955265,27.704466
-196.026436,388.453134,28.032699,-183.072641,384.060509,27.703220
-196.665292,386.558342,28.031643,-183.729327,382.171753,27.702463
-197.329352,384.672097,28.031199,-184.355264,380.272571,27.700845
-197.968393,382.777367,28.030150,-185.015603,378.385055,27.700193
-198.584685,380.874923,28.028531,-185.643194,376.486434,27.698293
-199.219406,378.978728,28.027569,-186.311384,374.601580,27.696962
-199.859289,377.084283,28.027075,-186.942250,372.704070,27.694571
-200.508258,375.192920,28.026845,-187.593605,370.813507,27.692750
-201.137086,373.294725,28.026082,-188.227385,368.916986,27.690441
-201.792456,371.405532,28.026058,-188.853608,367.017902,27.688180
-202.447680,369.516289,28.028770,-189.512159,365.129780,27.689636
-203.060333,367.612610,28.031483,-190.149267,363.234387,27.691842
-203.720624,365.725085,28.035433,-190.793347,361.341358,27.693892
-204.375659,363.835777,28.039247,-191.438676,359.448753,27.695945
-205.008776,361.939037,28.042017,-192.075823,357.553374,27.697977
-205.629327,360.038035,28.042724,-192.712967,355.657994,27.699693
-206.289877,358.150598,28.044498,-193.350115,353.762615,27.700633
-206.949124,356.262718,28.046240,-194.012009,351.875629,27.701474
-207.563635,354.359668,28.046754,-194.641316,349.977592,27.702287
-208.220630,352.471023,28.048427,-195.283687,348.083985,27.703108
-208.847817,350.572270,28.049283,-195.932194,346.192460,27.703934
-209.492377,348.679408,28.050613,-196.580832,344.300980,27.704755
-210.149632,346.790850,28.052283,-197.229492,342.409508,27.705538
-210.801458,344.900451,28.052446,-197.878184,340.518047,27.705607
-211.433093,343.003205,28.050913,-198.497529,338.616635,27.704931
-212.061456,341.104847,28.049344,-199.145686,336.724994,27.704496
-212.707061,339.212337,28.048203,-199.787277,334.831127,27.703989
-213.357645,337.321515,28.047200,-200.442939,332.942031,27.703622
-214.009156,335.431006,28.046215,-201.088462,331.049499,27.703157
-214.658801,333.539864,28.045174,-201.709155,329.148547,27.702476
-215.279086,331.638765,28.043423,-202.351778,327.255031,27.703063
-215.904654,329.739457,28.041888,-202.993561,325.361232,27.704980
-216.564553,327.851791,28.042615,-203.651774,323.473004,27.703684
-217.192072,325.953144,28.042851,-204.308548,321.584289,27.702245
-217.841032,324.061766,28.043624,-204.923497,319.681392,27.705000
-218.502769,322.174721,28.044728,-205.578277,317.792003,27.703759
-219.133410,320.277131,28.045034,-206.201722,315.891987,27.705654
-219.751516,318.375290,28.045045,-206.865660,314.005704,27.703494
-220.400946,316.484070,28.045828,-207.486187,312.104701,27.705682
-221.053445,314.593890,28.046697,-208.150754,310.218632,27.703453
-221.706117,312.703768,28.046866,-208.778755,308.320163,27.700899
-222.345564,310.809162,28.045720,-209.425636,306.428098,27.700021
-222.969664,308.909351,28.044134,-210.053076,304.529441,27.698659
-223.624814,307.020067,28.043357,-210.699234,302.637131,27.697839
-224.261151,305.124405,28.042087,-211.351338,300.746839,27.697185
-224.895983,303.228231,28.040783,-211.982074,298.849301,27.695926
-225.552862,301.339532,28.040051,-212.644687,296.962573,27.695569
-226.187313,299.443228,28.038732,-213.286301,295.068725,27.694620
-226.827249,297.548784,28.037568,-213.917357,293.171297,27.693420
-227.462516,295.652755,28.036664,-214.553565,291.275617,27.692716
-228.098759,293.757057,28.035768,-215.196528,289.382229,27.692286
-228.771531,291.873745,28.035882,-215.845739,287.490958,27.692023
-229.402584,289.976286,28.034845,-216.476395,285.593398,27.691236
-230.037894,288.080270,28.033922,-217.131744,283.704210,27.691152
-230.698496,286.192830,28.033700,-217.765722,281.807777,27.690459
-231.326077,284.294191,28.032571,-218.396983,279.910423,27.689695
-231.983127,282.405545,28.032259,-219.046306,278.019194,27.689475
-232.620761,280.510315,28.032012,-219.675378,276.121099,27.689536
-233.248257,278.611647,28.032144,-220.339144,274.234767,27.691422
-233.915715,276.726528,28.033286,-220.977885,272.339952,27.692611
-234.536375,274.825542,28.033284,-221.595524,270.437982,27.693212
-235.204250,272.940563,28.034447,-222.249414,268.548304,27.694819
-235.834761,271.042915,28.034691,-222.903724,266.658768,27.696449
-236.498260,269.156451,28.035746,-223.558201,264.769290,27.698071
-237.123578,267.257041,28.035853,-224.177070,262.867740,27.698723
-237.760854,265.361686,28.036265,-224.820026,260.974357,27.699815
-238.419799,263.473676,28.037136,-225.474674,259.084938,27.700440
-239.040180,261.572592,28.036976,-226.129322,257.195519,27.700943
-239.688017,259.680815,28.037527,-226.753998,255.295940,27.700635
-240.337176,257.789486,28.038126,-227.391268,253.400631,27.700673
-240.980536,255.896190,28.038568,-228.057323,251.515082,27.701485
-241.612560,253.999050,28.038693,-228.689183,249.617940,27.701378
-242.264610,252.108700,28.039368,-229.336315,247.725976,27.701672
-242.868565,250.202044,28.038698,-229.958572,245.825580,27.701312
-243.514509,248.309622,28.038835,-230.597677,243.930896,27.701059
-244.163036,246.418075,28.038830,-231.255387,242.042520,27.701144
-244.807267,244.525072,28.038708,-231.903933,240.151037,27.700976
-245.424725,242.622992,28.037861,-232.542404,238.256140,27.700537
-246.070994,240.730678,28.037795,-233.183248,236.362048,27.700160
-246.723988,238.840643,28.037917,-233.857085,234.479140,27.700659
-247.358963,236.944500,28.037543,-234.490359,232.582482,27.699826
-248.003464,235.051585,28.037437,-235.138820,230.690973,27.696700
-248.642887,233.156949,28.037325,-235.779151,228.796710,27.691416
-249.280500,231.261698,28.037548,-236.397649,226.895045,27.685500
-249.933179,229.371554,28.038199,-237.056267,225.006981,27.680669
-250.547535,227.468419,28.037249,-237.705786,223.115833,27.677204
-251.222383,225.585787,28.036871,-238.326469,221.214911,27.681012
-251.839135,223.683465,28.034981,-238.964685,219.319933,27.686278
-252.473712,221.787182,28.033550,-239.605219,217.425741,27.691581
-253.124979,219.896556,28.032690,-240.268090,215.539120,27.696736
-253.785327,218.009007,28.032528,-240.922510,213.649635,27.696697
-254.407002,216.108351,28.031346,-241.552937,211.752020,27.695180
-255.073605,214.222920,28.031386,-242.187767,209.855897,27.693785
-255.697897,212.323150,28.030283,-242.831336,207.962736,27.692628
-256.344872,210.431067,28.029783,-243.475466,206.069766,27.691654
-256.990720,208.538601,28.029296,-244.106390,204.172321,27.690617
-257.616828,206.639444,28.028344,-244.754446,202.280683,27.689915
-258.267619,204.748652,28.028016,-245.394814,200.386440,27.689078
-258.901330,202.852072,28.027263,-246.050093,198.497250,27.688516
-259.553300,200.961678,28.026970,-246.690590,196.603051,27.687705
-260.195524,199.067981,28.026678,-247.337657,194.711079,27.687707
-260.820543,197.168454,28.026267,-247.972220,192.814871,27.688703
-261.468783,195.276795,28.026494,-248.611662,190.920317,27.689819
-262.102749,193.380298,28.026319,-249.251378,189.025856,27.690945
-262.769294,191.494840,28.027035,-249.904161,187.135822,27.692145
-263.390345,189.593966,28.026514,-250.551747,185.244029,27.693239
-264.028295,187.698818,28.026288,-251.177545,183.344854,27.693490
-264.697873,185.814385,28.025856,-251.833774,181.455990,27.693147
-265.346279,183.922778,28.024715,-252.495101,179.568854,27.692662
-265.975521,182.024678,28.023094,-253.115651,177.667902,27.691114
-266.604352,180.126441,28.021468,-253.773198,175.779483,27.690523
-267.243250,178.231621,28.020086,-254.398840,173.880249,27.689105
-267.889756,176.339409,28.018924,-255.047172,171.988671,27.688172
-268.546084,174.450571,28.018006,-255.702572,170.099441,27.686976
-269.163702,172.548657,28.016065,-256.332123,168.201416,27.685009
-269.823327,170.661050,28.015229,-256.987021,166.311904,27.683705
-270.452555,168.763196,28.013507,-257.619081,164.414601,27.681783
-271.101847,166.872183,28.009689,-258.265258,162.522040,27.679022
-271.739426,164.977276,28.003663,-258.916437,160.631101,27.675382
-272.382696,163.084349,27.997723,-259.546648,158.733002,27.671190
-273.026421,161.191619,27.992299,-260.197588,156.841888,27.667657
-273.647376,159.291242,27.988853,-260.833964,154.945762,27.668038
-274.310426,157.405194,27.987279,-261.480573,153.053054,27.669649
-274.934225,155.505873,27.984772,-262.128791,151.160850,27.671299
-275.587602,153.616662,27.984319,-262.757241,149.261864,27.672891
-276.229654,151.723661,27.990679,-263.403000,147.368700,27.677651
-276.883110,149.834575,27.998386,-264.053851,145.477223,27.682970
-277.491926,147.930399,28.004910,-264.709592,143.587335,27.688407
-278.127750,146.035447,28.011414,-265.340041,141.688802,27.692463
-278.780492,144.146287,28.016708,-266.001780,139.800862,27.695157
-279.410295,142.249401,28.021003,-266.650036,137.908268,27.697315
-280.073467,140.363920,28.026177,-267.268981,136.005646,27.698697
-280.695531,138.464489,28.028952,-267.921144,134.114285,27.700355
-281.334440,136.570863,28.030744,-268.576177,132.223831,27.701526
-281.982397,134.680267,28.032790,-269.230492,130.333188,27.702649
-282.615277,132.784420,28.034145,-269.876173,128.439713,27.703246
-283.244861,130.886900,28.033091,-270.499290,126.539087,27.701750
-283.906494,128.999648,28.032089,-271.138421,124.644590,27.700361
-284.542140,127.102996,28.030513,-271.794588,122.756441,27.699459
-285.180259,125.206224,28.030518,-272.444259,120.867047,27.699427
-285.830601,123.312918,28.031326,-273.082062,118.974311,27.699335
-286.473200,121.416421,28.031783,-273.720617,117.082395,27.699213
-287.098924,119.513236,28.031190,-274.365709,115.193670,27.698958
-287.753033,117.618988,28.031226,-274.982870,113.296189,27.697851
-288.401365,115.722216,28.031182,-275.613801,111.403953,27.697048
-289.032995,113.818844,28.030835,-276.274992,109.522893,27.696946
-289.686643,111.922181,28.030908,-276.884084,107.624999,27.695328
-290.326799,110.020416,28.027711,-277.523715,105.737938,27.694027
-290.967054,108.117712,28.024177,-278.176982,103.856371,27.692844
-291.605247,106.213608,28.018773,-278.789053,101.961779,27.688605
-292.248381,104.310561,28.012311,-279.438834,100.080243,27.683632
-292.886530,102.404871,28.002706,-280.044408,98.185065,27.677660
-293.506400,100.492465,27.986736,-280.680197,96.300522,27.672755
-294.150535,98.587405,27.970323,-281.281256,94.405185,27.666143
-294.768812,96.672941,27.950031,-281.907093,92.518865,27.654610
-295.365804,94.750940,27.928532,-282.531183,90.632630,27.641258
-295.970079,92.830783,27.911121,-283.140114,88.742045,27.629717
-296.585367,90.913200,27.896466,-283.754652,86.854146,27.620389
-297.199145,88.994645,27.884208,-284.331488,84.954798,27.611748
-297.787028,87.067708,27.879421,-284.914721,83.057792,27.608575
-298.392057,85.146102,27.875288,-285.505719,81.163241,27.606650
-298.959707,83.213198,27.874803,-286.118666,79.275186,27.606228
-299.559371,81.290314,27.876631,-286.696426,77.376107,27.605766
-300.153736,79.366061,27.876073,-287.281587,75.478967,27.603922
-300.720359,77.433664,27.871358,-287.840666,73.573738,27.595927
-301.296748,75.504395,27.865862,-288.410292,71.671523,27.587008
-301.856264,73.570429,27.853204,-288.978687,69.768632,27.575351
-302.416895,71.637060,27.838299,-289.546797,67.865411,27.561088
-302.999311,69.710224,27.823413,-290.124975,65.964904,27.546749
-303.554087,67.775612,27.806998,-290.678098,64.056769,27.530448
-304.103883,65.839812,27.790744,-291.231566,62.148505,27.514074
-304.676118,63.910594,27.776831,-291.779796,60.238554,27.499199
-305.207544,61.970044,27.762494,-292.310029,58.323206,27.485258
-305.773183,60.039389,27.751054,-292.839845,56.407560,27.471941
-306.305682,58.099579,27.740153,-293.391010,54.497726,27.461711
-306.858858,56.165818,27.728104,-293.909880,52.578589,27.450545
-307.385511,54.224923,27.712648,-294.449478,50.664979,27.438403
-307.909899,52.283607,27.694296,-294.963380,48.744129,27.425060
-308.461092,50.349883,27.667438,-295.474361,46.822232,27.406429
-308.999616,48.412880,27.640441,-295.990554,44.901555,27.385208
-309.504393,46.466960,27.616771,-296.519788,42.984200,27.362646
-310.046636,44.531433,27.594863,-297.027198,41.060630,27.338269
-310.557989,42.588285,27.573843,-297.520990,39.132830,27.314164
-311.082193,40.649131,27.553708,-298.036186,37.210125,27.291020
-311.591048,38.707334,27.534861,-298.528249,35.279923,27.268041
-312.098366,36.766365,27.516384,-299.022520,33.349108,27.245769
-312.622609,34.830742,27.498657,-299.515477,31.417035,27.223677
-313.121118,32.889991,27.479444,-300.024737,29.487633,27.202097
-313.609398,30.947824,27.457023,-300.510777,27.550976,27.179514
-314.124826,29.013638,27.434244,-301.021531,25.619795,27.157265
-314.599030,27.070355,27.409448,-301.505524,23.680104,27.133568
-315.101466,25.135612,27.383604,-302.017997,21.746560,27.110186
-315.607311,23.202689,27.355333,-302.515727,19.808260,27.085510
-316.105532,21.269366,27.326808,-303.014431,17.868631,27.059541
-316.603141,19.337109,27.298296,-303.522927,15.930315,27.033757
-317.091002,17.403234,27.268074,-304.005297,13.984240,27.005625
-317.590761,15.474020,27.237523,-304.525283,12.046402,26.975995
-318.102518,13.549186,27.207219,-305.008021,10.097534,26.945433
-318.594730,11.620119,27.176343,-305.534533,8.159244,26.915359
-319.098067,9.695532,27.145552,-306.029100,6.210886,26.883795
-319.625026,7.778487,27.114894,-306.545031,4.266934,26.852538
-320.150316,5.861972,27.081412,-307.082965,2.327961,26.820191
-320.683378,3.949174,27.047522,-307.592683,0.379758,26.786471
-321.192982,2.031202,27.012550,-308.136938,-1.560277,26.752558
-321.730926,0.121844,26.977890,-308.658379,-3.507434,26.717175
-322.259002,-1.789204,26.941406,-309.197561,-5.450766,26.681565
-322.783058,-3.701396,26.903911,-309.777999,-7.382476,26.645744
-323.332131,-5.606610,26.866233,-310.332965,-9.321213,26.609674
-323.867865,-7.516144,26.827574,-310.887613,-11.259541,26.574168
-324.444919,-9.414137,26.790823,-311.453723,-13.194134,26.538870
-324.990286,-11.321626,26.754743,-312.010359,-15.131180,26.502801
-325.553552,-13.224403,26.720212,-312.581626,-17.063430,26.467333
-326.142195,-15.120024,26.689269,-313.171142,-18.989814,26.433987
-326.703176,-17.024177,26.657947,-313.729964,-20.925050,26.400465
-327.270964,-18.926837,26.627900,-314.342799,-22.843498,26.369813
-327.858630,-20.823885,26.598554,-314.906881,-24.776271,26.339226
-328.424754,-22.727834,26.568352,-315.507456,-26.697615,26.309491
-329.010330,-24.626357,26.538245,-316.083884,-28.625872,26.279406
-329.582252,-26.529560,26.508068,-316.688950,-30.544859,26.249936
-330.177537,-28.425831,26.480440,-317.296837,-32.462619,26.221187
-330.773792,-30.322309,26.453390,-317.915473,-34.376446,26.192944
-331.390461,-32.212742,26.426892,-318.515265,-36.295769,26.164833
-332.001890,-34.105106,26.400377,-319.137146,-38.207762,26.138325
-332.602232,-36.001516,26.373694,-319.723997,-40.130431,26.111186
-333.232088,-37.888865,26.348727,-320.369773,-42.033771,26.087578
-333.851013,-39.780007,26.323916,-320.994989,-43.943358,26.064484
-334.467500,-41.672443,26.299797,-321.613707,-45.854526,26.041426
-335.086878,-43.564361,26.277849,-322.231732,-47.765500,26.018885
-335.711925,-45.454734,26.256076,-322.860847,-49.672535,25.996668
-336.360478,-47.337868,26.236170,-323.485187,-51.580621,25.975395
-337.004410,-49.222900,26.217288,-324.118629,-53.485276,25.955684
-337.633087,-51.113270,26.198043,-324.754755,-55.388717,25.936077
-338.292054,-52.994069,26.179731,-325.385319,-57.293489,25.917164
-338.918725,-54.886036,26.160960,-326.016207,-59.197730,25.900026
-339.555166,-56.775058,26.142437,-326.668448,-61.094509,25.883512
-340.190279,-58.665045,26.124168,-327.305098,-62.995986,25.866683
-340.827274,-60.554837,26.108257,-327.937598,-64.898436,25.851595
-341.473209,-62.441930,26.094315,-328.576340,-66.798475,25.838096
-342.112236,-64.331873,26.080215,-329.210925,-68.699413,25.824582
-342.756496,-66.220482,26.066212,-329.871892,-70.590982,25.811616
-343.401429,-68.109180,26.053976,-330.501058,-72.493020,25.798794
-344.038606,-70.001039,26.043379,-331.130427,-74.394495,25.787011
-344.674416,-71.893811,26.032804,-331.789209,-76.285527,25.775865
-345.316524,-73.784762,26.022370,-332.417069,-78.186784,25.764095
-345.955028,-75.677468,26.013325,-333.074191,-80.077546,25.753554
-346.588279,-77.572415,26.008031,-333.700184,-81.978510,25.745046
-347.229193,-79.465067,26.003834,-334.335909,-83.875839,25.737065
-347.854896,-81.363446,25.999284,-335.008954,-85.759884,25.729879
-348.494572,-83.257485,25.995103,-335.635254,-87.659491,25.722025
-349.152681,-85.145533,25.993059,-336.267908,-89.556608,25.717606
-349.781880,-87.043994,25.991073,-336.927446,-91.444006,25.715651
-350.420899,-88.939477,25.989325,-337.563599,-93.339024,25.713201
-351.055253,-90.836775,25.987501,-338.199322,-95.233963,25.710739
-351.706241,-92.728600,25.986973,-338.847538,-97.124411,25.709501
-352.346186,-94.624213,25.988107,-339.481933,-99.019566,25.709902
-353.005867,-96.513089,25.989728,-340.122430,-100.912630,25.710443
-353.645184,-98.408908,25.990806,-340.775973,-102.801250,25.711261
-354.293090,-100.301785,25.992020,-341.408649,-104.697001,25.711618
-354.937671,-102.195790,25.991830,-342.047144,-106.590770,25.711870
-355.568386,-104.094508,25.991250,-342.683256,-108.485360,25.712013
-356.201959,-105.992238,25.990749,-343.330596,-110.376133,25.712401
-356.858000,-107.882309,25.990758,-343.962860,-112.272046,25.712458
-357.486920,-109.781601,25.989979,-344.605983,-114.164271,25.712276
-358.135412,-111.674221,25.989476,-345.249189,-116.056478,25.711529
-358.777658,-113.568960,25.988837,-345.885871,-117.950909,25.710639
-359.437073,-115.457854,25.988583,-346.518394,-119.846762,25.709652
-360.095251,-117.347163,25.988374,-347.187982,-121.730035,25.709608
-360.724910,-119.246150,25.987765,-347.825495,-123.624211,25.709818
-361.357572,-121.144103,25.987471,-348.463040,-125.518385,25.710356
-362.005365,-123.036912,25.987477,-349.107293,-127.410293,25.711041
-362.668598,-124.924483,25.987754,-349.739824,-129.306182,25.711443
-363.290680,-126.825990,25.987548,-350.372157,-131.202147,25.711647
-363.954109,-128.713481,25.988657,-351.022880,-133.091891,25.712094
-364.603879,-130.605595,25.989618,-351.652426,-134.988813,25.712075
-365.260672,-132.495324,25.990728,-352.293696,-136.881777,25.712149
-365.890227,-134.394258,25.991269,-352.945622,-138.771147,25.712300
-366.528169,-136.290348,25.991431,-353.570114,-140.669800,25.711828
-367.194846,-138.176718,25.990523,-354.209434,-142.563451,25.711288
-367.810017,-140.080478,25.988537,-354.843302,-144.458953,25.710201
-368.485862,-141.963745,25.987822,-355.495981,-146.348110,25.709514
-369.128351,-143.858265,25.986417,-356.134024,-148.242221,25.708517
-369.755116,-145.758079,25.984853,-356.791992,-150.129622,25.708127
-370.418214,-147.645634,25.984513,-357.428978,-152.024109,25.707741
-371.043817,-149.545819,25.983335,-358.044391,-153.925875,25.706905
-371.712544,-151.431466,25.983108,-358.680684,-155.820613,25.706529
-372.335240,-153.332611,25.981859,-359.327735,-157.711735,25.706377
-372.986285,-155.224201,25.981372,-359.959404,-159.608047,25.706021
-373.622895,-157.120640,25.980748,-360.611047,-161.497649,25.706323
-374.290212,-159.006746,25.980842,-361.248668,-163.391978,25.706335
-374.935505,-160.900251,25.980438,-361.881043,-165.288081,25.706234
-375.549740,-162.804184,25.979322,-362.530165,-167.178565,25.706507
-376.213313,-164.691533,25.980445,-363.152427,-169.078081,25.706656
-376.836590,-166.592406,25.982512,-363.802831,-170.968157,25.708266
-377.488973,-168.483498,25.985350,-364.446367,-172.860551,25.709772
-378.145507,-170.373194,25.988284,-365.087213,-174.753857,25.711223
-378.790397,-172.266789,25.990945,-365.715770,-176.651296,25.712326
-379.408925,-174.169212,25.992828,-366.341507,-178.549689,25.712775
-380.047044,-176.065059,25.994818,-366.952294,-180.453098,25.712769
-380.685808,-177.960674,25.996836,-367.595400,-182.345690,25.713332
-381.339545,-179.851228,25.999578,-368.236471,-184.239013,25.713584
-381.973468,-181.748372,26.001798,-368.853958,-186.140279,25.713328
-382.629935,-183.637869,26.003166,-369.500861,-188.031797,25.713568
-383.249971,-185.539452,26.003851,-370.110285,-189.935964,25.712553
-383.903354,-187.429803,26.005390,-370.741810,-191.832809,25.711772
-384.536147,-189.326926,26.006306,-371.387254,-193.725113,25.711253
-385.159246,-191.227183,26.006952,-372.002054,-195.627773,25.710132
-385.811658,-193.117561,26.008026,-372.649685,-197.519527,25.709711
-386.459579,-195.009324,26.008648,-373.256201,-199.425148,25.708547
-387.103584,-196.902289,26.008940,-373.899797,-201.318475,25.708103
-387.743374,-198.796587,26.009138,-374.513429,-203.221899,25.707075
-388.397539,-200.685958,26.009610,-375.148690,-205.118204,25.706498
-389.006458,-202.590358,26.008621,-375.759088,-207.022937,25.705853
-389.658263,-204.480332,26.008408,-376.399321,-208.917763,25.706097
-390.313249,-206.369122,26.008251,-377.022927,-210.818270,25.705977
-390.948051,-208.264556,26.007634,-377.655372,-212.715929,25.706046
-391.571922,-210.163576,26.006600,-378.256568,-214.624132,25.705294
-392.229615,-212.051147,26.005469,-378.890516,-216.521485,25.704672
-392.868405,-213.944939,26.003694,-379.493267,-218.429407,25.703305
-393.525637,-215.832466,26.003027,-380.114672,-220.331159,25.702348
-394.135514,-217.735762,26.002130,-380.762799,-222.224065,25.701946
-394.786992,-219.624986,26.001225,-381.393483,-224.122936,25.701267
-395.436470,-221.514856,25.999510,-381.997712,-226.030718,25.700106
-396.063802,-223.412241,25.997961,-382.620036,-227.932356,25.699338
-396.726000,-225.298691,25.998202,-383.246728,-229.831737,25.698662
-397.343600,-227.200884,25.997970,-383.854367,-231.736777,25.697754
-397.993756,-229.093634,25.999929,-384.472511,-233.636762,25.698062
-398.618624,-230.996413,26.001434,-385.084172,-235.537358,25.698513
-399.260378,-232.894572,26.000626,-385.700658,-237.435247,25.699075
-399.904300,-234.793612,25.998621,-386.326183,-239.328466,25.699855
-400.552019,-236.692946,25.999428,-386.917484,-241.231498,25.700524
-401.216588,-238.587774,26.002727,-387.517430,-243.130501,25.701823
-401.852548,-240.493733,26.005000,-388.132186,-245.022911,25.703448
-402.502267,-242.396744,26.007346,-388.749197,-246.912968,25.705128
-403.143224,-244.303747,26.011310,-389.343465,-248.809367,25.709443
-403.782270,-246.213027,26.016973,-389.944757,-250.701776,25.715361
-404.422995,-248.123399,26.024064,-390.533521,-252.596582,25.721059
-405.085316,-250.028028,26.032361,-391.099550,-254.497490,25.726687
-405.729846,-251.940141,26.041252,-391.708381,-256.383022,25.733989
-406.375918,-253.853525,26.051541,-392.299397,-258.272621,25.741849
-407.019843,-255.768874,26.064363,-392.887969,-260.161908,25.756138
-407.660008,-257.687263,26.080766,-393.480784,-262.048298,25.772491
-408.314165,-259.603264,26.101317,-394.052953,-263.939491,25.790789
-408.968438,-261.520749,26.123242,-394.620491,-265.831016,25.810347
-409.623144,-263.440267,26.145774,-395.173690,-267.725209,25.831407
-410.276700,-265.365851,26.165845,-395.720260,-269.616347,25.856224
-410.953434,-267.328475,26.186757,-396.243998,-271.473166,25.880837
-411.626296,-269.433627,26.207125,-396.710813,-273.213672,25.903584
-412.288600,-271.969056,26.229497,-397.065922,-274.587228,25.922547
-412.472687,-274.874457,26.244925,-397.281893,-275.693086,25.937969
-412.079199,-278.208720,26.250217,-397.320775,-276.381494,25.947935
-411.106527,-281.493340,26.247143,-397.286329,-276.941456,25.956615
-409.585173,-284.548355,26.247344,-397.140744,-277.462837,25.964931
-407.567659,-287.270589,26.256211,-396.932605,-278.032532,25.974220
-405.147600,-289.529700,26.271497,-396.550109,-278.591364,25.984976
-402.432174,-291.339088,26.289325,-396.019756,-279.139338,25.997930
-399.469504,-292.527057,26.311135,-395.285059,-279.626629,26.012977
-396.613872,-293.215461,26.334404,-394.222294,-279.943590,26.032637
-393.849347,-293.424428,26.363152,-392.944008,-279.945433,26.055665
-391.319431,-293.322100,26.390564,-391.456035,-279.749803,26.078702
-388.970778,-293.081936,26.420228,-389.831915,-279.549555,26.109643
-386.706377,-292.821131,26.454204,-388.141144,-279.329743,26.146935
-384.524356,-292.574118,26.502468,-386.364921,-279.105645,26.190579
-382.436786,-292.322998,26.550107,-384.486860,-278.878745,26.237590
-380.397669,-292.078600,26.598077,-382.555655,-278.639113,26.286086
-378.424880,-291.829710,26.647052,-380.554557,-278.411833,26.335942
-376.487230,-291.606482,26.694950,-378.519855,-278.158753,26.384929
-374.563305,-291.401272,26.742845,-376.469630,-277.918110,26.432970
-372.658016,-291.165075,26.789824,-374.406678,-277.685437,26.479340
-370.764992,-290.928521,26.835153,-372.334945,-277.438855,26.525811
-368.868514,-290.717347,26.878433,-370.265093,-277.177203,26.572443
-366.967494,-290.472718,26.921560,-368.200017,-276.923246,26.619257
-365.028607,-290.243022,26.967740,-366.167128,-276.678734,26.663865
-363.063443,-290.020540,27.015693,-364.155181,-276.470138,26.708007
-361.064404,-289.767529,27.066460,-362.181869,-276.234187,26.752308
-359.020996,-289.538639,27.118691,-360.252873,-276.006298,26.795938
-356.955967,-289.275089,27.169027,-358.353957,-275.763809,26.838951
-354.853516,-289.041326,27.221900,-356.490942,-275.545958,26.881812
-352.711586,-288.781338,27.276544,-354.672353,-275.332344,26.924106
-350.543449,-288.510485,27.333084,-352.877799,-275.122749,26.967029
-348.339802,-288.209200,27.388859,-351.115776,-274.899529,27.007797
-346.137250,-287.687613,27.427159,-349.383450,-274.687856,27.043348
-343.944405,-287.014581,27.443017,-347.659589,-274.496791,27.069230
-341.768922,-286.144131,27.442170,-345.953642,-274.310703,27.083918
-339.567817,-285.110708,27.415456,-344.345898,-274.013619,27.095476
-337.379445,-283.918306,27.378767,-342.864695,-273.514300,27.105220
-335.190115,-282.496132,27.332737,-341.591622,-272.826960,27.105878
-333.047929,-280.767637,27.285742,-340.578961,-272.017121,27.102090
-331.096151,-278.775295,27.248776,-339.699770,-271.143767,27.095149
-329.427154,-276.517356,27.218866,-338.968659,-270.158923,27.084212
-328.179791,-274.246756,27.197444,-338.311433,-268.896450,27.068560
-327.231180,-271.992341,27.172410,-337.729891,-267.450735,27.049932
-326.439306,-269.830854,27.147395,-337.165889,-265.852304,27.026951
-325.703555,-267.853073,27.124507,-336.555840,-264.067466,27.001701
-324.998260,-265.913872,27.099412,-335.943850,-262.231611,26.976053
-324.337752,-264.015180,27.069888,-335.314861,-260.344763,26.949692
-323.681287,-262.128113,27.040545,-334.677826,-258.447505,26.926458
-323.025273,-260.242340,27.011222,-334.033420,-256.551294,26.912443
-322.379072,-258.353544,26.980014,-333.388811,-254.654912,26.906052
-321.736816,-256.463794,26.948068,-332.744096,-252.758219,26.899660
-321.094624,-254.574231,26.916125,-332.099324,-250.861355,26.893268
-320.452514,-252.684910,26.884186,-331.454473,-248.964262,26.886874
-319.815577,-250.794192,26.854608,-330.809518,-247.066862,26.880480
-319.180994,-248.902872,26.826099,-330.164997,-245.169115,26.876284
-318.546487,-247.011779,26.797594,-329.520873,-243.270968,26.874216
-317.912080,-245.120982,26.769094,-328.876643,-241.372509,26.872148
-317.276626,-243.230724,26.745073,-328.232362,-239.473856,26.868208
-316.640572,-241.340910,26.723788,-327.588029,-237.574948,26.859602
-316.004612,-239.451376,26.702506,-326.943587,-235.675720,26.850995
-315.366584,-237.562723,26.683477,-326.299061,-233.776298,26.842112
-314.723054,-235.676197,26.670368,-325.654240,-231.876697,26.829721
-314.077128,-233.790811,26.657430,-325.009306,-229.976765,26.817303
-313.414757,-231.911348,26.644374,-324.364300,-228.076622,26.804884
-312.740453,-230.036326,26.630994,-323.719207,-226.176220,26.792463
-312.039907,-228.170931,26.616735,-323.073551,-224.275629,26.780065
-311.319803,-226.312758,26.603379,-322.424363,-222.376041,26.767857
-310.581432,-224.461468,26.591573,-321.775088,-220.476200,26.755648
-309.825383,-222.616663,26.584428,-321.125806,-218.576338,26.743438
-309.100194,-220.760640,26.568075,-320.476932,-216.676640,26.731193
-308.392985,-218.897698,26.546369,-319.832965,-214.775668,26.718375
-307.685340,-217.033610,26.524649,-319.190742,-212.875342,26.705400
-306.977455,-215.168887,26.502922,-318.548743,-210.975627,26.692714
-306.269276,-213.303390,26.481187,-317.907219,-209.076588,26.684018
-305.560632,-211.436668,26.459437,-317.265984,-207.178805,26.675867
-304.851733,-209.569276,26.437679,-316.624726,-205.281774,26.666990
-304.142530,-207.701081,26.415911,-315.982504,-203.385992,26.654845
-303.432848,-205.831627,26.394130,-315.340374,-201.491608,26.641652
-302.722902,-203.961476,26.372340,-314.698515,-199.597923,26.626873
-302.012640,-202.090491,26.350540,-314.056723,-197.705175,26.611502
-301.301889,-200.218219,26.328725,-313.413291,-195.814517,26.593521
-300.590862,-198.345221,26.306902,-312.769858,-193.924708,26.575225
-299.879504,-196.471350,26.285069,-312.126758,-192.035798,26.555686
-299.167644,-194.596157,26.263220,-311.484186,-190.148238,26.532927
-298.455494,-192.720201,26.241362,-310.841884,-188.261470,26.510178
-297.742992,-190.843316,26.219494,-310.199424,-186.375829,26.489662
-297.029969,-188.965060,26.197609,-309.557012,-184.491737,26.470387
-296.316635,-187.085985,26.175715,-308.914181,-182.608703,26.445509
-295.602918,-185.205899,26.153810,-308.271394,-180.726752,26.422476
-294.888653,-183.324371,26.131887,-307.628893,-178.846255,26.399409
-294.174813,-181.443961,26.109977,-306.986082,-176.964477,26.382140
-293.461825,-179.565796,26.088094,-306.344424,-175.079634,26.362151
-292.768778,-177.740163,26.066823,-305.705054,-173.134991,26.361130
-292.098914,-175.975595,26.046263,-305.067790,-171.120524,26.361538
-291.463522,-174.302088,26.027773,-304.369663,-169.021105,26.363796
-290.873288,-172.790205,26.029799,-303.487316,-166.804167,26.372499
-290.173453,-171.440013,26.046999,-302.367163,-164.583027,26.384278
-289.416405,-170.259217,26.062075,-300.980041,-162.374578,26.400863
-288.581626,-169.244489,26.077520,-299.392129,-160.198296,26.423756
-287.674369,-168.298205,26.094105,-297.630698,-158.157115,26.448574
-286.689267,-167.408834,26.109526,-295.648438,-156.338450,26.473274
-285.592448,-166.603884,26.126971,-293.529653,-154.733644,26.492864
-284.415060,-165.914852,26.147126,-291.264339,-153.354312,26.508727
-283.168494,-165.347590,26.167186,-288.879124,-152.201084,26.528058
-281.822103,-164.925286,26.183077,-286.442249,-151.294050,26.547029
-280.376547,-164.632548,26.199368,-284.010794,-150.599847,26.565196
-278.843315,-164.386734,26.214182,-281.613424,-150.124917,26.580285
-277.128470,-164.154726,26.226236,-279.380568,-149.765695,26.594909
-275.326978,-163.889501,26.240178,-277.232015,-149.441582,26.611765
-273.424322,-163.604564,26.257528,-275.178317,-149.147298,26.629622
-271.414037,-163.348460,26.273136,-273.223800,-148.877302,26.649074
-269.395292,-163.055626,26.292042,-271.284077,-148.597736,26.669015
-267.367711,-162.769988,26.312300,-269.351272,-148.329525,26.689723
-265.357182,-162.500357,26.326282,-267.399329,-148.059955,26.708762
-263.358793,-162.213392,26.338718,-265.441637,-147.761927,26.723759
-261.374477,-161.905134,26.349776,-263.473021,-147.463271,26.732526
-259.395243,-161.626089,26.355904,-261.492283,-147.183329,26.738433
-257.420751,-161.323003,26.362298,-259.513145,-146.883612,26.744448
-255.439131,-161.074280,26.365078,-257.527706,-146.622241,26.747802
-253.461656,-160.795588,26.367449,-255.547437,-146.326561,26.750430
-251.487188,-160.495250,26.369577,-253.563355,-146.058115,26.751944
-249.512081,-160.198435,26.366895,-251.583683,-145.759862,26.751126
-247.531685,-159.937080,26.362442,-249.598379,-145.502325,26.748242
-245.552391,-159.667343,26.361308,-247.616861,-145.219166,26.746890
-243.576000,-159.376439,26.364755,-245.631459,-144.964094,26.746232
-241.600586,-159.077217,26.368514,-243.653194,-144.660428,26.746897
-239.618183,-158.826327,26.363151,-241.671740,-144.379893,26.742142
-237.639312,-158.549790,26.356112,-239.689176,-144.108033,26.735117
-235.664407,-158.243847,26.349833,-237.704871,-143.849928,26.727116
-233.683374,-157.980349,26.342079,-235.725950,-143.554619,26.717005
-231.706878,-157.683957,26.335120,-233.743386,-143.285889,26.705522
-229.725427,-157.421145,26.326495,-231.763947,-142.996510,26.693257
-227.747934,-157.129561,26.312819,-229.781953,-142.725981,26.675671
-225.770463,-156.836956,26.298923,-227.802443,-142.438710,26.657505
-223.788590,-156.574084,26.284239,-225.818695,-142.182923,26.637145
-221.812658,-156.268335,26.270082,-223.839598,-141.894942,26.610552
-219.829830,-156.010630,26.254780,-221.857598,-141.628386,26.582030
-217.853510,-155.705323,26.241400,-219.879918,-141.332648,26.553783
-215.870005,-155.450350,26.232565,-217.898630,-141.063110,26.518551
-213.892651,-155.151093,26.225814,-215.919464,-140.779191,26.483098
-211.910799,-154.883309,26.217924,-213.940812,-140.492052,26.445423
-209.929940,-154.608462,26.204746,-211.960138,-140.219264,26.400703
-207.949153,-154.333107,26.190245,-209.979020,-139.949611,26.355282
-205.971286,-154.037119,26.175627,-207.996084,-139.692781,26.309565
-203.993226,-153.742529,26.156910,-206.016458,-139.412474,26.261210
-202.010265,-153.482679,26.136159,-204.041283,-139.100621,26.212140
-200.030522,-153.200085,26.115637,-202.058392,-138.843363,26.162713
-198.049438,-152.927008,26.094510,-200.079108,-138.560542,26.112331
-196.068579,-152.652360,26.072895,-198.096948,-138.298041,26.061754
-194.093138,-152.339422,26.051406,-196.119013,-138.005604,26.011094
-192.113498,-152.056233,26.029980,-194.141076,-137.713158,25.960928
-190.129290,-151.805369,26.008611,-192.162485,-137.425314,25.911340
-188.149281,-151.524860,25.987239,-190.178187,-137.177778,25.862227
-186.173306,-151.215854,25.965356,-188.200237,-136.885329,25.812993
-184.190228,-150.957086,25.943412,-186.222282,-136.592890,25.764539
-182.211480,-150.667764,25.921142,-184.240069,-136.330508,25.716603
-180.230331,-150.395431,25.898827,-182.258868,-136.060936,25.669015
-178.251531,-150.106530,25.871840,-180.278639,-135.784469,25.625086
-176.270362,-149.834413,25.844280,-178.302990,-135.475605,25.581730
-174.294267,-149.526476,25.815982,-176.319921,-135.219126,25.539628
-172.313167,-149.253921,25.787947,-174.343787,-134.913643,25.498463
-170.332062,-148.981446,25.759130,-172.361178,-134.653839,25.465507
-168.354350,-148.685039,25.729774,-170.386864,-134.335444,25.431068
-166.369706,-148.437599,25.701447,-168.405334,-134.067964,25.398013
-164.391639,-148.143778,25.676242,-166.422744,-133.807923,25.372610
-162.413509,-147.850424,25.653242,-164.442730,-133.529674,25.352309
-160.434937,-147.560218,25.630327,-162.463717,-133.244329,25.331840
-158.453609,-147.289514,25.608246,-160.485707,-132.951861,25.311347
-156.470452,-147.031726,25.592538,-158.507693,-132.659401,25.291947
-154.490473,-146.751550,25.576821,-156.529626,-132.367291,25.272847
-152.514489,-146.443241,25.560336,-154.544632,-132.123997,25.254895
-150.532133,-146.179898,25.546004,-152.566603,-131.831542,25.237773
-148.554800,-145.881158,25.533005,-150.588572,-131.539084,25.225188
-146.574645,-145.602368,25.520560,-148.610533,-131.246630,25.212823
-144.590499,-145.351741,25.508805,-146.629543,-130.974966,25.200980
-142.613116,-145.053457,25.500539,-144.647428,-130.711211,25.194468
-140.635469,-144.757084,25.495028,-142.669376,-130.418753,25.190647
-138.654702,-144.482730,25.490079,-140.691311,-130.126364,25.186828
-136.675836,-144.195002,25.484808,-138.708683,-129.866120,25.183730
-134.694399,-143.925446,25.480028,-136.729410,-129.582169,25.182062
-132.714559,-143.644651,25.474987,-134.749185,-129.304915,25.180729
-130.734633,-143.364495,25.469966,-132.770057,-129.019896,25.179223
-128.756537,-143.071485,25.465028,-130.790560,-128.737436,25.177817
-126.773881,-142.810637,25.466038,-128.811758,-128.450051,25.177248
-124.794594,-142.526073,25.466963,-126.831408,-128.173544,25.176947
-122.817778,-142.224147,25.467501,-124.856425,-127.859180,25.175898
-120.835832,-141.958386,25.468847,-122.874010,-127.597157,25.175885
-118.857422,-141.667749,25.469523,-120.891507,-127.335720,25.175816
-116.877275,-141.389386,25.470422,-118.915851,-127.026000,25.174800
-114.894599,-141.128877,25.471718,-116.936805,-126.740140,25.174228
-112.916832,-140.833794,25.472242,-114.957085,-126.458999,25.173738
-110.935031,-140.567191,25.472014,-112.974790,-126.195959,25.173402
-108.953797,-140.296620,25.468564,-110.996509,-125.904607,25.171966
-106.975688,-140.004048,25.464094,-109.018061,-125.614406,25.170489
-104.997559,-139.711671,25.459632,-107.036035,-125.349368,25.169480
-103.019419,-139.419392,25.455243,-105.054836,-125.078480,25.168377
-101.040850,-139.130162,25.454379,-103.074426,-124.802005,25.168406
-99.056107,-138.884486,25.456965,-101.098486,-124.493985,25.168805
-97.077957,-138.592371,25.458572,-99.114289,-124.244122,25.170351
-95.099815,-138.300232,25.460165,-97.137777,-123.940083,25.170830
-93.120142,-138.018928,25.461709,-95.158377,-123.656352,25.171567
-91.136519,-137.765482,25.461714,-93.178703,-123.374517,25.171359
-89.158388,-137.473361,25.460732,-91.196781,-123.108509,25.171302
-87.180262,-137.181253,25.459748,-89.217603,-122.823104,25.170861
-85.202144,-136.889112,25.458756,-87.237004,-122.547695,25.170624
-83.224025,-136.597006,25.457450,-85.259515,-122.250339,25.169388
-81.238929,-136.354119,25.456762,-83.276435,-121.992340,25.168165
-79.260782,-136.062278,25.455067,-81.299528,-121.690808,25.166043
-77.282678,-135.770162,25.453372,-79.319398,-121.411970,25.164394
-75.304580,-135.478048,25.451894,-77.338219,-121.140479,25.162893
-73.319529,-135.234982,25.453071,-75.362170,-120.832790,25.161550
-71.341371,-134.943336,25.453664,-73.376965,-120.589640,25.161659
-69.363288,-134.651215,25.454241,-71.398019,-120.302301,25.160907
-67.385207,-134.359102,25.454815,-69.419983,-120.008525,25.160022
-65.407129,-134.066986,25.455390,-67.438270,-119.740654,25.159949
-63.422065,-133.824197,25.457016,-65.460511,-119.444848,25.160116
-61.443926,-133.532590,25.457629,-63.479291,-119.173427,25.160807
-59.464642,-133.249080,25.458392,-61.503292,-118.865146,25.160745
-57.485497,-132.964639,25.459148,-59.521533,-118.597458,25.161516
-55.505010,-132.689696,25.460236,-57.542619,-118.309669,25.163096
-53.524608,-132.414173,25.461353,-55.558673,-118.057371,25.165995
-51.543094,-132.146553,25.462611,-53.578542,-117.778098,25.168370
-49.566726,-131.842634,25.463141,-51.601206,-117.479073,25.170344
-47.587634,-131.557960,25.464357,-49.617010,-117.228448,25.173188
-45.607507,-131.280645,25.466536,-47.638063,-116.940722,25.174883
-43.624481,-131.023833,25.469193,-45.660443,-116.643593,25.176358
-41.647447,-130.724730,25.470942,-43.680108,-116.365608,25.178225
-39.668135,-130.441759,25.472510,-41.699545,-116.089190,25.179644
-37.685182,-130.184543,25.473286,-39.717732,-115.821581,25.179067
-35.708428,-129.883539,25.473129,-37.739612,-115.527850,25.177964
-33.724573,-129.632149,25.473149,-35.761364,-115.235607,25.176996
-31.746367,-129.341804,25.470432,-33.776395,-114.989896,25.177265
-29.764551,-129.077968,25.468226,-31.798275,-114.694784,25.176535
